DATE,nonfinloanus,constructloanus,nonfinloanjp,realgdpjp,realgdpus,xjpus,m2us,m2jp
1970-01-01,918.764,68.9435,80629.4,,4707.112,,5.896e+11,5.896e+11
1970-02-01,,69.2433,,,,,5.863e+11,5.863e+11
1970-03-01,,69.4233,,,,,5.873e+11,5.873e+11
1970-04-01,942.369,69.5445,83553.4,,4715.441,,5.884e+11,5.884e+11
1970-05-01,,69.5922,,,,,5.915e+11,5.915e+11
1970-06-01,,69.472,,,,,5.952e+11,5.952e+11
1970-07-01,959.238,69.6762,87520.3,,4757.213,,5.991e+11,5.991e+11
1970-08-01,,69.8874,,,,,6.049e+11,6.049e+11
1970-09-01,,70.1578,,,,,6.112e+11,6.112e+11
1970-10-01,979.104,70.4831,92647.4,,4708.281,,6.164e+11,6.164e+11
1970-11-01,,70.7558,,,,,6.211e+11,6.211e+11
1970-12-01,,71.3438,,,,,6.265e+11,6.265e+11
1971-01-01,992.14,71.7341,96243.0,,4834.349,358.02,6.33e+11,6.33e+11
1971-02-01,,72.1652,,,,357.545,6.41e+11,6.41e+11
1971-03-01,,72.8177,,,,357.5187,6.499e+11,6.499e+11
1971-04-01,1022.64,73.5507,100639.6,,4861.938,357.5032,6.584e+11,6.584e+11
1971-05-01,,74.296,,,,357.413,6.667e+11,6.667e+11
1971-06-01,,75.0391,,,,357.4118,6.73e+11,6.73e+11
1971-07-01,1046.927,76.2853,106153.3,,4899.95,357.4043,6.796e+11,6.796e+11
1971-08-01,,77.0427,,,,355.78,6.855e+11,6.855e+11
1971-09-01,,77.9896,,,,338.021,6.925e+11,6.925e+11
1971-10-01,1074.708,78.9773,113203.0,,4914.261,331.1105,6.984e+11,6.984e+11
1971-11-01,,79.8791,,,,328.752,7.046e+11,7.046e+11
1971-12-01,,79.9843,,,,320.0727,7.103e+11,7.103e+11
1972-01-01,1095.525,81.2625,117218.5,,5002.436,312.72,7.177e+11,7.177e+11
1972-02-01,,83.0947,,,,305.187,7.257e+11,7.257e+11
1972-03-01,,84.4289,,,,302.5365,7.335e+11,7.335e+11
1972-04-01,1135.65,85.836,121381.3,,5118.278,303.5605,7.384e+11,7.384e+11
1972-05-01,,87.1949,,,,304.3795,7.434e+11,7.434e+11
1972-06-01,,88.2498,,,,302.4145,7.497e+11,7.497e+11
1972-07-01,1163.951,89.7955,128587.6,,5165.448,301.0305,7.595e+11,7.595e+11
1972-08-01,,91.426,,,,301.1609,7.687e+11,7.687e+11
1972-09-01,,92.8494,,,,301.119,7.783e+11,7.783e+11
1972-10-01,1205.632,94.2773,138178.8,,5251.226,301.011,7.869e+11,7.869e+11
1972-11-01,,95.8342,,,,300.9885,7.939e+11,7.939e+11
1972-12-01,,96.8695,,,,301.2405,8.023e+11,8.023e+11
1973-01-01,1240.613,98.7011,144415.7,,5380.502,301.7882,8.103e+11,8.103e+11
1973-02-01,,100.4561,,,,278.4206,8.141e+11,8.141e+11
1973-03-01,,102.4606,,,,261.9014,8.153e+11,8.153e+11
1973-04-01,1288.128,104.3032,150344.0,,5441.504,265.4914,8.197e+11,8.197e+11
1973-05-01,,105.8163,,,,264.6505,8.268e+11,8.268e+11
1973-06-01,,107.5113,,,,264.4981,8.333e+11,8.333e+11
1973-07-01,1328.508,109.2387,157655.4,,5411.935,264.5538,8.365e+11,8.365e+11
1973-08-01,,110.9024,,,,265.22,8.388e+11,8.388e+11
1973-09-01,,112.4848,,,,265.4747,8.393e+11,8.393e+11
1973-10-01,1364.255,113.9684,166235.4,,5462.397,266.3348,8.426e+11,8.426e+11
1973-11-01,,115.5313,,,,278.2625,8.489e+11,8.489e+11
1973-12-01,,117.002,,,,280.1775,8.555e+11,8.555e+11
1974-01-01,1389.477,117.9292,170946.0,,5417.024,298.1336,8.597e+11,8.597e+11
1974-02-01,,119.4011,,,,291.0872,8.642e+11,8.642e+11
1974-03-01,,120.9877,,,,282.1648,8.701e+11,8.701e+11
1974-04-01,1440.686,122.7659,175899.6,,5431.265,277.7741,8.729e+11,8.729e+11
1974-05-01,,124.1513,,,,278.9664,8.746e+11,8.746e+11
1974-06-01,,125.292,,,,282.97,8.778e+11,8.778e+11
1974-07-01,1477.918,126.5844,181591.9,,5378.679,290.98,8.814e+11,8.814e+11
1974-08-01,,127.3706,,,,302.2836,8.841e+11,8.841e+11
1974-09-01,,127.9814,,,,299.084,8.879e+11,8.879e+11
1974-10-01,1510.987,128.6274,189574.7,,5357.166,299.3645,8.933e+11,8.933e+11
1974-11-01,,129.2202,,,,300.075,8.986e+11,8.986e+11
1974-12-01,,129.7876,,,,300.4114,9.021e+11,9.021e+11
1975-01-01,1519.198,130.0257,194504.8,,5292.444,299.6845,9.063e+11,9.063e+11
1975-02-01,,130.6318,,,,291.6583,9.141e+11,9.141e+11
1975-03-01,,131.1786,,,,287.9486,9.25e+11,9.25e+11
1975-04-01,1545.681,131.6391,199854.7,,5333.22,292.1968,9.351e+11,9.351e+11
1975-05-01,,131.7233,,,,291.4305,9.479e+11,9.479e+11
1975-06-01,,131.8532,,,,293.4662,9.63e+11,9.63e+11
1975-07-01,1571.534,131.83,207106.7,,5421.357,296.3741,9.751e+11,9.751e+11
1975-08-01,,131.9313,,,,297.9762,9.831e+11,9.831e+11
1975-09-01,,132.1325,,,,299.909,9.915e+11,9.915e+11
1975-10-01,1605.743,132.863,216891.9,,5494.446,302.3364,9.978e+11,9.978e+11
1975-11-01,,133.3819,,,,302.5453,1.0069e+12,1.0069e+12
1975-12-01,,134.0939,,,,305.67,1.0162e+12,1.0162e+12
1976-01-01,1626.26,135.0484,222726.7,,5618.52,304.6357,1.0266e+12,1.0266e+12
1976-02-01,,136.2984,,,,301.5944,1.0403e+12,1.0403e+12
1976-03-01,,137.9788,,,,300.5183,1.05e+12,1.05e+12
1976-04-01,1673.959,139.8826,228283.1,,5660.972,299.1086,1.0608e+12,1.0608e+12
1976-05-01,,140.9549,,,,299.004,1.0721e+12,1.0721e+12
1976-06-01,,141.6213,,,,299.1909,1.0776e+12,1.0776e+12
1976-07-01,1714.503,142.5971,236026.4,,5689.756,294.641,1.0863e+12,1.0863e+12
1976-08-01,,143.755,,,,290.6259,1.0987e+12,1.0987e+12
1976-09-01,,144.7779,,,,287.361,1.1108e+12,1.1108e+12
1976-10-01,1765.357,146.071,245535.8,,5732.462,291.189,1.125e+12,1.125e+12
1976-11-01,,147.2806,,,,295.1653,1.1382e+12,1.1382e+12
1976-12-01,,148.5136,,,,294.7017,1.152e+12,1.152e+12
1977-01-01,1808.633,149.6394,250517.9,,5799.16,291.0524,1.1652e+12,1.1652e+12
1977-02-01,,151.6731,,,,285.0221,1.1776e+12,1.1776e+12
1977-03-01,,153.6788,,,,280.2265,1.1885e+12,1.1885e+12
1977-04-01,1879.097,156.0952,254608.2,,5912.977,275.2071,1.1996e+12,1.1996e+12
1977-05-01,,158.592,,,,277.4262,1.209e+12,1.209e+12
1977-06-01,,160.6562,,,,272.8609,1.2178e+12,1.2178e+12
1977-07-01,1940.832,162.9974,261720.2,,6017.586,264.8632,1.2267e+12,1.2267e+12
1977-08-01,,165.634,,,,266.6774,1.237e+12,1.237e+12
1977-09-01,,167.5557,,,,266.77,1.2462e+12,1.2462e+12
1977-10-01,2014.056,170.2452,270788.5,,6018.218,254.7445,1.254e+12,1.254e+12
1977-11-01,,172.8184,,,,244.7026,1.2624e+12,1.2624e+12
1977-12-01,,175.0673,,,,241.0229,1.2703e+12,1.2703e+12
1978-01-01,2066.465,177.7143,274734.6,,6039.158,241.081,1.2797e+12,1.2797e+12
1978-02-01,,180.32,,,,240.3722,1.2855e+12,1.2855e+12
1978-03-01,,183.0011,,,,231.8574,1.2922e+12,1.2922e+12
1978-04-01,2156.921,185.8235,278102.8,,6273.963,221.857,1.3004e+12,1.3004e+12
1978-05-01,,188.9707,,,,226.1786,1.3105e+12,1.3105e+12
1978-06-01,,192.106,,,,214.1064,1.3185e+12,1.3185e+12
1978-07-01,2231.729,195.0134,285349.1,,6335.317,199.6955,1.3241e+12,1.3241e+12
1978-08-01,,198.3252,,,,188.7096,1.3335e+12,1.3335e+12
1978-09-01,,201.099,,,,189.9195,1.345e+12,1.345e+12
1978-10-01,2309.006,204.5151,296179.4,,6420.288,183.631,1.3523e+12,1.3523e+12
1978-11-01,,207.5855,,,,192.1425,1.3591e+12,1.3591e+12
1978-12-01,,210.462,,,,195.955,1.366e+12,1.366e+12
1979-01-01,2370.871,211.9456,299336.3,,6433.044,197.755,1.3716e+12,1.3716e+12
1979-02-01,,213.6288,,,,200.5072,1.3778e+12,1.3778e+12
1979-03-01,,215.6358,,,,206.3236,1.3878e+12,1.3878e+12
1979-04-01,2468.149,218.0995,304534.2,,6440.832,216.2852,1.4021e+12,1.4021e+12
1979-05-01,,220.5903,,,,218.4141,1.4102e+12,1.4102e+12
1979-06-01,,223.9688,,,,218.5967,1.423e+12,1.423e+12
1979-07-01,2557.233,228.0921,314257.0,,6487.08,216.51,1.4348e+12,1.4348e+12
1979-08-01,,230.9436,,,,217.9257,1.4466e+12,1.4466e+12
1979-09-01,,233.9281,,,,222.4137,1.4541e+12,1.4541e+12
1979-10-01,2634.053,236.8872,326490.7,,6503.874,230.4845,1.4604e+12,1.4604e+12
1979-11-01,,239.268,,,,244.9842,1.4659e+12,1.4659e+12
1979-12-01,,241.6747,,,,240.3745,1.4737e+12,1.4737e+12
1980-01-01,2702.887,244.1149,333521.0,,6524.912,237.8886,1.4827e+12,1.4827e+12
1980-02-01,,247.048,,,,244.35,1.4946e+12,1.4946e+12
1980-03-01,,248.9923,,,,248.4786,1.4998e+12,1.4998e+12
1980-04-01,2743.985,250.6829,339200.7,,6392.578,250.275,1.5022e+12,1.5022e+12
1980-05-01,,251.3254,,,,228.6286,1.5123e+12,1.5123e+12
1980-06-01,,252.0475,,,,217.9176,1.5292e+12,1.5292e+12
1980-07-01,2806.035,253.6243,346833.5,,6382.892,221.1364,1.5455e+12,1.5455e+12
1980-08-01,,255.0428,,,,223.9138,1.5615e+12,1.5615e+12
1980-09-01,,256.2875,,,,214.4167,1.574e+12,1.574e+12
1980-10-01,2888.5,258.4035,358230.0,,6501.184,209.3227,1.5848e+12,1.5848e+12
1980-11-01,,260.6068,,,,213.1059,1.5958e+12,1.5958e+12
1980-12-01,,262.2834,,,,209.4886,1.5998e+12,1.5998e+12
1981-01-01,2935.341,263.7707,364573.2,,6635.726,202.3667,1.6069e+12,1.6069e+12
1981-02-01,,265.1531,,,,205.7167,1.6187e+12,1.6187e+12
1981-03-01,,266.8392,,,,208.7918,1.6366e+12,1.6366e+12
1981-04-01,3030.157,268.6235,369443.4,,6587.269,214.9759,1.6592e+12,1.6592e+12
1981-05-01,,271.2572,,,,220.6285,1.6642e+12,1.6642e+12
1981-06-01,,273.4038,,,,224.1805,1.6703e+12,1.6703e+12
1981-07-01,3110.547,274.7618,380023.1,,6662.858,232.3261,1.6819e+12,1.6819e+12
1981-08-01,,277.0577,,,,233.3262,1.6943e+12,1.6943e+12
1981-09-01,,278.7288,,,,229.481,1.706e+12,1.706e+12
1981-10-01,3179.651,280.1515,393715.5,,6585.127,231.519,1.7218e+12,1.7218e+12
1981-11-01,,281.6173,,,,223.1267,1.7361e+12,1.7361e+12
1981-12-01,,283.5867,,,,218.9545,1.7555e+12,1.7555e+12
1982-01-01,3226.09,285.4002,400484.0,,6474.973,224.805,1.7704e+12,1.7704e+12
1982-02-01,,287.5623,,,,235.3056,1.7745e+12,1.7745e+12
1982-03-01,,290.207,,,,241.2283,1.7865e+12,1.7865e+12
1982-04-01,3299.186,291.8256,405085.7,,6510.247,244.1068,1.8039e+12,1.8039e+12
1982-05-01,,293.82,,,,236.9635,1.8154e+12,1.8154e+12
1982-06-01,,295.6466,,,,251.1977,1.826e+12,1.826e+12
1982-07-01,3346.576,295.9582,416775.9,,6486.8,255.031,1.8337e+12,1.8337e+12
1982-08-01,,297.0876,,,,259.0455,1.8485e+12,1.8485e+12
1982-09-01,,297.9524,,,,263.2857,1.8624e+12,1.8624e+12
1982-10-01,3400.835,298.668,430467.0,,6493.128,271.615,1.8737e+12,1.8737e+12
1982-11-01,,299.2424,,,,264.0879,1.8873e+12,1.8873e+12
1982-12-01,,299.653,,,,241.9413,1.9093e+12,1.9093e+12
1983-01-01,3441.223,302.0905,440549.1,,6578.175,232.731,1.9624e+12,1.9624e+12
1983-02-01,,303.1623,,,,236.1211,1.9996e+12,1.9996e+12
1983-03-01,,304.3282,,,,238.2543,2.0178e+12,2.0178e+12
1983-04-01,3531.661,306.2567,444894.3,,6728.287,237.7467,2.0311e+12,2.0311e+12
1983-05-01,,308.3139,,,,234.7557,2.0455e+12,2.0455e+12
1983-06-01,,310.8249,,,,240.0314,2.0558e+12,2.0558e+12
1983-07-01,3629.948,314.1926,455982.5,,6860.022,240.516,2.0671e+12,2.0671e+12
1983-08-01,,317.2201,,,,244.4613,2.0762e+12,2.0762e+12
1983-09-01,,320.6919,,,,242.3462,2.0853e+12,2.0853e+12
1983-10-01,3750.236,324.0551,469912.7,,7001.489,232.8855,2.1015e+12,2.1015e+12
1983-11-01,,327.3763,,,,235.03,2.1146e+12,2.1146e+12
1983-12-01,,330.3526,,,,234.4624,2.1257e+12,2.1257e+12
1984-01-01,3854.611,333.7075,478304.8,,7140.597,233.8,2.1404e+12,2.1404e+12
1984-02-01,,337.6043,,,,233.5963,2.1605e+12,2.1605e+12
1984-03-01,,342.0163,,,,225.2664,2.1775e+12,2.1775e+12
1984-04-01,4011.096,346.1789,482054.3,,7266.01,225.2,2.1939e+12,2.1939e+12
1984-05-01,,349.7492,,,,230.4777,2.2064e+12,2.2064e+12
1984-06-01,,353.7386,,,,233.5657,2.2174e+12,2.2174e+12
1984-07-01,4132.872,357.1593,497784.8,,7337.493,243.0676,2.2258e+12,2.2258e+12
1984-08-01,,360.6726,,,,242.2609,2.2325e+12,2.2325e+12
1984-09-01,,364.7314,,,,245.4568,2.2465e+12,2.2465e+12
1984-10-01,4292.249,367.6312,509477.5,,7396.019,246.7545,2.2611e+12,2.2611e+12
1984-11-01,,372.3966,,,,243.6305,2.2836e+12,2.2836e+12
1984-12-01,,376.2431,,,,247.964,2.3088e+12,2.3088e+12
1985-01-01,4419.126,379.0098,520629.2,,7469.545,254.1829,2.3349e+12,2.3349e+12
1985-02-01,,383.1147,,,,260.4778,2.3564e+12,2.3564e+12
1985-03-01,,387.1412,,,,257.9205,2.3685e+12,2.3685e+12
1985-04-01,4564.642,390.5686,523722.4,,7537.928,251.8455,2.3778e+12,2.3778e+12
1985-05-01,,394.4292,,,,251.7295,2.3921e+12,2.3921e+12
1985-06-01,,397.6212,,,,248.84,2.4152e+12,2.4152e+12
1985-07-01,4699.208,401.105,536082.3,,7655.196,241.1364,2.432e+12,2.432e+12
1985-08-01,,405.2282,,,,237.4609,2.4465e+12,2.4465e+12
1985-09-01,,409.7761,,,,236.5275,2.4588e+12,2.4588e+12
1985-10-01,4894.652,414.3636,551429.0,,7712.624,214.6805,2.4706e+12,2.4706e+12
1985-11-01,,418.64,,,,204.0737,2.4802e+12,2.4802e+12
1985-12-01,,422.8814,,,,202.7881,2.4946e+12,2.4946e+12
1986-01-01,4980.713,427.4225,560915.9,,7784.109,199.8905,2.5048e+12,2.5048e+12
1986-02-01,,432.0818,,,,184.8516,2.5153e+12,2.5153e+12
1986-03-01,,437.0615,,,,178.6938,2.5356e+12,2.5356e+12
1986-04-01,5128.267,441.9357,566338.4,,7819.843,175.0918,2.5603e+12,2.5603e+12
1986-05-01,,446.733,,,,167.0314,2.5878e+12,2.5878e+12
1986-06-01,,451.2371,,,,167.5419,2.608e+12,2.608e+12
1986-07-01,5274.804,457.1154,582437.7,,7898.555,158.6059,2.6298e+12,2.6298e+12
1986-08-01,,463.3301,,,,154.1771,2.6497e+12,2.6497e+12
1986-09-01,,469.3373,,,,154.7314,2.6712e+12,2.6712e+12
1986-10-01,5452.888,473.9135,601199.1,,7939.45,156.4723,2.6911e+12,2.6911e+12
1986-11-01,,479.2478,,,,162.8494,2.7049e+12,2.7049e+12
1986-12-01,,490.7508,,,,162.0523,2.7316e+12,2.7316e+12
1987-01-01,5518.737,502.8867,612425.9,,7994.965,154.8295,2.7473e+12,2.7473e+12
1987-02-01,,508.4478,,,,153.4068,2.7511e+12,2.7511e+12
1987-03-01,,516.5573,,,,151.4332,2.757e+12,2.757e+12
1987-04-01,5670.479,524.8605,640027.9,,8084.71,142.8986,2.7713e+12,2.7713e+12
1987-05-01,,532.1782,,,,140.479,2.7766e+12,2.7766e+12
1987-06-01,,541.703,,,,144.5495,2.7782e+12,2.7782e+12
1987-07-01,5798.518,549.4384,662025.2,,8158.035,150.2939,2.7827e+12,2.7827e+12
1987-08-01,,556.2806,,,,147.3343,2.7918e+12,2.7918e+12
1987-09-01,,563.1944,,,,143.291,2.8032e+12,2.8032e+12
1987-10-01,5903.883,570.7356,685186.2,,8292.687,143.32,2.8188e+12,2.8188e+12
1987-11-01,,577.6655,,,,135.3974,2.8235e+12,2.8235e+12
1987-12-01,,585.6639,,,,128.2418,2.831e+12,2.831e+12
1988-01-01,6018.669,591.5777,697106.7,,8339.324,127.6853,2.852e+12,2.852e+12
1988-02-01,,595.8663,,,,129.1665,2.875e+12,2.875e+12
1988-03-01,,601.4221,,,,127.1139,2.8952e+12,2.8952e+12
1988-04-01,6188.741,608.9148,711076.7,,8449.51,124.8976,2.9153e+12,2.9153e+12
1988-05-01,,616.208,,,,124.7871,2.9307e+12,2.9307e+12
1988-06-01,,622.7552,,,,127.4655,2.9428e+12,2.9428e+12
1988-07-01,6323.015,629.8804,734802.3,,8498.282,133.0215,2.9526e+12,2.9526e+12
1988-08-01,,637.3202,,,,133.7661,2.9577e+12,2.9577e+12
1988-09-01,,644.253,,,,134.3176,2.9626e+12,2.9626e+12
1988-10-01,6483.071,651.404,761096.9,,8610.85,128.6805,2.971e+12,2.971e+12
1988-11-01,,656.8783,,,,123.202,2.9859e+12,2.9859e+12
1988-12-01,,663.016,,,,123.6076,2.9939e+12,2.9939e+12
1989-01-01,6586.953,676.45,778764.5,,8697.711,127.3625,2.9972e+12,2.9972e+12
1989-02-01,,682.9834,,,,127.7374,2.9976e+12,2.9976e+12
1989-03-01,,688.8845,,,,130.5504,3.0052e+12,3.0052e+12
1989-04-01,6745.132,698.1901,796881.9,,8766.105,132.0365,3.0114e+12,3.0114e+12
1989-05-01,,704.2696,,,,137.8636,3.0171e+12,3.0171e+12
1989-06-01,,711.8761,,,,143.9809,3.0334e+12,3.0334e+12
1989-07-01,6852.414,720.4837,828398.0,,8831.544,140.424,3.0581e+12,3.0581e+12
1989-08-01,,730.5069,,,,141.4852,3.0801e+12,3.0801e+12
1989-09-01,,739.192,,,,145.07,3.0985e+12,3.0985e+12
1989-10-01,6988.916,745.1687,861944.9,,8850.23,142.2067,3.1203e+12,3.1203e+12
1989-11-01,,752.6937,,,,143.5343,3.1392e+12,3.1392e+12
1989-12-01,,759.8615,,,,143.685,3.1584e+12,3.1584e+12
1990-01-01,7106.245,765.8142,894815.7,,8947.129,144.9819,3.1723e+12,3.1723e+12
1990-02-01,,774.6935,,,,145.6932,3.1847e+12,3.1847e+12
1990-03-01,,781.6291,,,,153.3082,3.1956e+12,3.1956e+12
1990-04-01,7217.567,788.7088,906614.2,,8981.727,158.4586,3.2071e+12,3.2071e+12
1990-05-01,,797.8321,,,,154.0441,3.2058e+12,3.2058e+12
1990-06-01,,805.6254,,,,153.6957,3.2187e+12,3.2187e+12
1990-07-01,7307.892,814.302,934206.9,,8983.945,149.0395,3.2291e+12,3.2291e+12
1990-08-01,,819.2669,,,,147.4609,3.2465e+12,3.2465e+12
1990-09-01,,823.2769,,,,138.4405,3.2591e+12,3.2591e+12
1990-10-01,7378.233,829.0939,957306.6,,8907.363,129.5909,3.2638e+12,3.2638e+12
1990-11-01,,834.3146,,,,129.2155,3.2671e+12,3.2671e+12
1990-12-01,,841.66,,,,133.889,3.2762e+12,3.2762e+12
1991-01-01,7373.737,846.587,967276.7,,8865.564,133.6986,3.2921e+12,3.2921e+12
1991-02-01,,851.7679,,,,130.5358,3.3089e+12,3.3089e+12
1991-03-01,,857.3216,,,,137.3867,3.3263e+12,3.3263e+12
1991-04-01,7449.022,860.6063,978605.0,,8934.366,137.1127,3.337e+12,3.337e+12
1991-05-01,,862.4234,,,,138.2218,3.3477e+12,3.3477e+12
1991-06-01,,865.8952,,,,139.7475,3.3566e+12,3.3566e+12
1991-07-01,7460.682,864.5163,991645.6,,8977.252,137.83,3.3602e+12,3.3602e+12
1991-08-01,,863.745,,,,136.8164,3.359e+12,3.359e+12
1991-09-01,,864.3769,,,,134.2995,3.3589e+12,3.3589e+12
1991-10-01,7494.519,865.7562,1013277.7,,9016.444,130.7723,3.3641e+12,3.3641e+12
1991-11-01,,867.1134,,,,129.6321,3.3696e+12,3.3696e+12
1991-12-01,,868.1059,,,,128.0395,3.3763e+12,3.3763e+12
1992-01-01,7520.588,870.9968,1015794.4,,9122.95,125.4614,3.3849e+12,3.3849e+12
1992-02-01,,873.3806,,,,127.6989,3.4039e+12,3.4039e+12
1992-03-01,,874.6543,,,,132.8627,3.4077e+12,3.4077e+12
1992-04-01,7567.18,881.1469,1023105.3,,9223.545,133.5395,3.4034e+12,3.4034e+12
1992-05-01,,881.7482,,,,130.771,3.4023e+12,3.4023e+12
1992-06-01,,879.4075,,,,126.8355,3.3972e+12,3.3972e+12
1992-07-01,7618.349,878.6296,1033699.7,,9313.208,125.8817,3.3974e+12,3.3974e+12
1992-08-01,,880.2331,,,,126.231,3.4023e+12,3.4023e+12
1992-09-01,,882.9474,,,,122.5967,3.414e+12,3.414e+12
1992-10-01,7689.153,885.7759,1051575.6,,9406.528,121.1652,3.4275e+12,3.4275e+12
1992-11-01,,887.0608,,,,123.88,3.4301e+12,3.4301e+12
1992-12-01,,887.7973,,,,124.0409,3.4287e+12,3.4287e+12
1993-01-01,7727.994,886.1141,1055118.8,,9424.065,124.9932,3.4231e+12,3.4231e+12
1993-02-01,,886.9016,,,,120.7595,3.419e+12,3.419e+12
1993-03-01,,889.8113,,,,117.0174,3.4163e+12,3.4163e+12
1993-04-01,7838.415,892.7086,1057038.5,,9480.106,112.4114,3.4156e+12,3.4156e+12
1993-05-01,,898.1516,,,,110.343,3.4409e+12,3.4409e+12
1993-06-01,,902.3564,,,,107.4118,3.4469e+12,3.4469e+12
1993-07-01,7953.353,904.4394,1065108.1,,9526.337,107.6914,3.4463e+12,3.4463e+12
1993-08-01,,907.2981,,,,103.765,3.4501e+12,3.4501e+12
1993-09-01,,910.6951,,,,105.5748,3.4567e+12,3.4567e+12
1993-10-01,8079.098,914.8564,1077346.2,,9653.509,107.02,3.4611e+12,3.4611e+12
1993-11-01,,919.2161,,,,107.8765,3.4746e+12,3.4746e+12
1993-12-01,,928.6299,,,,109.913,3.4791e+12,3.4791e+12
1994-01-01,8184.074,929.5233,1073805.6,424964.1,9748.156,111.4415,3.4796e+12,3.4796e+12
1994-02-01,,929.5358,,,,106.3011,3.4806e+12,3.4806e+12
1994-03-01,,931.8441,,,,105.0974,3.4859e+12,3.4859e+12
1994-04-01,8317.437,935.522,1070244.9,422759.2,9881.384,103.4843,3.4891e+12,3.4891e+12
1994-05-01,,939.7836,,,,103.7533,3.4986e+12,3.4986e+12
1994-06-01,,944.6788,,,,102.5264,3.4872e+12,3.4872e+12
1994-07-01,8444.121,951.4079,1083003.8,428142.9,9939.655,98.445,3.4958e+12,3.4958e+12
1994-08-01,,957.4842,,,,99.9404,3.4929e+12,3.4929e+12
1994-09-01,,965.1201,,,,98.7743,3.493e+12,3.493e+12
1994-10-01,8613.073,971.2659,1094437.9,426117.8,10052.518,98.353,3.4914e+12,3.4914e+12
1994-11-01,,977.8024,,,,98.044,3.4945e+12,3.4945e+12
1994-12-01,,987.8279,,,,100.1824,3.4934e+12,3.4934e+12
1995-01-01,8720.57,996.8236,1092392.5,430450.6,10086.878,99.766,3.4988e+12,3.4988e+12
1995-02-01,,1006.1535,,,,98.2368,3.4961e+12,3.4961e+12
1995-03-01,,1013.5562,,,,90.5196,3.4973e+12,3.4973e+12
1995-04-01,8892.523,1019.8525,1086950.1,435777.7,10122.122,83.6895,3.5054e+12,3.5054e+12
1995-05-01,,1027.7928,,,,85.1127,3.5304e+12,3.5304e+12
1995-06-01,,1035.1299,,,,84.6355,3.5559e+12,3.5559e+12
1995-07-01,9036.203,1044.4467,1095877.8,440633.3,10208.772,87.397,3.5745e+12,3.5745e+12
1995-08-01,,1049.2313,,,,94.7383,3.5964e+12,3.5964e+12
1995-09-01,,1054.8413,,,,100.5455,3.6094e+12,3.6094e+12
1995-10-01,9188.85,1057.2345,1108342.9,441629.2,10281.246,100.839,3.6204e+12,3.6204e+12
1995-11-01,,1060.8377,,,,101.94,3.6275e+12,3.6275e+12
1995-12-01,,1062.0657,,,,101.8495,3.6371e+12,3.6371e+12
1996-01-01,9308.792,1068.2936,1106686.8,445844.0,10348.691,105.7514,3.6553e+12,3.6553e+12
1996-02-01,,1071.5139,,,,105.788,3.6692e+12,3.6692e+12
1996-03-01,,1077.4233,,,,105.94,3.6952e+12,3.6952e+12
1996-04-01,9485.553,1079.3261,1105067.3,450876.7,10529.379,107.1995,3.706e+12,3.706e+12
1996-05-01,,1081.662,,,,106.3423,3.7169e+12,3.7169e+12
1996-06-01,,1084.7942,,,,108.96,3.7304e+12,3.7304e+12
1996-07-01,9627.592,1080.6392,1104866.4,450737.5,10626.778,109.1909,3.7452e+12,3.7452e+12
1996-08-01,,1089.1293,,,,107.8659,3.7522e+12,3.7522e+12
1996-09-01,,1096.3506,,,,109.931,3.7608e+12,3.7608e+12
1996-10-01,9762.068,1104.9327,1116831.8,455899.3,10739.057,112.4123,3.7774e+12,3.7774e+12
1996-11-01,,1112.1596,,,,112.2958,3.7947e+12,3.7947e+12
1996-12-01,,1122.9637,,,,113.981,3.8166e+12,3.8166e+12
1997-01-01,9889.614,1129.9316,1104924.6,457537.4,10820.908,117.9124,3.8316e+12,3.8316e+12
1997-02-01,,1135.1021,,,,122.9621,3.8425e+12,3.8425e+12
1997-03-01,,1147.7855,,,,122.7738,3.8565e+12,3.8565e+12
1997-04-01,10081.637,1160.6565,1102705.6,454107.2,10984.15,125.6377,3.874e+12,3.874e+12
1997-05-01,,1172.0576,,,,119.1924,3.8863e+12,3.8863e+12
1997-06-01,,1183.6136,,,,114.2857,3.9012e+12,3.9012e+12
1997-07-01,10293.745,1190.398,1103383.7,455573.0,11124.013,115.3759,3.9232e+12,3.9232e+12
1997-08-01,,1196.2985,,,,117.9295,3.9516e+12,3.9516e+12
1997-09-01,,1208.5126,,,,120.89,3.9718e+12,3.9718e+12
1997-10-01,10485.078,1214.9638,1121328.5,455800.7,11210.329,121.0605,3.9885e+12,3.9885e+12
1997-11-01,,1219.5036,,,,125.3817,4.0099e+12,4.0099e+12
1997-12-01,,1220.5948,,,,129.7341,4.0315e+12,4.0315e+12
1998-01-01,10693.474,1224.4018,1103030.6,450329.7,11321.246,129.5475,4.0544e+12,4.0544e+12
1998-02-01,,1237.6215,,,,125.8516,4.0855e+12,4.0855e+12
1998-03-01,,1252.375,,,,129.0823,4.1106e+12,4.1106e+12
1998-04-01,10994.767,1259.0153,1096157.3,448635.5,11431.046,131.7536,4.1346e+12,4.1346e+12
1998-05-01,,1259.779,,,,134.896,4.1564e+12,4.1564e+12
1998-06-01,,1261.0079,,,,140.3305,4.1822e+12,4.1822e+12
1998-07-01,11208.079,1265.5125,1096166.3,449333.3,11580.587,140.7874,4.1988e+12,4.1988e+12
1998-08-01,,1271.8269,,,,144.68,4.2218e+12,4.2218e+12
1998-09-01,,1275.4114,,,,134.4805,4.2648e+12,4.2648e+12
1998-10-01,11476.401,1283.8823,1069142.2,453212.2,11770.686,121.0486,4.3033e+12,4.3033e+12
1998-11-01,,1302.7516,,,,120.2895,4.34e+12,4.34e+12
1998-12-01,,1311.2349,,,,117.0709,4.3734e+12,4.3734e+12
1999-01-01,11735.112,1317.3881,1046536.1,446971.8,11864.675,113.29,4.3943e+12,4.3943e+12
1999-02-01,,1320.1804,,,,116.6684,4.4209e+12,4.4209e+12
1999-03-01,,1326.2316,,,,119.473,4.4321e+12,4.4321e+12
1999-04-01,11997.37,1332.0453,1033291.7,449151.7,11962.524,119.7723,4.4598e+12,4.4598e+12
1999-05-01,,1341.0402,,,,121.9995,4.4782e+12,4.4782e+12
1999-06-01,,1347.1132,,,,120.7245,4.5025e+12,4.5025e+12
1999-07-01,12347.005,1354.3248,1028429.7,451292.4,12113.075,119.3305,4.5274e+12,4.5274e+12
1999-08-01,,1369.8792,,,,113.2268,4.5473e+12,4.5473e+12
1999-09-01,,1389.096,,,,106.8752,4.563e+12,4.563e+12
1999-10-01,12626.264,1411.5876,1037476.6,451278.3,12323.336,105.965,4.5815e+12,4.5815e+12
1999-11-01,,1424.9758,,,,104.6485,4.6082e+12,4.6082e+12
1999-12-01,,1460.1212,,,,102.5843,4.6329e+12,4.6329e+12
2000-01-01,12926.336,1480.8245,1026246.9,460029.3,12359.095,105.296,4.6585e+12,4.6585e+12
2000-02-01,,1491.662,,,,109.3885,4.6749e+12,4.6749e+12
2000-03-01,,1517.7071,,,,106.3074,4.7041e+12,4.7041e+12
2000-04-01,13256.182,1541.1944,1008805.5,461018.3,12592.53,105.627,4.7545e+12,4.7545e+12
2000-05-01,,1565.0398,,,,108.3205,4.7486e+12,4.7486e+12
2000-06-01,,1585.2671,,,,106.1255,4.7637e+12,4.7637e+12
2000-07-01,13530.27,1600.6068,1008098.1,461377.7,12607.676,108.2115,4.7774e+12,4.7774e+12
2000-08-01,,1613.5894,,,,108.0804,4.8123e+12,4.8123e+12
2000-09-01,,1624.8702,,,,106.8375,4.843e+12,4.843e+12
2000-10-01,13767.571,1625.2452,1004551.3,465737.4,12679.338,108.4429,4.8608e+12,4.8608e+12
2000-11-01,,1635.0218,,,,109.0095,4.872e+12,4.872e+12
2000-12-01,,1638.5428,,,,112.209,4.9132e+12,4.9132e+12
2001-01-01,13873.594,1641.3695,994138.2,468431.5,12643.283,116.6719,4.9688e+12,4.9688e+12
2001-02-01,,1654.8195,,,,116.2337,5.0056e+12,5.0056e+12
2001-03-01,,1668.2627,,,,121.505,5.0653e+12,5.0653e+12
2001-04-01,14193.834,1682.5134,979499.6,466228.7,12710.303,123.771,5.1266e+12,5.1266e+12
2001-05-01,,1695.3187,,,,121.7682,5.1304e+12,5.1304e+12
2001-06-01,,1699.9217,,,,122.351,5.1689e+12,5.1689e+12
2001-07-01,14498.943,1702.639,975196.7,461020.1,12670.106,124.4981,5.202e+12,5.202e+12
2001-08-01,,1703.8361,,,,121.367,5.2341e+12,5.2341e+12
2001-09-01,,1714.4881,,,,118.6117,5.3431e+12,5.3431e+12
2001-10-01,14690.682,1717.3219,972240.6,459847.4,12705.269,121.4536,5.3357e+12,5.3357e+12
2001-11-01,,1739.2955,,,,122.4055,5.3793e+12,5.3793e+12
2001-12-01,,1757.7132,,,,127.5945,5.4315e+12,5.4315e+12
2002-01-01,14861.946,1755.3061,960634.2,460329.5,12822.258,132.6833,5.4618e+12,5.4618e+12
2002-02-01,,1766.6145,,,,133.6426,5.4886e+12,5.4886e+12
2002-03-01,,1771.5566,,,,131.061,5.4959e+12,5.4959e+12
2002-04-01,15083.191,1782.1946,949681.1,463959.5,12893.002,130.7718,5.5014e+12,5.5014e+12
2002-05-01,,1790.8479,,,,126.375,5.5236e+12,5.5236e+12
2002-06-01,,1817.0382,,,,123.2905,5.5454e+12,5.5454e+12
2002-07-01,15295.847,1837.1682,935761.8,465757.9,12955.769,117.8991,5.5944e+12,5.5944e+12
2002-08-01,,1866.936,,,,118.9927,5.6316e+12,5.6316e+12
2002-09-01,,1901.9349,,,,121.078,5.6548e+12,5.6548e+12
2002-10-01,15610.232,1946.9721,939259.7,467023.6,12964.016,123.9077,5.7074e+12,5.7074e+12
2002-11-01,,1980.5606,,,,121.6079,5.7507e+12,5.7507e+12
2002-12-01,,2009.6697,,,,121.8929,5.7764e+12,5.7764e+12
2003-01-01,15816.885,2033.6351,924372.0,466487.4,13031.169,118.8133,5.8056e+12,5.8056e+12
2003-02-01,,2067.7213,,,,119.3379,5.8409e+12,5.8409e+12
2003-03-01,,2083.8406,,,,118.6871,5.8553e+12,5.8553e+12
2003-04-01,16220.882,2106.9732,907895.5,470237.1,13152.089,119.895,5.8998e+12,5.8998e+12
2003-05-01,,2131.6246,,,,117.3681,5.9549e+12,5.9549e+12
2003-06-01,,2150.6514,,,,118.329,5.9928e+12,5.9928e+12
2003-07-01,16511.022,2178.1365,895945.9,472108.3,13372.357,118.6959,6.0479e+12,6.0479e+12
2003-08-01,,2221.3612,,,,118.6624,6.0912e+12,6.0912e+12
2003-09-01,,2235.2982,,,,114.8,6.0726e+12,6.0726e+12
2003-10-01,16767.584,2213.306,896565.0,477379.8,13528.71,109.4955,6.0596e+12,6.0596e+12
2003-11-01,,2202.3749,,,,109.1778,6.0585e+12,6.0585e+12
2003-12-01,,2207.2679,,,,107.7377,6.0649e+12,6.0649e+12
2004-01-01,17102.422,2224.101,883902.3,481088.3,13606.509,106.2685,6.0695e+12,6.0695e+12
2004-02-01,,2251.6695,,,,106.7079,6.1066e+12,6.1066e+12
2004-03-01,,2289.8191,,,,108.5157,6.1452e+12,6.1452e+12
2004-04-01,17487.686,2343.1856,871859.2,480910.4,13706.247,107.6564,6.1882e+12,6.1882e+12
2004-05-01,,2384.0248,,,,112.196,6.2539e+12,6.2539e+12
2004-06-01,,2409.4644,,,,109.4336,6.2662e+12,6.2662e+12
2004-07-01,17859.508,2414.182,865614.4,483426.1,13830.828,109.4871,6.2754e+12,6.2754e+12
2004-08-01,,2437.2997,,,,110.2336,6.2969e+12,6.2969e+12
2004-09-01,,2466.5596,,,,110.0914,6.3348e+12,6.3348e+12
2004-10-01,18355.215,2495.7762,868075.1,482148.8,13950.376,108.7835,6.3565e+12,6.3565e+12
2004-11-01,,2526.1022,,,,104.699,6.3933e+12,6.3933e+12
2004-12-01,,2552.5708,,,,103.8104,6.4086e+12,6.4086e+12
2005-01-01,18684.303,2575.5454,874151.5,484472.7,14099.081,103.341,6.408e+12,6.408e+12
2005-02-01,,2605.187,,,,104.9442,6.4231e+12,6.4231e+12
2005-03-01,,2652.0565,,,,105.2543,6.4368e+12,6.4368e+12
2005-04-01,19175.431,2680.9134,859208.3,488241.5,14172.695,107.1938,6.4451e+12,6.4451e+12
2005-05-01,,2695.9799,,,,106.5952,6.4603e+12,6.4603e+12
2005-06-01,,2733.2201,,,,108.7473,6.4975e+12,6.4975e+12
2005-07-01,19656.179,2782.1006,862744.5,492924.9,14291.757,111.9535,6.5227e+12,6.5227e+12
2005-08-01,,2823.8805,,,,110.6065,6.5559e+12,6.5559e+12
2005-09-01,,2845.2546,,,,111.239,6.5929e+12,6.5929e+12
2005-10-01,20132.786,2869.9164,868836.9,493952.1,14373.438,114.8695,6.6224e+12,6.6224e+12
2005-11-01,,2894.1166,,,,118.454,6.6476e+12,6.6476e+12
2005-12-01,,2925.5414,,,,118.4624,6.6744e+12,6.6744e+12
2006-01-01,20666.224,2944.1259,865094.7,494305.5,14546.119,115.4765,6.7141e+12,6.7141e+12
2006-02-01,,2971.4994,,,,117.8605,6.7406e+12,6.7406e+12
2006-03-01,,3000.987,,,,117.2778,6.7526e+12,6.7526e+12
2006-04-01,21230.421,3029.5035,860872.7,496053.6,14589.585,117.0695,6.7852e+12,6.7852e+12
2006-05-01,,3058.5176,,,,111.7305,6.7984e+12,6.7984e+12
2006-06-01,,3092.7911,,,,114.625,6.8349e+12,6.8349e+12
2006-07-01,21700.305,3121.0694,861406.9,495221.2,14602.633,115.767,6.8695e+12,6.8695e+12
2006-08-01,,3129.9623,,,,115.9243,6.901e+12,6.901e+12
2006-09-01,,3158.1757,,,,117.2145,6.9275e+12,6.9275e+12
2006-10-01,22229.851,3307.5668,864699.1,501218.8,14716.93,118.609,6.9845e+12,6.9845e+12
2006-11-01,,3335.2628,,,,117.3205,7.0241e+12,7.0241e+12
2006-12-01,,3371.1227,,,,117.322,7.066e+12,7.066e+12
2007-01-01,22634.08,3393.1408,862449.8,504907.3,14726.022,120.4471,7.1054e+12,7.1054e+12
2007-02-01,,3420.8379,,,,120.5047,7.1236e+12,7.1236e+12
2007-03-01,,3367.1501,,,,117.26,7.1535e+12,7.1535e+12
2007-04-01,23238.139,3389.1304,849005.0,505553.4,14838.664,118.9324,7.2223e+12,7.2223e+12
2007-05-01,,3409.9203,,,,120.7732,7.2459e+12,7.2459e+12
2007-06-01,,3427.6336,,,,122.6886,7.2704e+12,7.2704e+12
2007-07-01,23784.72,3448.1371,853233.5,503262.0,14938.467,121.4148,7.3056e+12,7.3056e+12
2007-08-01,,3469.4665,,,,116.7335,7.3704e+12,7.3704e+12
2007-09-01,,3503.3674,,,,115.0435,7.4024e+12,7.4024e+12
2007-10-01,24274.75,3558.0091,857983.8,505752.8,14991.784,115.8661,7.433e+12,7.433e+12
2007-11-01,,3585.5836,,,,111.0729,7.4635e+12,7.4635e+12
2007-12-01,,3598.8738,,,,112.449,7.4947e+12,7.4947e+12
2008-01-01,24595.369,3612.5344,853089.3,507310.7,14889.45,107.8181,7.529e+12,7.529e+12
2008-02-01,,3628.5268,,,,107.03,7.6177e+12,7.6177e+12
2008-03-01,,3652.0594,,,,100.7562,7.6755e+12,7.6755e+12
2008-04-01,24727.959,3658.3973,853859.4,504788.9,14963.357,102.6777,7.7249e+12,7.7249e+12
2008-05-01,,3649.8067,,,,104.3595,7.7334e+12,7.7334e+12
2008-06-01,,3637.1591,,,,106.9152,7.7454e+12,7.7454e+12
2008-07-01,24994.566,3630.2545,852432.0,498286.7,14891.643,106.8518,7.8034e+12,7.8034e+12
2008-08-01,,3630.5327,,,,109.3624,7.7913e+12,7.7913e+12
2008-09-01,,3669.2395,,,,106.5748,7.8918e+12,7.8918e+12
2008-10-01,24715.45,3826.2128,868266.4,486965.9,14576.985,99.9659,8.0045e+12,8.0045e+12
2008-11-01,,3825.3948,,,,96.9656,8.054e+12,8.054e+12
2008-12-01,,3819.0934,,,,91.275,8.2484e+12,8.2484e+12
2009-01-01,24453.252,3800.2668,858986.9,463214.4,14375.018,90.1205,8.3112e+12,8.3112e+12
2009-02-01,,3825.0932,,,,92.9158,8.3505e+12,8.3505e+12
2009-03-01,,3828.8489,,,,97.855,8.4016e+12,8.4016e+12
2009-04-01,24348.118,3838.5026,851622.2,472967.1,14355.558,98.92,8.3923e+12,8.3923e+12
2009-05-01,,3877.6541,,,,96.6445,8.4339e+12,8.4339e+12
2009-06-01,,3860.3029,,,,96.6145,8.4547e+12,8.4547e+12
2009-07-01,24182.497,3839.6285,847103.0,473052.2,14402.477,94.367,8.4545e+12,8.4545e+12
2009-08-01,,3814.5133,,,,94.8971,8.4303e+12,8.4303e+12
2009-09-01,,3767.8631,,,,91.2748,8.4539e+12,8.4539e+12
2009-10-01,23958.116,3743.0976,844086.9,479838.1,14541.901,90.3671,8.4843e+12,8.4843e+12
2009-11-01,,3804.0741,,,,89.2674,8.5138e+12,8.5138e+12
2009-12-01,,3776.8096,,,,89.9509,8.5306e+12,8.5306e+12
2010-01-01,23797.839,3756.8535,838970.3,484119.4,14604.845,91.1011,8.4658e+12,8.4658e+12
2010-02-01,,3720.7997,,,,90.1395,8.5336e+12,8.5336e+12
2010-03-01,,3706.3723,,,,90.7161,8.5117e+12,8.5117e+12
2010-04-01,23659.689,3712.3466,831559.6,490080.1,14745.933,93.4527,8.5224e+12,8.5224e+12
2010-05-01,,3699.2213,,,,91.973,8.5619e+12,8.5619e+12
2010-06-01,,3682.3604,,,,90.8059,8.5911e+12,8.5911e+12
2010-07-01,23679.491,3662.245,828137.7,498991.1,14845.458,87.5005,8.6071e+12,8.6071e+12
2010-08-01,,3656.1487,,,,85.3727,8.6526e+12,8.6526e+12
2010-09-01,,3643.8778,,,,84.3571,8.7003e+12,8.7003e+12
2010-10-01,23572.045,3628.6308,822943.9,495320.1,14939.001,81.7285,8.7408e+12,8.7408e+12
2010-11-01,,3622.1163,,,,82.518,8.7789e+12,8.7789e+12
2010-12-01,,3613.4966,,,,83.3376,8.8122e+12,8.8122e+12
2011-01-01,23548.684,3602.2324,820231.0,487856.3,14881.301,82.625,8.8368e+12,8.8368e+12
2011-02-01,,3570.2324,,,,82.5368,8.8982e+12,8.8982e+12
2011-03-01,,3540.6108,,,,81.647,8.9263e+12,8.9263e+12
2011-04-01,23522.368,3520.4829,814943.4,485292.8,14989.555,83.1771,8.9581e+12,8.9581e+12
2011-05-01,,3507.9075,,,,81.1257,9.0461e+12,9.0461e+12
2011-06-01,,3501.096,,,,80.4259,9.094e+12,9.094e+12
2011-07-01,23528.436,3498.1266,814985.3,497110.3,15021.149,79.2425,9.2671e+12,9.2671e+12
2011-08-01,,3493.0238,,,,76.9657,9.4583e+12,9.4583e+12
2011-09-01,,3490.2678,,,,76.7957,9.4782e+12,9.4782e+12
2011-10-01,23639.969,3499.0957,813334.1,496339.8,15190.255,76.643,9.5255e+12,9.5255e+12
2011-11-01,,3503.6088,,,,77.5595,9.5733e+12,9.5733e+12
2011-12-01,,3494.9634,,,,77.7967,9.6394e+12,9.6394e+12
2012-01-01,23697.988,3510.3605,811251.8,502232.2,15291.035,76.964,9.7134e+12,9.7134e+12
2012-02-01,,3539.7632,,,,78.47,9.7489e+12,9.7489e+12
2012-03-01,,3544.4029,,,,82.4659,9.7853e+12,9.7853e+12
2012-04-01,23808.389,3540.385,799551.5,498934.1,15362.415,81.2524,9.8298e+12,9.8298e+12
2012-05-01,,3538.7985,,,,79.6668,9.8713e+12,9.8713e+12
2012-06-01,,3528.3851,,,,79.3152,9.9219e+12,9.9219e+12
2012-07-01,23945.229,3525.947,803522.2,496986.1,15380.802,78.9348,1.0021e+13,1.0021e+13
2012-08-01,,3527.1713,,,,78.6909,1.00938e+13,1.00938e+13
2012-09-01,,3531.1917,,,,78.1353,1.01691e+13,1.01691e+13
2012-10-01,24206.884,3527.5073,807767.1,497985.1,15384.254,79.0132,1.02549e+13,1.02549e+13
2012-11-01,,3554.2799,,,,81.0305,1.03069e+13,1.03069e+13
2012-12-01,,3550.685,,,,83.7905,1.04171e+13,1.04171e+13
2013-01-01,24245.502,3559.6018,806216.3,503936.1,15491.878,89.0581,1.04596e+13,1.04596e+13
2013-02-01,,3554.465,,,,93.0016,1.04394e+13,1.04394e+13
2013-03-01,,3549.0271,,,,94.77,1.04838e+13,1.04838e+13
2013-04-01,24402.811,3552.6908,804014.7,508308.0,15521.559,97.7582,1.05412e+13,1.05412e+13
2013-05-01,,3545.1946,,,,100.9186,1.05908e+13,1.05908e+13
2013-06-01,,3544.0083,,,,97.235,1.0639e+13,1.0639e+13
2013-07-01,24685.651,3538.1029,808009.6,512214.9,15641.336,99.6727,1.07022e+13,1.07022e+13
2013-08-01,,3528.1016,,,,97.8123,1.07562e+13,1.07562e+13
2013-09-01,,3527.346,,,,99.21,1.08022e+13,1.08022e+13
2013-10-01,24843.188,3524.342,812811.8,511977.7,15793.928,97.77,1.09001e+13,1.09001e+13
2013-11-01,,3528.9141,,,,100.0737,1.09295e+13,1.09295e+13
2013-12-01,,3531.7658,,,,103.46,1.09869e+13,1.09869e+13
2014-01-01,25001.158,3535.0979,813472.4,516906.0,15757.57,103.7614,1.10353e+13,1.10353e+13
2014-02-01,,3546.4991,,,,102.1253,1.11004e+13,1.11004e+13
2014-03-01,,3561.4445,,,,102.3395,1.1155e+13,1.1155e+13
2014-04-01,25313.039,3573.7761,809083.8,507523.4,15935.825,102.4582,1.12138e+13,1.12138e+13
2014-05-01,,3581.6259,,,,101.7738,1.12833e+13,1.12833e+13
2014-06-01,,3597.5739,,,,102.0629,1.13368e+13,1.13368e+13
2014-07-01,25607.354,3605.5159,812426.2,507359.9,16139.513,101.74,1.14035e+13,1.14035e+13
2014-08-01,,3616.2585,,,,102.9438,1.14402e+13,1.14402e+13
2014-09-01,,3619.8502,,,,107.4257,1.1478e+13,1.1478e+13
2014-10-01,25888.567,3621.1525,821668.2,510517.6,16220.222,108.0264,1.153e+13,1.153e+13
2014-11-01,,3626.6055,,,,116.2994,1.15681e+13,1.15681e+13
2014-12-01,,3638.6495,,,,119.3233,1.16379e+13,1.16379e+13
2015-01-01,26101.081,3652.9707,821063.4,517946.8,16349.97,118.25,1.17049e+13,1.17049e+13
2015-02-01,,3676.6511,,,,118.76,1.18015e+13,1.18015e+13
2015-03-01,,3711.5203,,,,120.3945,1.18364e+13,1.18364e+13
2015-04-01,26504.017,3720.2898,816335.2,517827.8,16460.889,119.5095,1.18894e+13,1.18894e+13
2015-05-01,,3729.9017,,,,120.798,1.19278e+13,1.19278e+13
2015-06-01,,3747.8287,,,,123.7186,1.19753e+13,1.19753e+13
2015-07-01,26733.199,3762.2662,822055.1,518257.4,16527.587,123.3109,1.20361e+13,1.20361e+13
2015-08-01,,3777.4816,,,,123.0038,1.21004e+13,1.21004e+13
2015-09-01,,3795.4477,,,,120.1476,1.21577e+13,1.21577e+13
2015-10-01,26955.543,3812.8255,829477.9,516630.2,16547.619,120.0481,1.21807e+13,1.21807e+13
2015-11-01,,3846.5962,,,,122.6432,1.22663e+13,1.22663e+13
2015-12-01,,3871.0592,,,,121.635,1.23135e+13,1.23135e+13
2016-01-01,27236.607,3889.728,830445.9,520823.4,16571.573,118.2258,1.24365e+13,1.24365e+13
2016-02-01,,3917.0812,,,,114.6155,1.24852e+13,1.24852e+13
2016-03-01,,3944.7628,,,,112.9317,1.25729e+13,1.25729e+13
2016-04-01,27550.841,3959.9659,832153.5,522192.6,16663.516,109.5519,1.26542e+13,1.26542e+13
2016-05-01,,3986.4718,,,,108.8481,1.27288e+13,1.27288e+13
2016-06-01,,4006.8312,,,,105.3509,1.28037e+13,1.28037e+13
2016-07-01,27895.222,4031.585,841448.2,523166.4,16778.148,104.191,1.28722e+13,1.28722e+13
2016-08-01,,4053.4353,,,,101.2383,1.29554e+13,1.29554e+13
2016-09-01,,4074.8017,,,,101.7843,1.30156e+13,1.30156e+13
2016-10-01,28108.44,4098.3063,853009.0,524397.6,16851.42,103.9075,1.30706e+13,1.30706e+13
2016-11-01,,4109.4836,,,,108.443,1.31479e+13,1.31479e+13
2016-12-01,,4117.5137,,,,115.9981,1.31809e+13,1.31809e+13
2017-01-01,28421.574,4132.2395,860951.3,527810.5,16903.24,114.8721,1.32605e+13,1.32605e+13
2017-02-01,,4142.8285,,,,112.9116,1.32993e+13,1.32993e+13
2017-03-01,,4155.1305,,,,112.9165,1.33805e+13,1.33805e+13
2017-04-01,28756.729,4168.6302,861536.6,530458.8,17031.085,110.091,,
2017-05-01,,4184.8137,,,,112.2436,,
2017-06-01,,4195.7491,,,,110.9141,,
2017-07-01,29097.068,4214.5161,871472.8,533155.1,17163.894,112.417,,
2017-08-01,,4223.4792,,,,109.827,,
2017-09-01,,4232.2838,,,,110.776,,
2017-10-01,,4257.583,,533908.5,17286.497,112.9148,,
2017-11-01,,4271.5372,,,,112.819,,
2017-12-01,,4286.5304,,,,112.9405,,
2018-01-01,,4299.0676,,533079.9,17385.831,110.871,,
2018-02-01,,4313.4115,,,,107.97,,
2018-03-01,,4328.6472,,,,106.0468,,
2018-04-01,,4338.1031,,,,107.6562,,
2018-05-01,,,,,,109.7164,,
