,Date,Open,High,Low,Close,Volume,Adj Close
0,2007-11-14 00:00:00,129.32,129.58,126.9,127.64,35900,127.64
1,2007-11-13 00:00:00,124.76,127.32,123.88,127.3,73300,127.3
2,2007-11-12 00:00:00,132.02,132.02,124.85,124.88,98600,124.88
3,2007-11-09 00:00:00,133.1,133.1,130.25,131.02,54000,131.02
4,2007-11-08 00:00:00,133.49,135.14,131.0,133.36,105600,133.36
5,2007-11-07 00:00:00,136.0,136.53,132.43,132.5,92200,132.5
6,2007-11-06 00:00:00,132.91,136.15,132.91,136.08,60100,136.08
7,2007-11-05 00:00:00,133.0,133.13,131.2,132.5,47100,132.5
8,2007-11-02 00:00:00,132.49,133.6,130.52,133.6,73300,133.6
9,2007-11-01 00:00:00,132.48,134.2,130.7,131.33,93400,131.33
10,2007-10-31 00:00:00,132.19,134.52,131.4,134.32,100800,134.32
11,2007-10-30 00:00:00,133.49,133.49,130.59,130.89,76400,130.89
12,2007-10-29 00:00:00,134.45,134.9,134.0,134.66,53000,134.66
13,2007-10-26 00:00:00,132.98,133.64,132.45,133.64,49800,133.64
14,2007-10-25 00:00:00,131.01,131.95,130.08,131.81,57800,131.81
15,2007-10-24 00:00:00,129.1,130.56,128.0,130.27,76500,130.27
16,2007-10-23 00:00:00,128.8,129.77,127.3,129.77,70900,129.77
17,2007-10-22 00:00:00,126.92,127.97,125.86,127.97,102400,127.97
18,2007-10-19 00:00:00,133.71,133.71,129.28,129.28,109500,129.28
19,2007-10-18 00:00:00,133.59,134.7,133.13,134.7,155300,134.7
20,2007-10-17 00:00:00,134.59,134.79,132.16,133.6,178300,133.6
21,2007-10-16 00:00:00,133.83,134.23,133.08,133.91,43400,133.91
22,2007-10-15 00:00:00,134.88,135.22,133.4,134.32,59800,134.32
23,2007-10-12 00:00:00,132.62,133.23,131.97,132.87,36000,132.87
24,2007-10-11 00:00:00,133.5,134.74,130.68,132.16,109000,132.16
25,2007-10-10 00:00:00,130.22,132.47,129.51,131.97,84300,131.97
26,2007-10-09 00:00:00,128.8,130.8,128.8,130.77,60600,130.77
27,2007-10-08 00:00:00,128.88,129.29,128.26,128.5,37800,128.5
28,2007-10-05 00:00:00,129.46,130.12,128.73,129.96,48300,129.96
29,2007-10-04 00:00:00,128.16,129.22,126.67,129.02,55700,129.02
30,2007-10-03 00:00:00,128.99,128.99,127.71,128.2,35900,128.2
31,2007-10-02 00:00:00,129.89,129.89,127.76,129.5,197700,129.5
32,2007-10-01 00:00:00,128.48,130.71,128.48,130.4,57500,130.4
33,2007-09-28 00:00:00,130.13,130.3,128.35,128.75,45900,128.75
34,2007-09-27 00:00:00,128.99,129.41,128.24,129.3,42000,129.3
35,2007-09-26 00:00:00,128.99,128.99,126.14,128.01,77200,128.01
36,2007-09-25 00:00:00,128.08,128.08,127.01,128.08,79600,127.9
37,2007-09-24 00:00:00,130.29,130.29,128.94,129.48,94800,129.3
38,2007-09-21 00:00:00,129.73,130.82,129.73,130.03,53700,129.85
39,2007-09-20 00:00:00,129.47,129.56,128.6,129.38,47400,129.2
40,2007-09-19 00:00:00,129.44,130.0,128.18,128.7,91600,128.52
41,2007-09-18 00:00:00,124.98,128.52,124.06,128.32,42500,128.14
42,2007-09-17 00:00:00,124.59,127.41,123.85,124.28,132200,124.11
43,2007-09-14 00:00:00,123.75,125.11,123.75,124.61,32300,124.44
44,2007-09-13 00:00:00,123.7,124.85,123.7,124.27,47900,124.1
45,2007-09-12 00:00:00,122.2,123.69,122.2,123.13,45000,122.96
46,2007-09-11 00:00:00,120.89,122.44,119.86,122.44,97100,122.27
47,2007-09-10 00:00:00,120.6,121.13,118.02,120.54,68500,120.37
48,2007-09-07 00:00:00,121.09,121.46,120.12,121.3,68600,121.13
49,2007-09-06 00:00:00,122.54,122.89,121.65,122.64,65900,122.47
50,2007-09-05 00:00:00,121.19,121.44,120.4,121.19,107500,121.02
51,2007-09-04 00:00:00,119.29,122.39,119.1,121.58,154800,121.41
52,2007-08-31 00:00:00,119.49,119.77,118.59,119.0,29500,118.84
53,2007-08-30 00:00:00,116.51,118.13,116.51,117.34,50400,117.18
54,2007-08-29 00:00:00,114.99,117.7,114.87,117.64,27200,117.48
55,2007-08-28 00:00:00,115.98,116.27,113.89,114.22,45600,114.06
56,2007-08-27 00:00:00,117.28,117.9,116.48,117.3,141100,117.14
57,2007-08-24 00:00:00,116.79,118.36,116.55,118.3,31300,118.14
58,2007-08-23 00:00:00,116.99,117.14,114.79,116.24,74300,116.08
59,2007-08-22 00:00:00,114.48,115.54,114.46,115.38,62300,115.22
60,2007-08-21 00:00:00,114.09,114.89,112.89,113.5,34500,113.34
61,2007-08-20 00:00:00,114.1,115.0,112.43,114.5,57900,114.34
62,2007-08-17 00:00:00,115.2,115.2,112.12,114.01,75000,113.85
63,2007-08-16 00:00:00,110.29,112.06,106.54,111.3,299500,111.15
64,2007-08-15 00:00:00,115.01,116.17,112.06,112.21,53500,112.05
65,2007-08-14 00:00:00,118.0,118.0,115.3,115.46,47600,115.3
66,2007-08-13 00:00:00,119.0,119.23,117.05,117.05,96600,116.89
67,2007-08-10 00:00:00,113.3,117.87,113.0,117.33,94600,117.17
68,2007-08-09 00:00:00,117.28,119.32,115.99,116.33,432000,116.17
69,2007-08-08 00:00:00,118.25,120.98,117.97,119.97,398500,119.8
70,2007-08-07 00:00:00,114.25,117.93,114.1,117.19,92500,117.03
71,2007-08-06 00:00:00,114.8,115.24,111.87,115.09,323700,114.93
72,2007-08-03 00:00:00,118.8,119.7,114.71,114.71,113300,114.55
73,2007-08-02 00:00:00,119.8,120.37,117.38,119.08,86200,118.92
74,2007-08-01 00:00:00,120.5,121.16,116.65,119.37,104500,119.21
75,2007-07-31 00:00:00,122.14,123.09,120.1,120.3,168700,120.13
76,2007-07-30 00:00:00,120.35,121.25,118.37,120.78,60900,120.61
77,2007-07-27 00:00:00,121.2,122.31,118.39,119.48,82500,119.31
78,2007-07-26 00:00:00,123.7,124.13,119.17,121.61,183500,121.44
79,2007-07-25 00:00:00,124.95,125.88,122.29,125.64,115600,125.47
80,2007-07-24 00:00:00,126.53,126.75,123.86,124.68,66700,124.51
81,2007-07-23 00:00:00,129.0,129.0,127.35,127.88,49800,127.7
82,2007-07-20 00:00:00,129.39,129.39,127.36,128.3,46300,128.12
83,2007-07-19 00:00:00,128.78,129.15,128.44,129.08,53500,128.9
84,2007-07-18 00:00:00,125.58,127.93,125.33,127.87,62400,127.69
85,2007-07-17 00:00:00,127.02,127.82,125.29,125.5,69500,125.33
86,2007-07-16 00:00:00,128.34,128.34,125.44,126.44,81700,126.27
87,2007-07-13 00:00:00,127.51,128.85,127.4,128.46,71200,128.28
88,2007-07-12 00:00:00,125.95,127.23,125.95,127.22,98800,127.04
89,2007-07-11 00:00:00,123.9,124.79,123.5,124.69,84400,124.52
90,2007-07-10 00:00:00,124.36,125.72,123.76,124.47,44800,124.3
91,2007-07-09 00:00:00,124.38,125.52,124.18,125.13,58800,124.96
92,2007-07-06 00:00:00,123.05,124.18,123.05,123.8,49100,123.63
93,2007-07-05 00:00:00,122.3,123.22,121.43,122.69,99000,122.52
94,2007-07-03 00:00:00,122.05,122.64,121.95,122.5,39800,122.33
95,2007-07-02 00:00:00,120.8,121.95,120.23,121.95,56800,121.78
96,2007-06-29 00:00:00,120.42,120.96,119.18,119.84,101400,119.67
97,2007-06-28 00:00:00,120.85,120.95,119.12,119.44,88900,118.98
98,2007-06-27 00:00:00,117.15,119.81,116.29,119.8,99100,119.33
99,2007-06-26 00:00:00,121.1,121.1,117.83,118.62,135300,118.16
100,2007-06-25 00:00:00,121.5,122.16,119.75,120.5,176500,120.03
101,2007-06-22 00:00:00,123.25,124.49,121.01,122.19,141200,121.71
102,2007-06-21 00:00:00,121.52,123.26,121.14,123.26,222900,122.78
103,2007-06-20 00:00:00,124.13,124.44,120.73,120.95,117600,120.48
104,2007-06-19 00:00:00,124.2,124.62,123.13,124.13,84600,123.65
105,2007-06-18 00:00:00,124.15,124.51,123.67,124.17,50300,123.69
106,2007-06-15 00:00:00,123.15,123.97,123.15,123.9,49500,123.42
107,2007-06-14 00:00:00,120.89,122.4,120.84,122.37,67000,121.89
108,2007-06-13 00:00:00,118.19,120.32,118.19,120.32,32200,119.85
109,2007-06-12 00:00:00,118.98,119.39,117.76,117.95,137900,117.49
110,2007-06-11 00:00:00,118.1,119.81,118.1,119.28,90900,118.82
111,2007-06-08 00:00:00,117.35,118.6,115.83,118.6,61700,118.14
112,2007-06-07 00:00:00,119.98,120.66,117.46,117.55,91900,117.09
113,2007-06-06 00:00:00,121.0,121.17,119.63,119.99,92300,119.52
114,2007-06-05 00:00:00,121.85,122.1,121.02,121.8,163200,121.33
115,2007-06-04 00:00:00,120.66,122.39,120.56,122.33,49800,121.85
116,2007-06-01 00:00:00,120.0,121.0,120.0,120.75,79100,120.28
117,2007-05-31 00:00:00,119.96,120.38,119.0,119.41,105100,118.95
118,2007-05-30 00:00:00,116.87,119.56,116.83,119.52,41900,119.06
119,2007-05-29 00:00:00,118.15,118.26,116.87,117.49,24100,117.03
120,2007-05-25 00:00:00,117.87,118.15,117.25,118.14,31200,117.68
121,2007-05-24 00:00:00,118.98,119.48,116.26,116.52,70300,116.07
122,2007-05-23 00:00:00,119.06,119.88,118.64,118.8,65900,118.34
123,2007-05-22 00:00:00,119.38,119.64,118.08,118.25,26800,117.79
124,2007-05-21 00:00:00,119.06,120.11,118.59,119.32,78800,118.86
125,2007-05-18 00:00:00,117.12,118.2,117.0,118.1,38400,117.64
126,2007-05-17 00:00:00,114.92,117.0,114.3,116.57,82600,116.12
127,2007-05-16 00:00:00,114.5,114.98,113.26,114.98,25300,114.53
128,2007-05-15 00:00:00,114.41,115.63,114.18,114.65,140600,114.2
129,2007-05-14 00:00:00,114.58,115.0,114.0,114.58,27700,114.13
130,2007-05-11 00:00:00,112.69,114.46,112.69,114.46,79600,114.01
131,2007-05-10 00:00:00,114.04,114.04,111.87,112.2,97600,111.76
132,2007-05-09 00:00:00,113.67,114.17,112.96,114.05,49900,113.61
133,2007-05-08 00:00:00,113.57,114.14,112.62,114.14,32100,113.7
134,2007-05-07 00:00:00,113.57,114.21,113.51,114.16,40200,113.72
135,2007-05-04 00:00:00,113.7,114.5,112.95,113.38,50100,112.94
136,2007-05-03 00:00:00,112.0,113.26,111.78,113.0,41900,112.56
137,2007-05-02 00:00:00,110.97,112.13,110.83,111.8,38700,111.37
138,2007-05-01 00:00:00,110.5,110.76,109.57,110.68,64300,110.25
139,2007-04-30 00:00:00,111.88,112.36,110.43,110.51,27700,110.08
140,2007-04-27 00:00:00,111.45,112.25,111.03,111.93,21300,111.49
141,2007-04-26 00:00:00,111.73,112.03,110.92,111.8,30800,111.37
142,2007-04-25 00:00:00,110.68,112.45,110.55,112.07,50100,111.63
143,2007-04-24 00:00:00,110.13,110.64,109.59,110.0,55000,109.57
144,2007-04-23 00:00:00,109.94,111.1,109.94,110.43,46200,110.0
145,2007-04-20 00:00:00,109.75,110.24,109.34,110.24,36300,109.81
146,2007-04-19 00:00:00,108.7,109.02,108.45,108.86,41700,108.44
147,2007-04-18 00:00:00,110.25,110.25,109.53,110.17,68900,109.74
148,2007-04-17 00:00:00,111.55,111.65,110.25,110.62,60000,110.19
149,2007-04-16 00:00:00,110.95,111.3,110.0,111.3,121100,110.87
150,2007-04-13 00:00:00,110.23,110.7,109.73,110.7,48600,110.27
151,2007-04-12 00:00:00,109.0,110.04,108.45,110.0,28000,109.57
152,2007-04-11 00:00:00,108.9,109.5,108.06,108.7,406600,108.28
153,2007-04-10 00:00:00,108.01,108.89,108.01,108.89,35900,108.47
154,2007-04-09 00:00:00,107.29,108.49,107.24,107.4,29500,106.98
155,2007-04-05 00:00:00,106.95,107.73,106.95,107.55,104300,107.13
156,2007-04-04 00:00:00,106.0,107.18,105.83,107.18,51300,106.76
157,2007-04-03 00:00:00,106.0,106.67,105.45,106.62,97900,106.21
158,2007-04-02 00:00:00,105.48,106.19,105.07,106.09,157200,105.68
159,2007-03-30 00:00:00,106.14,106.14,104.74,105.01,29300,104.6
160,2007-03-29 00:00:00,106.11,106.2,105.32,106.2,79400,105.79
161,2007-03-28 00:00:00,105.61,105.91,104.79,105.35,25400,104.94
162,2007-03-27 00:00:00,104.55,105.45,104.55,105.45,53600,105.04
163,2007-03-26 00:00:00,105.32,105.65,104.11,105.39,35600,104.98
164,2007-03-23 00:00:00,104.6,105.16,104.43,104.98,54000,104.57
165,2007-03-22 00:00:00,103.91,104.9,103.8,104.41,56400,104.0
166,2007-03-21 00:00:00,101.75,103.46,101.75,103.2,34900,102.8
167,2007-03-20 00:00:00,100.95,101.62,100.57,101.46,28500,101.07
168,2007-03-19 00:00:00,99.9,100.98,99.8,100.98,26000,100.59
169,2007-03-16 00:00:00,99.75,100.4,98.74,99.03,210600,98.64
170,2007-03-15 00:00:00,99.57,100.36,99.45,99.87,18500,99.48
171,2007-03-14 00:00:00,99.01,99.74,97.79,99.61,60400,99.22
172,2007-03-13 00:00:00,100.1,101.18,98.65,98.8,85300,98.42
173,2007-03-12 00:00:00,99.74,100.65,99.72,100.48,58000,100.09
174,2007-03-09 00:00:00,100.88,101.24,100.14,100.7,30000,100.31
175,2007-03-08 00:00:00,100.47,101.0,100.1,100.6,114600,100.21
176,2007-03-07 00:00:00,98.8,101.15,98.71,100.05,173900,99.66
177,2007-03-06 00:00:00,97.9,98.89,97.73,98.89,84700,98.51
178,2007-03-05 00:00:00,96.39,98.01,96.39,96.82,130900,96.44
179,2007-03-02 00:00:00,99.48,99.65,97.85,98.18,89400,97.8
180,2007-03-01 00:00:00,98.3,100.81,98.22,100.1,74900,99.71
181,2007-02-28 00:00:00,100.01,100.94,99.64,100.24,58000,99.85
182,2007-02-27 00:00:00,101.9,103.03,99.21,100.0,58200,99.61
183,2007-02-26 00:00:00,103.45,104.52,103.45,103.99,70900,103.59
184,2007-02-23 00:00:00,103.29,103.74,102.87,103.22,59300,102.82
185,2007-02-22 00:00:00,102.0,102.98,101.46,102.98,138300,102.58
186,2007-02-21 00:00:00,100.92,102.0,100.22,101.99,57800,101.59
187,2007-02-20 00:00:00,100.65,100.93,100.29,100.91,87900,100.52
188,2007-02-16 00:00:00,101.75,101.98,101.43,101.83,36400,101.43
189,2007-02-15 00:00:00,102.09,102.09,101.08,101.74,82400,101.34
190,2007-02-14 00:00:00,102.42,103.0,101.71,102.34,54200,101.94
191,2007-02-13 00:00:00,101.16,102.23,101.15,102.2,40500,101.8
192,2007-02-12 00:00:00,100.6,100.99,99.82,100.45,46200,100.06
193,2007-02-09 00:00:00,102.02,102.22,101.11,101.56,28800,101.16
194,2007-02-08 00:00:00,100.75,101.96,100.24,101.96,60000,101.56
195,2007-02-07 00:00:00,101.73,102.08,100.35,101.0,56600,100.61
196,2007-02-06 00:00:00,101.87,101.96,100.99,101.65,37800,101.25
197,2007-02-05 00:00:00,102.15,102.27,101.45,101.62,102200,101.22
198,2007-02-02 00:00:00,101.31,101.99,100.62,101.8,39900,101.4
199,2007-02-01 00:00:00,101.25,101.99,100.67,101.89,95100,101.49
200,2007-01-31 00:00:00,100.06,101.25,99.76,101.0,56900,100.61
201,2007-01-30 00:00:00,98.82,100.55,98.82,100.55,57900,100.16
202,2007-01-29 00:00:00,99.05,99.61,98.14,98.55,40200,98.17
203,2007-01-26 00:00:00,99.03,99.43,98.51,99.1,66000,98.71
204,2007-01-25 00:00:00,99.98,100.07,98.19,98.7,58300,98.32
205,2007-01-24 00:00:00,99.69,100.5,98.5,100.5,81400,100.11
206,2007-01-23 00:00:00,98.26,100.11,98.26,99.9,74600,99.51
207,2007-01-22 00:00:00,97.85,98.35,96.68,97.4,121500,97.02
208,2007-01-19 00:00:00,96.0,97.8,96.0,97.8,199200,97.42
209,2007-01-18 00:00:00,97.03,97.24,95.15,95.67,379600,95.3
210,2007-01-17 00:00:00,95.59,96.65,95.39,96.5,82800,96.12
211,2007-01-16 00:00:00,96.5,96.76,95.13,95.67,171700,95.3
212,2007-01-12 00:00:00,94.67,96.7,94.67,96.65,179600,96.27
213,2007-01-11 00:00:00,94.6,96.28,93.77,93.85,52400,93.48
214,2007-01-10 00:00:00,94.74,95.06,93.8,94.55,111900,94.18
215,2007-01-09 00:00:00,95.0,95.97,94.29,95.6,96800,95.23
216,2007-01-08 00:00:00,97.34,97.35,95.66,96.66,77700,96.28
217,2007-01-05 00:00:00,95.85,96.4,95.07,96.38,64600,96.01
218,2007-01-04 00:00:00,96.3,97.14,93.99,95.7,118100,95.33
219,2007-01-03 00:00:00,99.96,99.96,97.1,97.9,701800,97.52
220,2006-12-29 00:00:00,101.84,101.84,101.24,101.6,38200,101.2
221,2006-12-28 00:00:00,102.15,102.34,101.78,102.24,33400,101.84
222,2006-12-27 00:00:00,101.25,102.19,100.8,101.9,24600,101.5
223,2006-12-26 00:00:00,101.0,101.72,100.26,100.78,38200,100.39
224,2006-12-22 00:00:00,101.79,101.79,100.76,100.76,64500,100.37
225,2006-12-21 00:00:00,102.53,102.58,100.83,101.54,61000,101.14
226,2006-12-20 00:00:00,103.28,104.15,102.57,102.61,94000,101.89
227,2006-12-19 00:00:00,101.84,104.14,101.81,103.95,65900,103.22
228,2006-12-18 00:00:00,104.78,104.78,102.35,102.44,42800,101.72
229,2006-12-15 00:00:00,106.32,106.32,104.99,105.35,62400,104.61
230,2006-12-14 00:00:00,105.2,106.72,105.2,106.45,61400,105.7
231,2006-12-13 00:00:00,104.2,105.17,104.05,104.96,35800,104.22
232,2006-12-12 00:00:00,104.3,104.82,103.58,104.13,40000,103.4
233,2006-12-11 00:00:00,103.9,105.0,103.65,104.5,61000,103.77
234,2006-12-08 00:00:00,105.12,105.55,104.31,104.58,96400,103.85
235,2006-12-07 00:00:00,104.73,105.22,103.96,104.7,27000,103.97
236,2006-12-06 00:00:00,104.57,106.0,104.57,104.97,95600,104.23
237,2006-12-05 00:00:00,105.8,105.8,104.16,105.3,60000,104.56
238,2006-12-04 00:00:00,104.55,104.88,103.8,104.88,59600,104.14
239,2006-12-01 00:00:00,104.29,104.95,103.12,104.95,658200,104.21
240,2006-11-30 00:00:00,103.97,104.92,103.38,104.54,84200,103.81
241,2006-11-29 00:00:00,101.6,103.98,101.4,103.73,68800,103.0
242,2006-11-28 00:00:00,99.85,101.32,99.85,101.13,55400,100.42
243,2006-11-27 00:00:00,100.7,100.97,99.43,99.7,62000,99.0
244,2006-11-24 00:00:00,100.89,100.89,100.21,100.45,30800,99.75
245,2006-11-22 00:00:00,100.17,100.77,99.08,100.3,45600,99.6
246,2006-11-21 00:00:00,98.64,100.48,98.64,100.25,69500,99.55
247,2006-11-20 00:00:00,98.22,99.29,97.94,98.7,76600,98.01
248,2006-11-17 00:00:00,97.07,98.5,96.41,98.47,70800,97.78
249,2006-11-16 00:00:00,100.6,100.71,97.58,97.7,56600,97.01
250,2006-11-15 00:00:00,98.99,100.65,98.91,100.35,83400,99.65
251,2006-11-14 00:00:00,99.33,99.48,98.6,99.24,50600,98.54
252,2006-11-13 00:00:00,98.4,99.5,98.39,99.08,46800,98.38
253,2006-11-10 00:00:00,100.3,100.3,98.69,99.3,55600,98.6
254,2006-11-09 00:00:00,99.85,101.47,99.68,100.7,43600,99.99
255,2006-11-08 00:00:00,97.95,99.62,97.66,99.6,68200,98.9
256,2006-11-07 00:00:00,99.01,99.1,97.71,98.14,54600,97.45
257,2006-11-06 00:00:00,97.87,99.1,97.74,98.95,52200,98.26
258,2006-11-03 00:00:00,96.88,98.19,96.88,97.95,80000,97.26
259,2006-11-02 00:00:00,95.55,96.82,95.14,96.2,109200,95.53
260,2006-11-01 00:00:00,96.95,97.25,95.25,95.91,74400,95.24
261,2006-10-31 00:00:00,95.85,97.16,95.11,96.84,97000,96.16
262,2006-10-30 00:00:00,97.0,97.09,95.85,95.9,38500,95.23
263,2006-10-27 00:00:00,98.0,98.81,97.25,97.25,105000,96.57
264,2006-10-26 00:00:00,98.95,99.42,97.6,98.29,60200,97.6
265,2006-10-25 00:00:00,96.8,98.92,96.17,98.5,111700,97.81
266,2006-10-24 00:00:00,95.43,96.95,94.9,96.85,51000,96.17
267,2006-10-23 00:00:00,94.2,95.54,94.2,95.43,34000,94.76
268,2006-10-20 00:00:00,96.29,96.42,94.97,95.41,46700,94.74
269,2006-10-19 00:00:00,94.9,96.35,94.6,96.29,43600,95.61
270,2006-10-18 00:00:00,94.92,95.42,93.7,94.04,82900,93.38
271,2006-10-17 00:00:00,95.18,95.3,94.11,94.91,104300,94.24
272,2006-10-16 00:00:00,94.0,95.72,93.77,95.7,58400,95.03
273,2006-10-13 00:00:00,92.24,94.08,92.24,93.65,90000,92.99
274,2006-10-12 00:00:00,90.45,92.05,90.45,92.05,48400,91.4
275,2006-10-11 00:00:00,90.8,91.43,90.0,90.45,47400,89.82
276,2006-10-10 00:00:00,90.25,91.68,90.25,91.66,66200,91.02
277,2006-10-09 00:00:00,91.64,92.09,90.07,90.54,40400,89.9
278,2006-10-06 00:00:00,90.3,91.22,89.75,91.15,94500,90.51
279,2006-10-05 00:00:00,90.8,91.17,90.01,91.13,108200,90.49
280,2006-10-04 00:00:00,88.5,89.53,86.81,89.39,207900,88.76
281,2006-10-03 00:00:00,90.06,90.06,88.23,88.63,106200,88.01
282,2006-10-02 00:00:00,92.8,93.32,91.69,92.03,88000,91.38
283,2006-09-29 00:00:00,92.75,93.32,91.84,93.05,38200,92.4
284,2006-09-28 00:00:00,93.2,93.77,92.51,92.67,87300,92.02
285,2006-09-27 00:00:00,92.08,92.89,91.12,92.83,84200,92.18
286,2006-09-26 00:00:00,89.67,91.55,89.6,91.53,74400,90.63
287,2006-09-25 00:00:00,88.7,90.08,87.64,89.74,201600,88.86
288,2006-09-22 00:00:00,88.0,90.93,88.0,89.92,106600,89.04
289,2006-09-21 00:00:00,89.36,91.04,89.36,90.62,230000,89.73
290,2006-09-20 00:00:00,91.05,91.4,89.06,89.14,127400,88.27
291,2006-09-19 00:00:00,92.81,92.81,90.45,91.2,66800,90.3
292,2006-09-18 00:00:00,91.15,93.12,91.15,92.79,139200,91.88
293,2006-09-15 00:00:00,90.21,91.13,90.13,90.7,116700,89.81
294,2006-09-14 00:00:00,92.95,93.13,90.45,90.88,96400,89.99
295,2006-09-13 00:00:00,91.85,93.21,91.76,92.9,135800,91.99
296,2006-09-12 00:00:00,91.5,92.3,90.34,90.83,155400,89.94
297,2006-09-11 00:00:00,92.82,92.82,91.31,91.31,238100,90.41
298,2006-09-08 00:00:00,96.6,96.85,94.69,94.82,119400,93.89
299,2006-09-07 00:00:00,96.4,97.29,96.06,96.71,94500,95.76
300,2006-09-06 00:00:00,98.85,99.26,97.25,97.55,81200,96.59
301,2006-09-05 00:00:00,98.62,100.3,98.6,99.98,869500,99.0
302,2006-09-01 00:00:00,98.6,99.2,98.33,99.13,41100,98.16
303,2006-08-31 00:00:00,97.99,98.74,97.69,97.92,48000,96.96
304,2006-08-30 00:00:00,99.4,99.4,97.25,98.07,178800,97.11
305,2006-08-29 00:00:00,99.15,99.27,98.21,99.27,279200,98.3
306,2006-08-28 00:00:00,99.87,100.46,99.53,99.74,34400,98.76
307,2006-08-25 00:00:00,100.57,101.74,100.57,101.0,28000,100.01
308,2006-08-24 00:00:00,100.28,100.41,99.64,100.41,44200,99.42
309,2006-08-23 00:00:00,101.1,101.52,99.76,100.03,115000,99.05
310,2006-08-22 00:00:00,100.54,101.35,100.54,101.35,75800,100.36
311,2006-08-21 00:00:00,100.6,100.9,100.23,100.79,102800,99.8
312,2006-08-18 00:00:00,98.95,99.85,98.27,99.62,36800,98.64
313,2006-08-17 00:00:00,98.96,98.96,97.82,98.8,153600,97.83
314,2006-08-16 00:00:00,99.81,100.74,99.04,99.5,62800,98.52
315,2006-08-15 00:00:00,99.63,99.75,98.8,99.64,78800,98.66
316,2006-08-14 00:00:00,100.12,100.12,98.56,98.84,90900,97.87
317,2006-08-11 00:00:00,101.06,101.16,100.13,100.65,43500,99.66
318,2006-08-10 00:00:00,100.94,101.29,100.09,101.17,79500,100.18
319,2006-08-09 00:00:00,101.85,103.0,101.35,101.73,74700,100.73
320,2006-08-08 00:00:00,101.45,102.3,100.8,101.06,51600,100.07
321,2006-08-07 00:00:00,101.25,102.19,100.57,101.45,61000,100.45
322,2006-08-04 00:00:00,102.42,102.42,100.02,100.88,47400,99.89
323,2006-08-03 00:00:00,101.22,102.56,101.22,101.91,80900,100.91
324,2006-08-02 00:00:00,102.97,103.95,101.79,102.56,111800,101.55
325,2006-08-01 00:00:00,101.6,102.15,100.45,102.09,86900,101.09
326,2006-07-31 00:00:00,100.27,102.16,100.27,101.76,89700,100.76
327,2006-07-28 00:00:00,99.39,100.45,98.84,100.18,66100,99.2
328,2006-07-27 00:00:00,101.32,101.85,99.42,100.05,120800,99.07
329,2006-07-26 00:00:00,98.8,100.92,98.12,100.5,182300,99.51
330,2006-07-25 00:00:00,97.72,98.9,97.3,98.8,61600,97.83
331,2006-07-24 00:00:00,94.57,97.12,94.57,96.87,116000,95.92
332,2006-07-21 00:00:00,95.71,95.84,94.15,94.15,80300,93.23
333,2006-07-20 00:00:00,98.67,98.75,95.78,95.78,73500,94.84
334,2006-07-19 00:00:00,97.0,98.55,96.83,98.39,187900,97.42
335,2006-07-18 00:00:00,97.82,98.03,95.56,97.16,72900,96.21
336,2006-07-17 00:00:00,99.2,99.21,96.55,97.1,58700,96.15
337,2006-07-14 00:00:00,99.48,100.13,97.98,100.09,80800,99.11
338,2006-07-13 00:00:00,100.44,100.6,98.89,99.13,63000,98.16
339,2006-07-12 00:00:00,101.17,101.33,99.98,100.36,71400,99.37
340,2006-07-11 00:00:00,100.0,101.02,99.42,100.6,60600,99.61
341,2006-07-10 00:00:00,100.35,100.35,98.9,99.31,73400,98.34
342,2006-07-07 00:00:00,101.35,101.78,99.18,99.63,82800,98.65
343,2006-07-06 00:00:00,101.11,101.55,100.37,100.68,92200,99.69
344,2006-07-05 00:00:00,101.5,101.5,99.13,100.79,152300,99.8
345,2006-07-03 00:00:00,100.57,101.33,100.27,101.08,60600,100.09
346,2006-06-30 00:00:00,99.58,100.11,98.91,99.5,99500,98.52
347,2006-06-29 00:00:00,97.0,99.16,96.97,99.1,65500,98.13
348,2006-06-28 00:00:00,95.15,96.05,94.88,95.75,63600,94.81
349,2006-06-27 00:00:00,95.35,96.12,94.37,94.69,85300,93.76
350,2006-06-26 00:00:00,93.75,94.95,93.07,94.72,47500,93.79
351,2006-06-23 00:00:00,93.4,94.31,93.15,93.62,48200,92.7
352,2006-06-22 00:00:00,91.76,92.55,91.16,92.2,76800,90.98
353,2006-06-21 00:00:00,90.7,92.89,90.53,91.75,50300,90.53
354,2006-06-20 00:00:00,90.77,91.62,89.65,89.8,255500,88.61
355,2006-06-19 00:00:00,92.46,92.46,89.77,90.1,261400,88.91
356,2006-06-16 00:00:00,93.35,93.86,91.91,93.14,108800,91.91
357,2006-06-15 00:00:00,91.8,94.28,91.77,93.73,108400,92.49
358,2006-06-14 00:00:00,89.13,90.19,88.68,90.0,264900,88.81
359,2006-06-13 00:00:00,89.66,90.77,87.63,88.0,350800,86.83
360,2006-06-12 00:00:00,94.0,94.02,90.67,90.67,142000,89.47
361,2006-06-09 00:00:00,93.8,94.75,92.41,93.37,71200,92.13
362,2006-06-08 00:00:00,92.22,94.0,89.79,93.73,258400,92.49
363,2006-06-07 00:00:00,96.0,96.6,93.66,93.71,127600,92.47
364,2006-06-06 00:00:00,97.4,97.9,96.0,96.91,99300,95.63
365,2006-06-05 00:00:00,101.42,101.42,97.55,97.57,125600,96.28
366,2006-06-02 00:00:00,100.76,101.0,99.63,100.93,86600,99.59
367,2006-06-01 00:00:00,97.85,99.73,97.34,99.21,156900,97.9
368,2006-05-31 00:00:00,97.6,99.0,96.88,99.0,112100,97.69
369,2006-05-30 00:00:00,98.4,99.19,96.83,96.86,88600,95.58
370,2006-05-26 00:00:00,97.53,98.46,97.08,98.26,91100,96.96
371,2006-05-25 00:00:00,95.51,97.75,95.21,97.53,73400,96.24
372,2006-05-24 00:00:00,94.77,95.7,92.35,94.17,110400,92.92
373,2006-05-23 00:00:00,96.87,98.2,95.36,95.36,183400,94.1
374,2006-05-22 00:00:00,94.29,95.53,92.32,94.9,185300,93.64
375,2006-05-19 00:00:00,95.0,96.65,93.52,95.88,208700,94.61
376,2006-05-18 00:00:00,97.9,97.9,95.36,95.36,144600,94.1
377,2006-05-17 00:00:00,100.02,100.08,96.39,97.24,188100,95.95
378,2006-05-16 00:00:00,100.42,100.79,98.54,99.77,121500,98.45
379,2006-05-15 00:00:00,99.83,100.82,98.43,99.59,218500,98.27
380,2006-05-12 00:00:00,105.0,105.0,102.22,102.42,198500,101.06
381,2006-05-11 00:00:00,107.9,107.9,105.51,105.82,75000,104.42
382,2006-05-10 00:00:00,106.06,107.4,105.56,107.4,100900,105.98
383,2006-05-09 00:00:00,105.15,106.64,105.0,106.31,86200,104.9
384,2006-05-08 00:00:00,104.04,105.0,103.52,104.9,104300,103.51
385,2006-05-05 00:00:00,105.52,105.52,104.51,105.3,72400,103.9
386,2006-05-04 00:00:00,103.7,104.9,102.5,104.1,152800,102.72
387,2006-05-03 00:00:00,105.86,106.0,103.5,104.46,85900,103.08
388,2006-05-02 00:00:00,104.81,105.75,104.21,105.75,605400,104.35
389,2006-05-01 00:00:00,103.34,104.42,103.12,103.61,87800,102.24
390,2006-04-28 00:00:00,101.84,103.0,101.78,102.27,124400,100.91
391,2006-04-27 00:00:00,100.46,102.55,99.5,100.8,169100,99.46
392,2006-04-26 00:00:00,103.67,104.74,102.01,102.11,108100,100.76
393,2006-04-25 00:00:00,105.53,105.83,102.5,103.25,224700,101.88
394,2006-04-24 00:00:00,105.38,105.38,104.0,104.0,118800,102.62
395,2006-04-21 00:00:00,103.83,105.85,103.83,105.63,80300,104.23
396,2006-04-20 00:00:00,104.9,104.99,102.11,103.57,117100,102.2
397,2006-04-19 00:00:00,103.5,105.19,102.79,105.0,125000,103.61
398,2006-04-18 00:00:00,101.39,103.7,101.39,103.7,107800,102.33
399,2006-04-17 00:00:00,99.9,100.75,99.9,100.72,115500,99.39
400,2006-04-13 00:00:00,97.97,99.13,97.25,99.04,90300,97.73
401,2006-04-12 00:00:00,99.37,99.43,98.37,98.93,59600,97.62
402,2006-04-11 00:00:00,100.8,100.9,98.55,98.95,80000,97.64
403,2006-04-10 00:00:00,99.75,99.98,99.11,99.79,101900,98.47
404,2006-04-07 00:00:00,99.55,99.76,98.0,98.29,134100,96.99
405,2006-04-06 00:00:00,99.96,100.19,98.53,99.5,103800,98.18
406,2006-04-05 00:00:00,97.82,99.26,97.52,99.07,89600,97.76
407,2006-04-04 00:00:00,96.57,97.85,96.22,97.45,160200,96.16
408,2006-04-03 00:00:00,97.05,98.18,96.54,96.67,532900,95.39
409,2006-03-31 00:00:00,96.8,96.8,95.25,95.97,189600,94.7
410,2006-03-30 00:00:00,97.66,98.14,96.79,97.3,103500,96.01
411,2006-03-29 00:00:00,95.56,96.9,95.4,96.9,109200,95.62
412,2006-03-28 00:00:00,95.9,96.48,95.1,95.45,292500,94.19
413,2006-03-27 00:00:00,94.48,95.33,93.95,95.01,184000,93.75
414,2006-03-24 00:00:00,93.95,95.22,93.95,94.79,76600,93.28
415,2006-03-23 00:00:00,93.3,94.09,93.07,93.7,49300,92.21
416,2006-03-22 00:00:00,92.03,93.59,92.0,92.5,51400,91.03
417,2006-03-21 00:00:00,91.54,93.31,91.52,91.81,107400,90.35
418,2006-03-20 00:00:00,93.93,94.5,92.38,92.55,60300,91.08
419,2006-03-17 00:00:00,94.9,95.15,94.18,94.18,110200,92.68
420,2006-03-16 00:00:00,94.22,95.37,93.62,95.15,109500,93.64
421,2006-03-15 00:00:00,93.45,94.1,93.0,94.1,87900,92.61
422,2006-03-14 00:00:00,91.6,93.6,91.47,93.22,64700,91.74
423,2006-03-13 00:00:00,90.0,91.86,90.0,91.54,110900,90.09
424,2006-03-10 00:00:00,88.5,90.56,88.5,90.1,142700,88.67
425,2006-03-09 00:00:00,90.73,91.03,89.42,89.59,72000,88.17
426,2006-03-08 00:00:00,88.92,90.7,88.5,89.95,203800,88.52
427,2006-03-07 00:00:00,91.35,91.35,89.8,90.42,167400,88.98
428,2006-03-06 00:00:00,94.42,94.42,91.74,91.81,89400,90.35
429,2006-03-03 00:00:00,94.46,95.4,94.41,94.67,50700,93.17
430,2006-03-02 00:00:00,93.8,94.74,93.34,94.59,87600,93.09
431,2006-03-01 00:00:00,92.59,93.32,92.19,93.07,561300,91.59
432,2006-02-28 00:00:00,91.5,91.89,90.77,91.4,82100,89.95
433,2006-02-27 00:00:00,93.64,93.64,92.25,92.3,118000,90.83
434,2006-02-24 00:00:00,94.22,94.52,93.78,93.86,66800,92.37
435,2006-02-23 00:00:00,93.2,93.99,92.32,92.94,74100,91.46
436,2006-02-22 00:00:00,94.1,94.1,92.96,93.47,89600,91.99
437,2006-02-21 00:00:00,95.37,95.43,94.01,94.58,165700,93.08
438,2006-02-17 00:00:00,93.45,93.45,92.57,92.98,108500,91.5
439,2006-02-16 00:00:00,90.95,92.2,90.87,92.02,109100,90.56
440,2006-02-15 00:00:00,91.4,91.98,89.54,90.25,220500,88.82
441,2006-02-14 00:00:00,89.75,91.5,89.69,91.15,182500,89.7
442,2006-02-13 00:00:00,92.01,92.66,90.76,91.27,110500,89.82
443,2006-02-10 00:00:00,92.86,93.25,90.71,92.24,147200,90.77
444,2006-02-09 00:00:00,95.6,96.24,92.75,93.09,105200,91.61
445,2006-02-08 00:00:00,94.54,94.87,92.75,94.6,150500,93.1
446,2006-02-07 00:00:00,97.17,97.17,94.36,94.79,201400,93.28
447,2006-02-06 00:00:00,98.41,99.51,98.38,99.4,158100,97.82
448,2006-02-03 00:00:00,98.3,98.3,96.62,97.3,93500,95.75
449,2006-02-02 00:00:00,99.65,99.65,96.88,98.03,186900,96.47
450,2006-02-01 00:00:00,101.1,101.44,99.04,99.45,588800,97.87
451,2006-01-31 00:00:00,100.95,101.4,100.16,100.86,97400,99.26
452,2006-01-30 00:00:00,100.0,101.38,100.0,100.83,85900,99.23
453,2006-01-27 00:00:00,98.75,99.38,98.1,98.86,68600,97.29
454,2006-01-26 00:00:00,96.75,97.41,95.34,97.32,70600,95.77
455,2006-01-25 00:00:00,99.1,99.11,95.91,96.87,109900,95.33
456,2006-01-24 00:00:00,98.45,99.13,98.25,98.33,99400,96.77
457,2006-01-23 00:00:00,97.3,99.08,96.92,98.88,99600,97.31
458,2006-01-20 00:00:00,98.8,99.16,96.97,97.55,112400,96.0
459,2006-01-19 00:00:00,95.2,97.37,95.07,97.08,92500,95.54
460,2006-01-18 00:00:00,95.85,96.0,93.91,94.95,94300,93.44
461,2006-01-17 00:00:00,96.07,96.6,95.82,96.49,99800,94.96
462,2006-01-13 00:00:00,94.05,94.97,93.6,94.87,83900,93.36
463,2006-01-12 00:00:00,94.72,95.4,93.35,93.49,105900,92.0
464,2006-01-11 00:00:00,94.0,94.55,92.8,94.25,119600,92.75
465,2006-01-10 00:00:00,93.04,94.17,93.03,94.05,99200,92.56
466,2006-01-09 00:00:00,93.5,93.7,92.65,93.29,135800,91.81
467,2006-01-06 00:00:00,92.4,93.74,92.21,93.34,96200,91.86
468,2006-01-05 00:00:00,91.8,92.26,90.64,91.4,163400,89.95
469,2006-01-04 00:00:00,91.5,92.84,91.1,92.8,92400,91.33
470,2006-01-03 00:00:00,89.5,91.95,89.5,91.9,112400,90.44
471,2005-12-30 00:00:00,87.48,88.74,87.48,88.33,34100,86.93
472,2005-12-29 00:00:00,88.5,89.22,87.87,88.02,90500,86.62
473,2005-12-28 00:00:00,88.0,88.89,87.5,88.55,82800,87.14
474,2005-12-27 00:00:00,88.53,88.53,86.76,87.0,79800,85.62
475,2005-12-23 00:00:00,88.71,89.71,88.37,89.23,26100,87.81
476,2005-12-22 00:00:00,90.17,90.35,89.61,89.87,35500,88.21
477,2005-12-21 00:00:00,89.69,90.3,89.45,89.75,108200,88.09
478,2005-12-20 00:00:00,89.14,89.59,88.95,89.4,191000,87.75
479,2005-12-19 00:00:00,90.23,90.23,88.57,88.85,93300,87.21
480,2005-12-16 00:00:00,90.83,90.83,89.08,89.14,51000,87.49
481,2005-12-15 00:00:00,91.36,91.36,90.24,90.85,51400,89.17
482,2005-12-14 00:00:00,91.35,91.67,90.74,91.61,58300,89.92
483,2005-12-13 00:00:00,91.99,92.47,91.2,91.24,78500,89.55
484,2005-12-12 00:00:00,91.47,91.47,90.64,91.12,66500,89.44
485,2005-12-09 00:00:00,91.35,91.35,90.11,90.44,37900,88.77
486,2005-12-08 00:00:00,90.2,91.56,90.02,91.45,56300,89.76
487,2005-12-07 00:00:00,90.69,91.17,89.6,89.98,59200,88.32
488,2005-12-06 00:00:00,90.48,90.7,89.02,90.06,45400,88.4
489,2005-12-05 00:00:00,89.9,90.32,89.25,89.48,59300,87.83
490,2005-12-02 00:00:00,88.7,89.14,88.34,89.0,63400,87.36
491,2005-12-01 00:00:00,87.05,88.76,87.0,88.7,180700,87.06
492,2005-11-30 00:00:00,86.14,86.78,85.74,86.34,76500,84.75
493,2005-11-29 00:00:00,86.45,86.62,85.82,86.14,38200,84.55
494,2005-11-28 00:00:00,87.3,87.4,85.71,85.71,60300,84.13
495,2005-11-25 00:00:00,88.07,88.54,87.95,88.39,33400,86.76
496,2005-11-23 00:00:00,87.56,88.5,87.01,87.85,80900,86.23
497,2005-11-22 00:00:00,87.44,88.4,87.1,88.16,130700,86.53
498,2005-11-21 00:00:00,85.72,86.85,85.4,86.79,41800,85.19
499,2005-11-18 00:00:00,84.8,85.09,84.01,84.94,64800,83.37
500,2005-11-17 00:00:00,85.59,85.84,84.45,84.88,91300,83.31
501,2005-11-16 00:00:00,83.5,84.78,82.94,84.6,100500,83.04
502,2005-11-15 00:00:00,82.95,84.56,82.57,82.68,82400,81.15
503,2005-11-14 00:00:00,83.4,84.13,82.21,82.68,66000,81.15
504,2005-11-11 00:00:00,81.61,82.41,81.31,82.18,65700,80.66
505,2005-11-10 00:00:00,82.99,82.99,80.99,81.43,75300,79.93
506,2005-11-09 00:00:00,84.16,85.48,83.43,83.88,51000,82.33
507,2005-11-08 00:00:00,83.68,85.0,83.4,84.67,60200,83.11
508,2005-11-07 00:00:00,84.63,84.65,83.54,83.97,64200,82.42
509,2005-11-04 00:00:00,86.75,86.75,84.7,85.1,142000,83.53
510,2005-11-03 00:00:00,86.69,87.65,86.54,87.22,95500,85.61
511,2005-11-02 00:00:00,84.25,86.0,84.25,86.0,57400,84.41
512,2005-11-01 00:00:00,83.42,84.43,83.15,84.15,54100,82.6
513,2005-10-31 00:00:00,84.14,84.91,83.09,83.9,97400,82.35
514,2005-10-28 00:00:00,81.8,83.19,80.31,82.91,180200,81.38
515,2005-10-27 00:00:00,83.79,83.79,81.23,81.38,61000,79.88
516,2005-10-26 00:00:00,83.54,85.53,82.97,83.13,137100,81.59
517,2005-10-25 00:00:00,82.69,83.84,82.47,83.6,81600,82.06
518,2005-10-24 00:00:00,79.23,82.13,79.23,81.78,112400,80.27
519,2005-10-21 00:00:00,78.36,80.68,78.35,79.5,94300,78.03
520,2005-10-20 00:00:00,81.8,82.03,78.08,78.76,109700,77.31
521,2005-10-19 00:00:00,80.01,82.2,78.85,82.01,157900,80.5
522,2005-10-18 00:00:00,83.24,83.58,80.7,80.7,83200,79.21
523,2005-10-17 00:00:00,84.42,84.42,83.65,84.08,51600,82.53
524,2005-10-14 00:00:00,82.08,83.03,80.14,83.0,139900,81.47
525,2005-10-13 00:00:00,82.8,82.8,80.06,81.57,327500,80.06
526,2005-10-12 00:00:00,85.22,85.77,83.35,83.81,98300,82.26
527,2005-10-11 00:00:00,84.76,85.76,84.75,85.43,79800,83.85
528,2005-10-10 00:00:00,84.79,84.79,83.1,83.7,81500,82.15
529,2005-10-07 00:00:00,83.85,84.73,83.39,84.55,93700,82.99
530,2005-10-06 00:00:00,82.81,84.5,81.79,82.75,243600,81.22
531,2005-10-05 00:00:00,88.25,88.31,84.85,85.04,243800,83.47
532,2005-10-04 00:00:00,90.8,90.84,88.4,88.48,110700,86.85
533,2005-10-03 00:00:00,91.98,92.12,91.0,91.46,149200,89.77
534,2005-09-30 00:00:00,92.47,92.47,91.19,91.35,138000,89.66
535,2005-09-29 00:00:00,92.15,92.49,91.5,92.33,92000,90.62
536,2005-09-28 00:00:00,91.08,91.75,90.06,91.74,112200,90.05
537,2005-09-27 00:00:00,90.12,90.66,89.74,90.57,98000,88.9
538,2005-09-26 00:00:00,88.68,90.83,88.52,90.61,70700,88.94
539,2005-09-23 00:00:00,89.25,89.51,88.75,89.0,167400,87.18
540,2005-09-22 00:00:00,92.21,92.35,89.2,90.39,156800,88.54
541,2005-09-21 00:00:00,92.02,92.05,91.08,91.3,172700,89.43
542,2005-09-20 00:00:00,91.19,91.34,90.0,90.29,143800,88.44
543,2005-09-19 00:00:00,90.31,91.62,90.3,91.07,70000,89.2
544,2005-09-16 00:00:00,88.64,89.08,88.52,89.08,45500,87.25
545,2005-09-15 00:00:00,88.69,88.87,87.5,88.2,63400,86.39
546,2005-09-14 00:00:00,87.42,88.25,87.25,88.15,65000,86.34
547,2005-09-13 00:00:00,86.75,88.05,86.75,87.0,61600,85.22
548,2005-09-12 00:00:00,88.91,88.95,87.5,87.85,66900,86.05
549,2005-09-09 00:00:00,87.9,89.31,87.9,89.31,44400,87.48
550,2005-09-08 00:00:00,87.36,87.75,86.92,86.99,129400,85.21
551,2005-09-07 00:00:00,87.13,87.88,86.71,87.06,78200,85.28
552,2005-09-06 00:00:00,87.25,87.25,85.97,87.12,46200,85.33
553,2005-09-02 00:00:00,87.35,87.4,86.5,86.93,91200,85.15
554,2005-09-01 00:00:00,87.84,88.43,87.36,88.18,229400,86.37
555,2005-08-31 00:00:00,84.74,86.63,84.74,86.34,143000,84.57
556,2005-08-30 00:00:00,83.29,84.23,83.15,83.96,83100,82.24
557,2005-08-29 00:00:00,83.4,83.53,82.06,82.83,52200,81.13
558,2005-08-26 00:00:00,83.2,83.36,81.87,81.95,81000,80.27
559,2005-08-25 00:00:00,82.87,83.07,82.46,83.03,86600,81.33
560,2005-08-24 00:00:00,82.78,83.45,82.4,83.05,50800,81.35
561,2005-08-23 00:00:00,82.88,83.03,81.77,82.5,45600,80.81
562,2005-08-22 00:00:00,83.25,83.46,82.0,82.68,134700,80.99
563,2005-08-19 00:00:00,81.86,82.47,81.75,82.2,62600,80.51
564,2005-08-18 00:00:00,80.73,81.4,80.2,80.9,97900,79.24
565,2005-08-17 00:00:00,82.86,83.71,80.96,81.39,164800,79.72
566,2005-08-16 00:00:00,84.65,84.88,83.2,83.21,61000,81.5
567,2005-08-15 00:00:00,85.76,85.76,84.69,85.07,48600,83.33
568,2005-08-12 00:00:00,86.34,86.35,85.4,85.83,56300,84.07
569,2005-08-11 00:00:00,85.1,86.36,85.1,85.94,96600,84.18
570,2005-08-10 00:00:00,84.62,85.38,84.33,85.28,278300,83.53
571,2005-08-09 00:00:00,84.29,84.31,83.53,83.83,60000,82.11
572,2005-08-08 00:00:00,84.19,84.7,83.85,84.0,93500,82.28
573,2005-08-05 00:00:00,83.5,83.6,82.35,82.77,55400,81.07
574,2005-08-04 00:00:00,83.27,84.0,83.1,83.45,120800,81.74
575,2005-08-03 00:00:00,83.68,83.78,82.87,83.24,124400,81.53
576,2005-08-02 00:00:00,82.02,83.25,82.02,83.25,78500,81.54
577,2005-08-01 00:00:00,81.57,82.14,81.4,81.75,35000,80.07
578,2005-07-29 00:00:00,81.89,82.0,80.84,80.84,20200,79.18
579,2005-07-28 00:00:00,81.6,81.75,80.74,81.46,43700,79.79
580,2005-07-27 00:00:00,80.9,81.19,80.09,81.1,21300,79.44
581,2005-07-26 00:00:00,80.98,81.23,80.27,80.75,60000,79.09
582,2005-07-25 00:00:00,80.85,81.65,80.3,80.97,41200,79.31
583,2005-07-22 00:00:00,79.08,80.63,79.08,80.63,41300,78.98
584,2005-07-21 00:00:00,78.9,79.1,77.94,78.59,34800,76.98
585,2005-07-20 00:00:00,78.65,79.05,78.05,79.01,27100,77.39
586,2005-07-19 00:00:00,77.5,78.69,77.38,78.69,44200,77.08
587,2005-07-18 00:00:00,77.41,77.6,77.0,77.38,44700,75.79
588,2005-07-15 00:00:00,78.1,78.31,77.34,77.41,39300,75.82
589,2005-07-14 00:00:00,80.45,80.45,77.61,77.98,47700,76.38
590,2005-07-13 00:00:00,80.0,80.35,79.41,79.6,38600,77.97
591,2005-07-12 00:00:00,79.42,80.49,79.4,80.17,53000,78.53
592,2005-07-11 00:00:00,79.39,79.63,78.49,79.63,40100,78.0
593,2005-07-08 00:00:00,79.65,79.88,78.57,79.08,46700,77.46
594,2005-07-07 00:00:00,77.85,79.15,77.5,79.14,60300,77.52
595,2005-07-06 00:00:00,79.72,79.82,78.3,78.45,73100,76.84
596,2005-07-05 00:00:00,77.9,79.26,77.86,79.24,55700,77.62
597,2005-07-01 00:00:00,76.21,77.51,76.21,77.27,29300,75.69
598,2005-06-30 00:00:00,76.2,76.97,75.88,75.88,45400,74.32
599,2005-06-29 00:00:00,76.65,76.83,75.95,76.35,54600,74.78
600,2005-06-28 00:00:00,77.35,77.68,76.54,76.57,78600,75.0
601,2005-06-27 00:00:00,76.8,77.54,76.8,77.28,122700,75.7
602,2005-06-24 00:00:00,77.15,77.16,76.17,76.3,65200,74.74
603,2005-06-23 00:00:00,76.7,77.85,76.5,76.7,68400,75.13
604,2005-06-22 00:00:00,76.75,77.09,75.91,76.99,109000,75.41
605,2005-06-21 00:00:00,77.45,77.8,76.44,76.44,87500,74.87
606,2005-06-20 00:00:00,78.37,78.49,77.65,77.9,95100,76.09
607,2005-06-17 00:00:00,78.05,78.17,77.36,77.7,79500,75.9
608,2005-06-16 00:00:00,76.15,76.94,76.05,76.84,85200,75.06
609,2005-06-15 00:00:00,75.3,75.83,75.1,75.83,75900,74.07
610,2005-06-14 00:00:00,74.1,74.9,74.1,74.84,172600,73.1
611,2005-06-13 00:00:00,74.0,74.6,73.51,74.48,100100,72.75
612,2005-06-10 00:00:00,73.98,74.08,73.31,74.0,179300,72.28
613,2005-06-09 00:00:00,72.45,73.74,72.23,73.74,853200,72.03
614,2005-06-08 00:00:00,144.13,146.44,143.75,144.48,109600,70.56
615,2005-06-07 00:00:00,145.0,146.07,144.11,144.11,58000,70.38
616,2005-06-06 00:00:00,145.1,145.5,144.35,145.15,94800,70.89
617,2005-06-03 00:00:00,144.2,145.36,144.01,144.91,87000,70.77
618,2005-06-02 00:00:00,144.05,144.95,143.3,144.17,75800,70.41
619,2005-06-01 00:00:00,142.2,144.63,142.15,143.99,273200,70.32
620,2005-05-31 00:00:00,141.85,142.38,140.65,141.75,119800,69.23
621,2005-05-27 00:00:00,141.4,142.87,140.99,142.79,46200,69.74
622,2005-05-26 00:00:00,140.4,140.72,140.0,140.7,192600,68.72
623,2005-05-25 00:00:00,138.74,140.29,137.77,139.82,137600,68.29
624,2005-05-24 00:00:00,138.01,138.74,137.92,138.6,32800,67.69
625,2005-05-23 00:00:00,136.15,138.23,136.15,137.9,64400,67.35
626,2005-05-20 00:00:00,136.31,137.08,135.74,135.85,82200,66.35
627,2005-05-19 00:00:00,135.1,137.0,135.1,137.0,76600,66.91
628,2005-05-18 00:00:00,136.2,137.08,134.74,135.35,60000,66.1
629,2005-05-17 00:00:00,132.33,134.9,132.33,134.9,80000,65.88
630,2005-05-16 00:00:00,132.05,132.45,130.42,132.39,212200,64.66
631,2005-05-13 00:00:00,134.8,135.36,131.9,132.79,127600,64.85
632,2005-05-12 00:00:00,140.35,140.35,134.93,135.01,186600,65.94
633,2005-05-11 00:00:00,140.3,140.5,139.24,140.5,37800,68.62
634,2005-05-10 00:00:00,142.25,142.36,140.01,140.2,82800,68.47
635,2005-05-09 00:00:00,141.6,142.5,141.23,142.5,46200,69.6
636,2005-05-06 00:00:00,142.0,142.44,140.9,141.15,64400,68.94
637,2005-05-05 00:00:00,140.75,141.73,140.35,141.0,33400,68.86
638,2005-05-04 00:00:00,139.0,140.05,137.84,140.0,55600,68.37
639,2005-05-03 00:00:00,140.25,140.25,137.81,137.81,45600,67.3
640,2005-05-02 00:00:00,138.0,140.4,137.67,140.4,60400,68.57
641,2005-04-29 00:00:00,138.69,138.69,136.81,137.8,50600,67.3
642,2005-04-28 00:00:00,138.25,138.25,136.56,137.11,87200,66.96
643,2005-04-27 00:00:00,142.25,142.25,138.85,139.15,248800,67.96
644,2005-04-26 00:00:00,144.25,144.25,142.43,142.51,91400,69.6
645,2005-04-25 00:00:00,144.35,145.02,143.63,144.1,88400,70.38
646,2005-04-22 00:00:00,142.25,143.93,141.14,142.44,47600,69.57
647,2005-04-21 00:00:00,139.57,142.15,139.15,142.15,84400,69.42
648,2005-04-20 00:00:00,141.4,142.36,138.87,138.87,64400,67.82
649,2005-04-19 00:00:00,139.61,141.87,139.61,141.65,87800,69.18
650,2005-04-18 00:00:00,135.9,138.44,135.32,138.25,176000,67.52
651,2005-04-15 00:00:00,139.82,140.42,135.96,136.1,475000,66.47
652,2005-04-14 00:00:00,142.65,142.65,140.24,140.24,342600,68.49
653,2005-04-13 00:00:00,144.25,145.2,141.77,142.0,161400,69.35
654,2005-04-12 00:00:00,146.88,147.01,144.54,145.25,53400,70.94
655,2005-04-11 00:00:00,147.06,147.76,145.85,147.5,50000,72.04
656,2005-04-08 00:00:00,148.6,149.19,146.71,146.81,111400,71.7
657,2005-04-07 00:00:00,150.55,150.9,148.38,149.15,85400,72.84
658,2005-04-06 00:00:00,147.2,149.67,146.86,149.6,69000,73.06
659,2005-04-05 00:00:00,148.8,149.01,146.74,147.21,103200,71.9
660,2005-04-04 00:00:00,149.89,150.38,147.72,148.65,104400,72.6
661,2005-04-01 00:00:00,148.4,149.65,147.67,149.65,156800,73.09
662,2005-03-31 00:00:00,146.77,147.26,146.12,146.81,67600,71.7
663,2005-03-30 00:00:00,143.2,143.81,140.73,143.81,170000,70.23
664,2005-03-29 00:00:00,144.54,145.97,142.29,142.29,95600,69.49
665,2005-03-28 00:00:00,144.46,144.92,143.4,144.3,143600,70.47
666,2005-03-24 00:00:00,146.21,146.75,144.31,145.11,63600,70.66
667,2005-03-23 00:00:00,146.72,146.89,144.62,144.83,190600,70.52
668,2005-03-22 00:00:00,150.5,151.94,148.13,148.42,107600,72.27
669,2005-03-21 00:00:00,151.15,151.27,149.31,149.9,137600,72.99
670,2005-03-18 00:00:00,150.49,151.48,150.49,151.4,94600,73.72
671,2005-03-17 00:00:00,149.47,150.66,149.21,150.42,74400,73.24
672,2005-03-16 00:00:00,147.9,150.0,147.35,148.48,126000,72.3
673,2005-03-15 00:00:00,150.49,151.08,148.14,148.4,112800,72.26
674,2005-03-14 00:00:00,149.38,149.98,147.4,149.6,163800,72.84
675,2005-03-11 00:00:00,147.87,150.13,147.87,149.04,143200,72.57
676,2005-03-10 00:00:00,150.5,150.5,146.86,147.91,312200,72.02
677,2005-03-09 00:00:00,154.06,155.24,150.37,150.5,329400,73.28
678,2005-03-08 00:00:00,154.08,154.64,153.6,153.6,286400,74.79
679,2005-03-07 00:00:00,154.9,154.9,152.38,153.6,170000,74.79
680,2005-03-04 00:00:00,152.65,155.22,152.27,154.87,90800,75.41
681,2005-03-03 00:00:00,151.0,152.15,150.51,151.9,98200,73.96
682,2005-03-02 00:00:00,148.3,150.26,148.02,150.09,96200,73.08
683,2005-03-01 00:00:00,150.28,150.7,148.06,148.43,151800,72.27
684,2005-02-28 00:00:00,152.7,153.42,148.15,150.7,271600,73.38
685,2005-02-25 00:00:00,148.75,152.09,148.75,151.57,155800,73.8
686,2005-02-24 00:00:00,146.7,148.58,146.2,148.58,110600,72.35
687,2005-02-23 00:00:00,145.7,146.98,145.26,146.98,81400,71.57
688,2005-02-22 00:00:00,146.79,147.94,145.37,145.49,148200,70.84
689,2005-02-18 00:00:00,144.22,146.19,144.22,145.8,127000,70.99
690,2005-02-17 00:00:00,145.06,145.74,143.32,143.32,184800,69.79
691,2005-02-16 00:00:00,141.82,144.7,141.67,144.5,76400,70.36
692,2005-02-15 00:00:00,141.1,141.62,140.5,141.15,89200,68.73
693,2005-02-14 00:00:00,141.25,141.4,140.71,140.9,56400,68.61
694,2005-02-11 00:00:00,139.7,141.37,139.1,140.87,126000,68.59
695,2005-02-10 00:00:00,137.15,139.67,137.0,139.32,100400,67.84
696,2005-02-09 00:00:00,136.3,137.05,135.22,136.24,50000,66.34
697,2005-02-08 00:00:00,135.7,136.71,135.11,136.55,61200,66.49
698,2005-02-07 00:00:00,136.9,137.11,135.1,135.8,34800,66.12
699,2005-02-04 00:00:00,136.36,137.08,136.01,137.08,70600,66.75
700,2005-02-03 00:00:00,135.49,136.3,134.85,136.21,34000,66.32
701,2005-02-02 00:00:00,134.9,136.49,134.9,136.44,44600,66.44
702,2005-02-01 00:00:00,133.9,134.82,133.46,134.77,39200,65.62
703,2005-01-31 00:00:00,131.15,133.2,130.86,132.91,35200,64.72
704,2005-01-28 00:00:00,132.3,132.3,131.01,131.67,41200,64.11
705,2005-01-27 00:00:00,131.5,133.21,131.5,132.7,46200,64.62
706,2005-01-26 00:00:00,131.25,132.08,130.85,131.87,44800,64.21
707,2005-01-25 00:00:00,131.06,131.43,130.09,130.57,29800,63.58
708,2005-01-24 00:00:00,130.79,131.57,130.58,130.58,51400,63.58
709,2005-01-21 00:00:00,130.0,131.0,129.79,129.79,41600,63.2
710,2005-01-20 00:00:00,129.5,129.89,128.33,129.2,46200,62.91
711,2005-01-19 00:00:00,131.15,131.32,130.39,130.39,40600,63.49
712,2005-01-18 00:00:00,130.77,131.15,130.37,130.94,89400,63.76
713,2005-01-14 00:00:00,129.5,130.21,129.25,130.19,85800,63.39
714,2005-01-13 00:00:00,129.03,130.54,128.98,129.36,38800,62.99
715,2005-01-12 00:00:00,127.4,128.9,127.12,128.9,37000,62.77
716,2005-01-11 00:00:00,127.09,127.54,126.28,126.95,96200,61.82
717,2005-01-10 00:00:00,127.14,127.98,126.83,127.21,62000,61.94
718,2005-01-07 00:00:00,126.78,126.92,125.0,126.14,41800,61.42
719,2005-01-06 00:00:00,125.4,127.33,125.2,126.77,78000,61.73
720,2005-01-05 00:00:00,126.4,126.74,125.01,125.2,66000,60.96
721,2005-01-04 00:00:00,127.71,127.84,126.14,126.28,122800,61.49
722,2005-01-03 00:00:00,130.43,130.43,127.03,127.49,111600,62.08
723,2004-12-31 00:00:00,131.25,131.82,131.25,131.29,82800,63.93
724,2004-12-30 00:00:00,131.02,131.43,130.98,131.01,32400,63.79
725,2004-12-29 00:00:00,130.7,131.49,130.26,131.35,81000,63.96
726,2004-12-28 00:00:00,130.0,130.72,130.0,130.69,54600,63.64
727,2004-12-27 00:00:00,131.32,131.32,129.86,129.86,38600,63.23
728,2004-12-23 00:00:00,131.33,131.72,131.1,131.6,60400,63.92
729,2004-12-22 00:00:00,132.56,132.6,130.07,130.7,81000,63.48
730,2004-12-21 00:00:00,131.28,132.32,131.17,132.32,116400,64.27
731,2004-12-20 00:00:00,130.96,131.42,130.76,131.14,89200,63.69
732,2004-12-17 00:00:00,130.0,130.46,129.8,130.25,34600,63.26
733,2004-12-16 00:00:00,130.83,130.88,129.7,130.0,33200,63.14
734,2004-12-15 00:00:00,130.49,131.55,129.9,131.3,54400,63.77
735,2004-12-14 00:00:00,129.55,130.11,129.01,129.9,50600,63.09
736,2004-12-13 00:00:00,128.3,129.57,128.27,129.43,45400,62.86
737,2004-12-10 00:00:00,128.9,129.06,127.47,127.54,23000,61.95
738,2004-12-09 00:00:00,127.41,128.69,127.01,128.37,35200,62.35
739,2004-12-08 00:00:00,126.05,127.78,125.22,127.63,76200,61.99
740,2004-12-07 00:00:00,130.0,130.0,127.4,127.59,60200,61.97
741,2004-12-06 00:00:00,130.3,130.41,129.24,130.21,39800,63.24
742,2004-12-03 00:00:00,128.61,130.58,128.61,130.1,271600,63.19
743,2004-12-02 00:00:00,132.17,132.17,128.77,129.36,108200,62.83
744,2004-12-01 00:00:00,135.0,135.16,132.74,133.17,59200,64.68
745,2004-11-30 00:00:00,135.78,135.84,135.0,135.19,34400,65.66
746,2004-11-29 00:00:00,136.39,136.45,134.44,135.3,79000,65.71
747,2004-11-26 00:00:00,135.63,136.61,135.63,136.29,44800,66.2
748,2004-11-24 00:00:00,134.05,134.81,133.23,134.77,189200,65.46
749,2004-11-23 00:00:00,133.3,134.07,133.09,133.33,60400,64.76
750,2004-11-22 00:00:00,131.91,133.03,131.6,132.98,158600,64.59
751,2004-11-19 00:00:00,130.2,131.64,130.2,131.44,120000,63.84
752,2004-11-18 00:00:00,129.48,130.11,129.32,130.11,51400,63.19
753,2004-11-17 00:00:00,129.2,129.8,128.84,129.5,49000,62.9
754,2004-11-16 00:00:00,128.35,128.77,128.05,128.07,41800,62.2
755,2004-11-15 00:00:00,130.5,130.5,127.57,128.17,55400,62.25
756,2004-11-12 00:00:00,128.27,130.62,128.21,130.55,83800,63.41
757,2004-11-11 00:00:00,127.6,128.32,127.6,128.32,57400,62.32
758,2004-11-10 00:00:00,127.15,128.37,126.32,128.19,21600,62.26
759,2004-11-09 00:00:00,127.17,127.56,126.7,126.81,21200,61.59
760,2004-11-08 00:00:00,128.65,128.65,127.09,127.2,41200,61.78
761,2004-11-05 00:00:00,128.41,129.11,128.01,128.96,40400,62.63
762,2004-11-04 00:00:00,127.28,128.23,127.28,128.2,69800,62.27
763,2004-11-03 00:00:00,125.7,126.99,125.19,126.95,57800,61.66
764,2004-11-02 00:00:00,125.5,125.55,123.82,123.99,22400,60.22
765,2004-11-01 00:00:00,127.0,127.23,125.07,125.35,32600,60.88
766,2004-10-29 00:00:00,125.12,126.23,124.94,126.09,17800,61.24
767,2004-10-28 00:00:00,126.0,126.3,124.21,124.36,95200,60.4
768,2004-10-27 00:00:00,128.9,129.05,126.0,126.48,24200,61.43
769,2004-10-26 00:00:00,127.7,128.43,127.15,128.43,30600,62.38
770,2004-10-25 00:00:00,127.17,127.93,126.82,127.53,29600,61.94
771,2004-10-22 00:00:00,127.73,128.09,127.14,127.14,18800,61.75
772,2004-10-21 00:00:00,126.66,127.59,126.44,127.3,42800,61.83
773,2004-10-20 00:00:00,124.3,126.26,124.3,126.26,37000,61.32
774,2004-10-19 00:00:00,123.55,124.5,123.33,123.47,79000,59.97
775,2004-10-18 00:00:00,125.84,125.84,124.24,124.24,70800,60.34
776,2004-10-15 00:00:00,126.2,126.2,125.44,125.79,54600,61.1
777,2004-10-14 00:00:00,124.84,125.94,124.84,125.36,31400,60.89
778,2004-10-13 00:00:00,125.1,125.24,123.01,124.28,99800,60.36
779,2004-10-12 00:00:00,128.19,128.25,126.92,126.92,52800,61.64
780,2004-10-11 00:00:00,130.07,130.07,128.07,128.34,55000,62.33
781,2004-10-08 00:00:00,129.72,130.12,129.0,129.56,63400,62.93
782,2004-10-07 00:00:00,131.05,131.41,129.25,129.37,57000,62.83
783,2004-10-06 00:00:00,128.83,130.4,128.83,130.4,76400,63.33
784,2004-10-05 00:00:00,127.5,128.53,127.5,128.21,45800,62.27
785,2004-10-04 00:00:00,126.56,127.15,126.49,126.84,45400,61.61
786,2004-10-01 00:00:00,125.9,127.31,125.9,127.31,50000,61.83
787,2004-09-30 00:00:00,125.02,125.86,125.02,125.78,52800,61.09
788,2004-09-29 00:00:00,125.4,125.53,124.1,124.8,34200,60.61
789,2004-09-28 00:00:00,124.95,125.89,124.86,125.65,40400,61.03
790,2004-09-27 00:00:00,123.65,124.15,123.14,123.55,29600,60.01
791,2004-09-24 00:00:00,122.95,124.07,122.9,123.83,20400,59.94
792,2004-09-23 00:00:00,122.85,122.95,122.1,122.57,22600,59.33
793,2004-09-22 00:00:00,123.5,123.79,123.03,123.45,21800,59.75
794,2004-09-21 00:00:00,122.1,124.36,122.1,124.23,75600,60.13
795,2004-09-20 00:00:00,121.35,122.15,121.34,121.34,42000,58.73
796,2004-09-17 00:00:00,120.55,121.21,120.12,121.1,20000,58.62
797,2004-09-16 00:00:00,119.44,119.92,119.4,119.74,33200,57.96
798,2004-09-15 00:00:00,119.55,120.0,119.22,119.25,9000,57.72
799,2004-09-14 00:00:00,119.3,119.96,119.16,119.54,38200,57.86
800,2004-09-13 00:00:00,119.4,119.49,119.17,119.3,18000,57.74
801,2004-09-10 00:00:00,119.2,119.2,118.25,118.62,17200,57.42
802,2004-09-09 00:00:00,118.2,119.71,118.2,119.45,26600,57.82
803,2004-09-08 00:00:00,117.67,118.49,117.67,118.17,10000,57.2
804,2004-09-07 00:00:00,118.23,118.23,117.4,117.92,11800,57.08
805,2004-09-03 00:00:00,117.87,118.48,117.62,118.48,24800,57.35
806,2004-09-02 00:00:00,117.99,118.62,117.76,118.62,14400,57.42
807,2004-09-01 00:00:00,116.1,117.62,116.1,117.42,12000,56.83
808,2004-08-31 00:00:00,114.77,115.76,114.62,115.76,37400,56.03
809,2004-08-30 00:00:00,115.4,115.4,114.1,114.2,16400,55.28
810,2004-08-27 00:00:00,114.6,115.0,114.6,114.94,13400,55.63
811,2004-08-26 00:00:00,113.32,114.12,112.77,114.03,25200,55.19
812,2004-08-25 00:00:00,112.81,113.35,112.81,113.35,17800,54.86
813,2004-08-24 00:00:00,113.23,113.42,112.13,112.74,27200,54.57
814,2004-08-23 00:00:00,114.93,115.0,113.22,113.22,23000,54.8
815,2004-08-20 00:00:00,114.68,115.72,114.68,114.97,36600,55.65
816,2004-08-19 00:00:00,113.55,114.34,113.48,114.01,90800,55.18
817,2004-08-18 00:00:00,112.7,113.2,112.35,113.2,19800,54.79
818,2004-08-17 00:00:00,113.4,113.4,111.88,112.07,22600,54.24
819,2004-08-16 00:00:00,112.55,113.64,112.55,113.56,13200,54.97
820,2004-08-13 00:00:00,112.0,112.63,111.71,112.3,14600,54.36
821,2004-08-12 00:00:00,112.72,112.72,111.11,111.17,25800,53.81
822,2004-08-11 00:00:00,112.95,112.95,111.73,112.27,11000,54.34
823,2004-08-10 00:00:00,113.21,114.08,113.07,113.09,38000,54.74
824,2004-08-09 00:00:00,112.22,113.75,112.22,113.21,69000,54.8
825,2004-08-06 00:00:00,113.7,113.7,111.57,111.7,22800,54.07
826,2004-08-05 00:00:00,115.6,115.6,113.7,113.7,15800,55.03
827,2004-08-04 00:00:00,117.65,117.65,115.7,115.73,22200,56.02
828,2004-08-03 00:00:00,117.57,118.13,117.57,117.7,25800,56.97
829,2004-08-02 00:00:00,117.1,117.1,115.79,117.0,19000,56.63
830,2004-07-30 00:00:00,117.1,117.28,116.72,117.21,19600,56.73
831,2004-07-29 00:00:00,116.1,116.71,115.55,116.62,17000,56.45
832,2004-07-28 00:00:00,115.15,115.78,114.28,115.7,12000,56.0
833,2004-07-27 00:00:00,112.7,114.74,112.62,114.74,20000,55.54
834,2004-07-26 00:00:00,114.6,114.88,112.7,113.25,42800,54.82
835,2004-07-23 00:00:00,115.15,115.15,114.27,114.51,14800,55.43
836,2004-07-22 00:00:00,115.64,115.7,114.89,115.45,15600,55.88
837,2004-07-21 00:00:00,117.42,117.88,115.32,115.32,13400,55.82
838,2004-07-20 00:00:00,117.53,117.59,117.0,117.44,19200,56.84
839,2004-07-19 00:00:00,118.05,118.42,117.49,117.98,24600,57.11
840,2004-07-16 00:00:00,118.05,118.61,117.72,118.39,72000,57.3
841,2004-07-15 00:00:00,116.65,117.41,116.5,117.15,34000,56.7
842,2004-07-14 00:00:00,115.25,116.59,115.25,116.59,54000,56.43
843,2004-07-13 00:00:00,115.64,115.64,114.76,115.51,14000,55.91
844,2004-07-12 00:00:00,116.45,116.45,115.6,115.97,34200,56.13
845,2004-07-09 00:00:00,116.44,116.6,115.69,116.6,29600,56.44
846,2004-07-08 00:00:00,115.96,116.25,115.61,115.85,30000,56.07
847,2004-07-07 00:00:00,115.49,116.15,115.02,116.06,49800,56.18
848,2004-07-06 00:00:00,115.36,115.75,114.99,115.46,17600,55.89
849,2004-07-02 00:00:00,114.8,115.21,114.6,114.98,22200,55.65
850,2004-07-01 00:00:00,114.8,114.99,114.12,114.6,58800,55.47
851,2004-06-30 00:00:00,114.12,114.99,113.81,114.99,25400,55.66
852,2004-06-29 00:00:00,113.5,113.79,113.5,113.75,34800,55.06
853,2004-06-28 00:00:00,114.8,114.8,113.18,113.47,26800,54.92
854,2004-06-25 00:00:00,115.8,116.16,115.17,115.35,12400,55.61
855,2004-06-24 00:00:00,116.6,116.6,115.58,115.81,38400,55.83
856,2004-06-23 00:00:00,114.9,115.94,114.32,115.9,28600,55.88
857,2004-06-22 00:00:00,113.6,114.3,113.22,114.3,12600,55.11
858,2004-06-21 00:00:00,114.25,114.25,113.69,114.07,23200,55.0
859,2004-06-18 00:00:00,114.3,114.41,114.05,114.23,13400,55.07
860,2004-06-17 00:00:00,113.25,113.76,112.59,113.59,27400,54.76
861,2004-06-16 00:00:00,111.99,112.56,111.61,112.32,63200,54.15
862,2004-06-15 00:00:00,110.0,111.03,110.0,110.73,13400,53.39
863,2004-06-14 00:00:00,109.4,109.4,108.71,108.81,14000,52.46
864,2004-06-10 00:00:00,109.5,110.3,109.5,109.98,13000,53.02
865,2004-06-09 00:00:00,109.45,109.46,108.61,108.93,54800,52.52
866,2004-06-08 00:00:00,111.09,111.32,110.01,110.29,14600,53.17
867,2004-06-07 00:00:00,109.6,110.84,109.52,110.84,16400,53.44
868,2004-06-04 00:00:00,109.0,109.1,108.54,108.83,9000,52.47
869,2004-06-03 00:00:00,110.45,110.56,109.0,109.0,34200,52.55
870,2004-06-02 00:00:00,110.55,110.75,109.8,110.2,24000,53.13
871,2004-06-01 00:00:00,110.4,110.47,109.84,110.27,9400,53.16
872,2004-05-28 00:00:00,109.1,109.26,109.06,109.06,6200,52.58
873,2004-05-27 00:00:00,110.26,110.26,108.7,109.1,36400,52.6
874,2004-05-26 00:00:00,110.85,110.87,109.44,109.86,21600,52.97
875,2004-05-25 00:00:00,109.35,110.6,109.35,110.6,40800,53.32
876,2004-05-24 00:00:00,106.6,108.57,106.6,108.57,18800,52.34
877,2004-05-21 00:00:00,107.2,107.3,106.1,106.14,15200,51.17
878,2004-05-20 00:00:00,107.19,107.19,106.4,106.63,5600,51.41
879,2004-05-19 00:00:00,107.5,108.27,106.51,106.67,22200,51.43
880,2004-05-18 00:00:00,107.6,107.63,106.13,106.48,36000,51.34
881,2004-05-17 00:00:00,107.8,108.14,107.35,107.5,18800,51.83
882,2004-05-14 00:00:00,107.6,108.59,107.1,107.99,46600,52.06
883,2004-05-13 00:00:00,107.4,107.42,106.6,106.8,12200,51.49
884,2004-05-12 00:00:00,106.95,107.15,105.61,107.15,21600,51.66
885,2004-05-11 00:00:00,105.74,106.31,105.6,106.31,9600,51.25
886,2004-05-10 00:00:00,105.5,105.75,103.93,104.92,80800,50.58
887,2004-05-07 00:00:00,110.0,110.0,107.26,107.3,103800,51.73
888,2004-05-06 00:00:00,111.25,111.25,109.4,110.57,41200,53.31
889,2004-05-05 00:00:00,110.5,111.49,110.0,111.49,18400,53.75
890,2004-05-04 00:00:00,111.0,111.67,110.25,111.09,34200,53.56
891,2004-05-03 00:00:00,108.18,110.25,108.18,110.25,75800,53.15
892,2004-04-30 00:00:00,108.85,109.05,107.99,108.38,76600,52.25
893,2004-04-29 00:00:00,110.4,110.5,107.51,108.15,30600,52.14
894,2004-04-28 00:00:00,111.8,111.8,109.88,109.88,63000,52.98
895,2004-04-27 00:00:00,111.4,113.23,111.4,112.71,38600,54.34
896,2004-04-26 00:00:00,112.06,112.32,111.32,111.32,38800,53.67
897,2004-04-23 00:00:00,111.55,111.55,110.54,111.03,43800,53.53
898,2004-04-22 00:00:00,109.25,111.95,109.25,111.92,24800,53.96
899,2004-04-21 00:00:00,109.51,109.74,109.0,109.59,21200,52.84
900,2004-04-20 00:00:00,112.6,112.62,109.76,109.76,37400,52.92
901,2004-04-19 00:00:00,113.44,113.6,112.51,112.99,28000,54.48
902,2004-04-16 00:00:00,112.4,113.29,112.35,113.19,59800,54.57
903,2004-04-15 00:00:00,111.01,112.21,111.01,112.21,60200,54.1
904,2004-04-14 00:00:00,109.89,111.08,109.85,110.43,51800,53.24
905,2004-04-13 00:00:00,113.0,113.0,110.93,111.13,36600,53.58
906,2004-04-12 00:00:00,111.75,112.8,111.75,112.69,26400,54.33
907,2004-04-08 00:00:00,111.48,111.56,110.71,111.17,78600,53.6
908,2004-04-07 00:00:00,110.84,111.28,110.25,111.04,31800,53.54
909,2004-04-06 00:00:00,111.29,111.4,110.62,111.1,38200,53.56
910,2004-04-05 00:00:00,110.81,110.99,110.34,110.99,68000,53.51
911,2004-04-02 00:00:00,110.08,110.68,109.8,110.68,68600,53.36
912,2004-04-01 00:00:00,110.8,110.91,109.43,109.78,56000,52.93
913,2004-03-31 00:00:00,110.6,110.67,109.4,110.49,138600,53.27
914,2004-03-30 00:00:00,108.36,110.28,108.36,110.0,29000,53.03
915,2004-03-29 00:00:00,107.77,108.3,107.77,107.95,25000,52.05
916,2004-03-26 00:00:00,106.8,107.85,106.63,107.18,56000,51.57
917,2004-03-25 00:00:00,106.0,106.25,105.66,106.25,65000,51.12
918,2004-03-24 00:00:00,107.5,107.61,105.48,105.59,50200,50.8
919,2004-03-23 00:00:00,108.69,108.69,106.97,107.86,28600,51.9
920,2004-03-22 00:00:00,109.24,109.24,108.05,108.26,125800,52.09
921,2004-03-19 00:00:00,111.0,111.12,109.63,109.63,65800,52.75
922,2004-03-18 00:00:00,110.65,111.15,110.18,110.87,42000,53.34
923,2004-03-17 00:00:00,109.2,110.38,108.87,110.35,29400,53.09
924,2004-03-16 00:00:00,109.15,109.16,107.85,108.66,28400,52.28
925,2004-03-15 00:00:00,109.05,109.4,108.35,108.49,64600,52.2
926,2004-03-12 00:00:00,107.97,109.07,107.7,109.07,41600,52.48
927,2004-03-11 00:00:00,108.51,109.29,107.39,107.5,45600,51.72
928,2004-03-10 00:00:00,111.65,111.65,108.9,109.0,73800,52.44
929,2004-03-09 00:00:00,112.3,112.45,111.19,111.66,49000,53.72
930,2004-03-08 00:00:00,113.45,113.58,112.47,112.47,48600,54.11
931,2004-03-05 00:00:00,112.1,113.0,112.1,112.78,53200,54.26
932,2004-03-04 00:00:00,111.55,111.73,111.0,111.5,28200,53.65
933,2004-03-03 00:00:00,111.4,111.84,110.52,111.72,45600,53.75
934,2004-03-02 00:00:00,113.05,113.12,111.72,111.84,42800,53.81
935,2004-03-01 00:00:00,111.35,113.13,111.35,113.05,118400,54.39
936,2004-02-27 00:00:00,110.25,110.99,110.0,110.81,23800,53.32
937,2004-02-26 00:00:00,109.4,110.14,109.0,110.0,59400,52.93
938,2004-02-25 00:00:00,108.87,109.38,108.74,109.35,50000,52.61
939,2004-02-24 00:00:00,108.09,109.13,108.09,108.87,21000,52.38
940,2004-02-23 00:00:00,108.35,108.46,108.01,108.23,35200,52.07
941,2004-02-20 00:00:00,108.95,108.95,107.21,108.06,61600,51.99
942,2004-02-19 00:00:00,108.75,109.12,108.16,108.65,47000,52.28
943,2004-02-18 00:00:00,109.9,109.9,108.07,108.07,33400,52.0
944,2004-02-17 00:00:00,109.4,109.78,109.37,109.72,64800,52.79
945,2004-02-13 00:00:00,109.0,109.0,107.95,108.43,57000,52.17
946,2004-02-12 00:00:00,108.7,109.31,108.45,108.8,43000,52.35
947,2004-02-11 00:00:00,107.3,108.92,107.1,108.7,40000,52.3
948,2004-02-10 00:00:00,106.35,107.4,106.1,107.24,66600,51.6
949,2004-02-09 00:00:00,105.81,106.42,105.81,106.14,46400,51.07
950,2004-02-06 00:00:00,103.95,104.69,103.56,104.62,17000,50.34
951,2004-02-05 00:00:00,103.9,104.21,103.14,103.63,23000,49.86
952,2004-02-04 00:00:00,105.05,105.05,103.87,103.99,29200,50.03
953,2004-02-03 00:00:00,105.2,105.47,104.7,105.32,30400,50.67
954,2004-02-02 00:00:00,104.8,105.6,104.09,105.07,58400,50.55
955,2004-01-30 00:00:00,105.1,105.1,104.34,104.98,63200,50.51
956,2004-01-29 00:00:00,106.7,106.7,104.55,105.07,27800,50.55
957,2004-01-28 00:00:00,108.0,108.3,106.09,106.45,22600,51.22
958,2004-01-27 00:00:00,108.5,108.76,108.01,108.2,33000,52.06
959,2004-01-26 00:00:00,107.8,108.32,107.32,108.32,54400,52.12
960,2004-01-23 00:00:00,108.2,108.66,107.62,107.84,33000,51.89
961,2004-01-22 00:00:00,108.9,108.9,107.76,108.04,13000,51.98
962,2004-01-21 00:00:00,108.0,108.81,107.9,108.63,58000,52.27
963,2004-01-20 00:00:00,106.6,108.11,106.36,107.95,64600,51.94
964,2004-01-16 00:00:00,104.75,105.44,104.47,105.44,75600,50.73
965,2004-01-15 00:00:00,107.1,107.15,105.0,105.04,93600,50.54
966,2004-01-14 00:00:00,107.0,107.0,106.02,106.55,43200,51.27
967,2004-01-13 00:00:00,107.9,108.18,107.01,107.01,21200,51.49
968,2004-01-12 00:00:00,107.9,107.9,107.21,107.5,33400,51.72
969,2004-01-09 00:00:00,106.59,108.21,106.28,107.7,67000,51.82
970,2004-01-08 00:00:00,107.48,108.03,106.84,107.99,36800,51.96
971,2004-01-07 00:00:00,108.35,108.35,107.05,107.45,63200,51.7
972,2004-01-06 00:00:00,109.45,109.48,108.6,108.95,154600,52.42
973,2004-01-05 00:00:00,108.0,109.2,108.0,109.2,106600,52.54
974,2004-01-02 00:00:00,107.45,107.7,106.85,107.01,84400,51.49
975,2003-12-31 00:00:00,107.95,108.0,106.75,106.81,30200,51.39
976,2003-12-30 00:00:00,107.4,107.84,107.3,107.32,63000,51.64
977,2003-12-29 00:00:00,105.95,107.31,105.95,107.25,37600,51.6
978,2003-12-26 00:00:00,105.3,105.84,105.3,105.83,17400,50.92
979,2003-12-24 00:00:00,104.5,105.44,104.49,105.27,27600,50.65
980,2003-12-23 00:00:00,104.9,104.98,103.76,104.44,40800,50.25
981,2003-12-22 00:00:00,104.6,104.81,104.42,104.78,77600,50.41
982,2003-12-19 00:00:00,104.8,104.8,104.0,104.4,53200,50.23
983,2003-12-18 00:00:00,102.5,104.86,102.49,104.6,86400,50.33
984,2003-12-17 00:00:00,101.05,102.15,100.95,102.15,52200,49.15
985,2003-12-16 00:00:00,100.6,100.95,100.6,100.95,32000,48.57
986,2003-12-15 00:00:00,101.17,101.17,100.04,100.27,39400,48.07
987,2003-12-12 00:00:00,100.7,101.53,100.65,101.53,30200,48.51
988,2003-12-11 00:00:00,99.65,100.53,99.24,100.49,18800,48.01
989,2003-12-10 00:00:00,100.54,100.54,99.43,99.81,32800,47.68
990,2003-12-09 00:00:00,101.29,101.29,100.42,100.61,72000,48.07
991,2003-12-08 00:00:00,99.59,100.64,99.4,100.64,49000,48.08
992,2003-12-05 00:00:00,99.07,99.46,98.81,99.39,36400,47.48
993,2003-12-04 00:00:00,97.5,99.07,97.3,99.07,23600,47.33
994,2003-12-03 00:00:00,97.6,97.87,97.17,97.44,45200,46.55
995,2003-12-02 00:00:00,96.8,97.61,96.59,97.44,21000,46.55
996,2003-12-01 00:00:00,96.0,96.8,95.9,96.8,14600,46.25
997,2003-11-28 00:00:00,95.37,95.52,95.3,95.52,8000,45.63
998,2003-11-26 00:00:00,94.9,95.35,94.66,95.3,19800,45.53
999,2003-11-25 00:00:00,93.8,94.49,93.8,94.49,6400,45.14
1000,2003-11-24 00:00:00,93.6,93.74,93.29,93.65,10000,44.74
1001,2003-11-21 00:00:00,93.75,93.79,93.2,93.3,18600,44.57
1002,2003-11-20 00:00:00,93.42,94.15,93.38,93.5,11200,44.67
1003,2003-11-19 00:00:00,93.5,93.87,93.5,93.87,14600,44.85
1004,2003-11-18 00:00:00,93.82,93.89,93.6,93.63,10000,44.73
1005,2003-11-17 00:00:00,94.4,94.4,93.16,93.5,14400,44.67
1006,2003-11-14 00:00:00,94.75,95.18,94.37,94.72,29200,45.25
1007,2003-11-13 00:00:00,93.95,94.64,93.95,94.61,21200,45.2
1008,2003-11-12 00:00:00,92.81,93.85,92.81,93.85,10000,44.84
1009,2003-11-11 00:00:00,92.95,93.0,92.49,92.8,7000,44.33
1010,2003-11-10 00:00:00,93.65,93.7,93.0,93.0,22200,44.43
1011,2003-11-07 00:00:00,93.0,93.8,93.0,93.65,28600,44.74
1012,2003-11-06 00:00:00,92.9,93.09,92.28,92.95,19600,44.41
1013,2003-11-05 00:00:00,92.81,92.93,92.6,92.75,6600,44.31
1014,2003-11-04 00:00:00,93.05,93.29,92.88,93.05,8800,44.45
1015,2003-11-03 00:00:00,93.6,93.98,93.01,93.13,7400,44.49
1016,2003-10-31 00:00:00,92.4,93.51,92.4,93.51,64600,44.67
1017,2003-10-30 00:00:00,92.61,92.61,92.11,92.38,15800,44.13
1018,2003-10-29 00:00:00,92.95,92.99,92.54,92.9,5600,44.38
1019,2003-10-28 00:00:00,92.6,92.6,92.0,92.59,11400,44.23
1020,2003-10-27 00:00:00,92.43,92.7,92.26,92.38,9400,44.13
1021,2003-10-24 00:00:00,92.34,92.48,92.01,92.23,13600,44.06
1022,2003-10-23 00:00:00,92.5,92.79,91.93,92.79,4600,44.33
1023,2003-10-22 00:00:00,93.9,93.9,92.86,92.86,8400,44.36
1024,2003-10-21 00:00:00,93.65,94.19,93.59,94.18,60000,44.99
1025,2003-10-20 00:00:00,93.75,93.75,93.12,93.57,18000,44.7
1026,2003-10-17 00:00:00,94.55,94.55,93.58,93.72,14600,44.77
1027,2003-10-16 00:00:00,94.0,94.71,94.0,94.45,3800,45.12
1028,2003-10-15 00:00:00,94.95,94.95,93.62,93.95,6000,44.88
1029,2003-10-14 00:00:00,94.9,94.9,94.16,94.85,11000,45.31
1030,2003-10-13 00:00:00,94.6,94.98,94.52,94.97,7400,45.37
1031,2003-10-10 00:00:00,93.65,94.48,93.65,94.35,7600,45.08
1032,2003-10-09 00:00:00,93.8,93.82,93.26,93.26,9200,44.55
1033,2003-10-08 00:00:00,93.83,94.18,93.49,93.5,28000,44.67
1034,2003-10-07 00:00:00,93.2,93.8,92.82,93.8,32000,44.81
1035,2003-10-06 00:00:00,93.0,93.4,92.9,93.4,25400,44.62
1036,2003-10-03 00:00:00,92.78,93.17,92.75,92.82,9400,44.34
1037,2003-10-02 00:00:00,91.5,92.32,91.5,92.32,73400,44.11
1038,2003-10-01 00:00:00,90.82,91.61,90.82,91.61,9400,43.77
1039,2003-09-30 00:00:00,90.65,90.85,89.59,90.5,17000,43.24
1040,2003-09-29 00:00:00,89.9,90.54,89.81,90.43,7000,43.2
1041,2003-09-26 00:00:00,90.65,90.65,89.64,90.1,6400,43.04
1042,2003-09-25 00:00:00,92.55,92.55,91.34,91.34,46000,43.64
1043,2003-09-24 00:00:00,92.64,93.01,92.1,92.41,5400,44.15
1044,2003-09-23 00:00:00,91.7,92.02,91.55,91.85,12000,43.88
1045,2003-09-22 00:00:00,91.85,91.85,91.35,91.55,12600,43.74
1046,2003-09-19 00:00:00,91.52,91.8,91.52,91.6,2200,43.76
1047,2003-09-18 00:00:00,91.0,91.28,90.6,91.28,27000,43.61
1048,2003-09-17 00:00:00,92.0,92.0,91.1,91.1,8800,43.52
1049,2003-09-16 00:00:00,91.42,91.85,91.42,91.85,23000,43.88
1050,2003-09-15 00:00:00,92.1,92.1,91.37,91.59,3800,43.76
1051,2003-09-12 00:00:00,92.24,92.49,91.85,92.49,13800,43.99
1052,2003-09-11 00:00:00,92.5,92.5,92.0,92.32,2800,43.91
1053,2003-09-10 00:00:00,92.9,92.9,92.25,92.25,1600,43.87
1054,2003-09-09 00:00:00,93.4,93.49,93.1,93.21,21200,44.33
1055,2003-09-08 00:00:00,92.68,93.64,92.68,93.54,6800,44.49
1056,2003-09-05 00:00:00,92.78,92.92,92.3,92.46,2800,43.97
1057,2003-09-04 00:00:00,92.96,92.99,92.77,92.9,5600,44.18
1058,2003-09-03 00:00:00,92.85,93.05,92.83,93.04,10200,44.25
1059,2003-09-02 00:00:00,92.4,92.65,91.96,92.47,10600,43.98
1060,2003-08-29 00:00:00,92.27,92.49,91.92,92.39,8600,43.94
1061,2003-08-28 00:00:00,90.91,92.14,90.91,92.14,1000,43.82
1062,2003-08-27 00:00:00,90.85,91.11,90.85,91.11,2800,43.33
1063,2003-08-26 00:00:00,90.5,90.64,89.68,90.64,12000,43.11
1064,2003-08-25 00:00:00,91.0,91.0,90.31,90.31,3600,42.95
1065,2003-08-22 00:00:00,91.99,91.99,91.01,91.01,5000,43.28
1066,2003-08-21 00:00:00,91.86,92.13,91.76,91.99,4600,43.75
1067,2003-08-20 00:00:00,91.0,91.84,91.0,91.67,5000,43.6
1068,2003-08-19 00:00:00,91.15,91.28,90.82,91.19,12600,43.37
1069,2003-08-18 00:00:00,91.15,91.42,91.05,91.33,5200,43.44
1070,2003-08-15 00:00:00,91.0,91.0,91.0,91.0,4800,43.28
1071,2003-08-14 00:00:00,90.95,91.22,90.63,90.71,5600,43.14
1072,2003-08-13 00:00:00,90.5,90.91,90.3,90.61,14200,43.09
1073,2003-08-12 00:00:00,90.4,90.4,89.72,90.21,6400,42.9
1074,2003-08-11 00:00:00,89.4,90.39,89.4,90.34,15200,42.97
1075,2003-08-08 00:00:00,88.83,89.17,88.83,89.17,8400,42.41
1076,2003-08-07 00:00:00,86.96,88.39,86.83,88.39,4200,42.04
1077,2003-08-06 00:00:00,86.18,86.71,86.18,86.71,15200,41.24
1078,2003-08-05 00:00:00,86.6,86.88,85.97,85.97,31000,40.89
1079,2003-08-04 00:00:00,86.75,86.75,85.85,86.41,3000,41.1
1080,2003-08-01 00:00:00,87.05,87.05,86.32,86.64,5600,41.21
1081,2003-07-31 00:00:00,86.95,87.86,86.61,86.9,6200,41.33
1082,2003-07-30 00:00:00,86.57,86.57,86.56,86.56,1000,41.17
1083,2003-07-29 00:00:00,86.88,87.04,86.59,87.04,2200,41.4
1084,2003-07-28 00:00:00,87.85,88.08,87.77,88.04,2200,41.87
1085,2003-07-25 00:00:00,87.34,87.54,87.34,87.54,2200,41.63
1086,2003-07-24 00:00:00,87.8,88.44,87.15,87.15,8400,41.45
1087,2003-07-23 00:00:00,87.8,87.8,87.27,87.27,3200,41.51
1088,2003-07-22 00:00:00,87.28,87.28,87.28,87.28,800,41.51
1089,2003-07-21 00:00:00,87.67,87.67,86.8,86.88,4200,41.32
1090,2003-07-18 00:00:00,86.72,87.42,86.72,87.42,3400,41.58
1091,2003-07-17 00:00:00,85.79,86.3,85.79,86.04,10200,40.92
1092,2003-07-16 00:00:00,85.78,85.78,85.45,85.45,400,40.64
1093,2003-07-15 00:00:00,86.55,86.55,85.74,85.74,2200,40.78
1094,2003-07-14 00:00:00,87.56,87.74,87.0,87.0,2400,41.38
1095,2003-07-11 00:00:00,87.07,87.63,87.07,87.3,1200,41.52
1096,2003-07-10 00:00:00,87.6,87.6,86.7,87.04,5000,41.4
1097,2003-07-09 00:00:00,88.23,88.5,88.06,88.17,4600,41.93
1098,2003-07-08 00:00:00,88.1,88.1,87.76,88.05,3000,41.88
1099,2003-07-07 00:00:00,88.6,88.93,88.32,88.57,2200,42.12
1100,2003-07-03 00:00:00,88.73,89.05,88.55,89.05,6000,42.35
1101,2003-07-02 00:00:00,88.65,88.98,88.65,88.98,600,42.32
1102,2003-07-01 00:00:00,88.6,88.6,87.94,88.57,125400,42.12
1103,2003-06-30 00:00:00,89.0,89.52,88.72,89.2,6000,42.42
1104,2003-06-27 00:00:00,89.32,89.81,89.0,89.0,3800,42.33
1105,2003-06-26 00:00:00,89.3,89.54,89.23,89.54,4000,42.58
1106,2003-06-25 00:00:00,89.7,90.66,89.7,90.0,8600,42.8
1107,2003-06-24 00:00:00,89.87,89.95,89.47,89.71,2400,42.67
1108,2003-06-23 00:00:00,90.11,90.11,89.48,89.89,8800,42.75
1109,2003-06-20 00:00:00,91.14,91.14,90.43,90.59,4400,43.08
1110,2003-06-19 00:00:00,90.73,91.3,90.61,90.98,5000,43.27
1111,2003-06-18 00:00:00,90.85,90.87,90.74,90.76,800,43.17
1112,2003-06-17 00:00:00,91.0,91.51,91.0,91.21,5000,43.38
1113,2003-06-16 00:00:00,91.5,91.75,90.96,91.75,10200,43.64
1114,2003-06-13 00:00:00,91.93,91.93,91.3,91.64,3800,43.39
1115,2003-06-12 00:00:00,93.65,93.96,92.76,93.17,35000,44.11
1116,2003-06-11 00:00:00,91.4,93.62,91.4,93.62,123800,44.32
1117,2003-06-10 00:00:00,91.12,91.12,90.61,91.09,8600,43.13
1118,2003-06-09 00:00:00,90.48,90.59,90.21,90.5,4800,42.85
1119,2003-06-06 00:00:00,91.4,91.91,91.4,91.54,83600,43.34
1120,2003-06-05 00:00:00,90.55,91.45,90.51,91.45,37200,43.3
1121,2003-06-04 00:00:00,90.0,91.32,90.0,91.22,9200,43.19
1122,2003-06-03 00:00:00,90.0,90.22,89.57,90.22,84400,42.71
1123,2003-06-02 00:00:00,89.65,90.35,89.65,90.04,6400,42.63
1124,2003-05-30 00:00:00,88.1,89.04,88.1,89.03,5200,42.15
1125,2003-05-29 00:00:00,88.6,88.6,88.03,88.06,5000,41.69
1126,2003-05-28 00:00:00,89.1,89.11,88.46,88.79,3600,42.04
1127,2003-05-27 00:00:00,87.4,89.58,87.4,89.58,6400,42.41
1128,2003-05-23 00:00:00,87.38,87.94,87.38,87.94,4000,41.64
1129,2003-05-22 00:00:00,87.3,87.46,87.14,87.44,2600,41.4
1130,2003-05-21 00:00:00,86.09,87.37,86.09,87.37,800,41.37
1131,2003-05-20 00:00:00,85.75,85.79,84.85,85.06,3200,40.27
1132,2003-05-19 00:00:00,85.9,85.9,85.5,85.5,8800,40.48
1133,2003-05-16 00:00:00,86.23,86.34,86.11,86.34,2800,40.88
1134,2003-05-15 00:00:00,86.15,86.15,85.86,85.98,1800,40.71
1135,2003-05-14 00:00:00,85.65,85.73,85.28,85.73,3000,40.59
1136,2003-05-13 00:00:00,84.87,85.53,84.84,85.53,13600,40.49
1137,2003-05-12 00:00:00,84.25,85.24,84.25,84.95,4800,40.22
1138,2003-05-09 00:00:00,83.5,84.04,83.34,84.04,2000,39.79
1139,2003-05-08 00:00:00,82.95,83.78,82.76,83.29,28000,39.43
1140,2003-05-07 00:00:00,82.85,83.5,82.63,83.5,6000,39.53
1141,2003-05-06 00:00:00,83.24,83.38,82.81,82.81,1400,39.21
1142,2003-05-05 00:00:00,82.22,82.71,82.22,82.65,27000,39.13
1143,2003-05-02 00:00:00,80.91,82.15,80.91,82.09,7800,38.87
1144,2003-05-01 00:00:00,80.84,80.84,80.23,80.39,7000,38.06
1145,2003-04-30 00:00:00,79.95,80.73,79.95,80.45,5200,38.09
1146,2003-04-29 00:00:00,80.7,80.96,80.12,80.19,2600,37.97
1147,2003-04-28 00:00:00,80.56,81.02,80.56,80.84,600,38.27
1148,2003-04-25 00:00:00,80.38,80.62,80.38,80.5,3600,38.11
1149,2003-04-24 00:00:00,81.5,81.88,81.21,81.47,16600,38.57
1150,2003-04-23 00:00:00,82.3,82.39,81.6,82.09,163400,38.87
1151,2003-04-22 00:00:00,81.39,82.27,81.39,82.15,13200,38.89
1152,2003-04-21 00:00:00,80.8,81.25,80.8,81.09,6200,38.39
1153,2003-04-17 00:00:00,80.23,80.76,80.23,80.76,2400,38.24
1154,2003-04-16 00:00:00,79.7,79.89,79.35,79.4,4200,37.59
1155,2003-04-15 00:00:00,79.84,80.19,79.83,80.19,5000,37.97
1156,2003-04-14 00:00:00,79.59,79.86,79.59,79.86,2400,37.81
1157,2003-04-11 00:00:00,79.95,79.95,79.26,79.63,3600,37.7
1158,2003-04-10 00:00:00,79.28,79.8,79.28,79.8,1000,37.78
1159,2003-04-09 00:00:00,79.46,79.46,79.0,79.22,1200,37.51
1160,2003-04-08 00:00:00,79.15,79.34,79.02,79.05,6800,37.43
1161,2003-04-07 00:00:00,80.2,80.63,79.59,79.59,43000,37.68
1162,2003-04-04 00:00:00,79.8,80.14,79.6,79.83,20600,37.8
1163,2003-04-03 00:00:00,80.65,80.65,79.41,79.45,24400,37.62
1164,2003-04-02 00:00:00,80.14,80.31,80.14,80.31,1000,38.02
1165,2003-04-01 00:00:00,80.1,80.69,80.1,80.69,7200,38.2
1166,2003-03-31 00:00:00,79.5,79.71,79.31,79.33,48400,37.56
1167,2003-03-28 00:00:00,79.85,79.85,79.85,79.85,200,37.81
1168,2003-03-27 00:00:00,79.28,80.16,79.28,79.98,4800,37.87
1169,2003-03-26 00:00:00,80.12,80.12,79.53,79.53,4000,37.65
1170,2003-03-25 00:00:00,79.41,80.42,79.41,79.95,24000,37.85
1171,2003-03-24 00:00:00,80.45,80.45,78.85,78.85,19800,37.33
1172,2003-03-21 00:00:00,80.8,80.8,80.31,80.62,4400,38.17
1173,2003-03-20 00:00:00,80.15,80.98,79.7,80.98,31200,38.34
1174,2003-03-19 00:00:00,80.25,80.25,79.83,79.9,3000,37.83
1175,2003-03-18 00:00:00,78.39,79.87,78.39,79.87,2400,37.81
1176,2003-03-17 00:00:00,78.25,79.31,78.25,79.12,24200,37.46
1177,2003-03-14 00:00:00,77.5,77.86,77.5,77.71,2800,36.79
1178,2003-03-13 00:00:00,77.55,77.61,77.21,77.61,3000,36.74
1179,2003-03-12 00:00:00,76.9,76.9,76.17,76.84,110000,36.38
1180,2003-03-11 00:00:00,78.9,79.45,78.63,78.63,10200,37.23
1181,2003-03-10 00:00:00,80.35,80.35,78.91,78.92,5400,37.36
1182,2003-03-07 00:00:00,79.9,80.45,79.71,80.45,19000,37.95
1183,2003-03-06 00:00:00,80.35,80.59,80.02,80.29,6400,37.87
1184,2003-03-05 00:00:00,80.65,80.69,80.4,80.69,38200,38.06
1185,2003-03-04 00:00:00,80.52,80.66,80.14,80.14,142000,37.8
1186,2003-03-03 00:00:00,81.14,81.15,80.79,81.0,1600,38.21
1187,2003-02-28 00:00:00,80.3,80.74,80.3,80.74,1400,38.09
1188,2003-02-27 00:00:00,80.64,80.77,80.12,80.16,4200,37.81
1189,2003-02-26 00:00:00,80.2,80.36,80.16,80.36,1400,37.91
1190,2003-02-25 00:00:00,81.06,81.06,80.05,80.6,1800,38.02
1191,2003-02-24 00:00:00,80.92,81.1,80.75,81.0,5200,38.21
1192,2003-02-21 00:00:00,79.0,80.58,79.0,80.5,4600,37.97
1193,2003-02-20 00:00:00,79.13,79.14,78.92,78.92,800,37.23
1194,2003-02-19 00:00:00,78.89,78.99,78.89,78.99,4000,37.26
1195,2003-02-18 00:00:00,78.3,79.12,78.3,78.72,1400,37.13
1196,2003-02-14 00:00:00,77.35,77.6,77.35,77.54,4400,36.58
1197,2003-02-13 00:00:00,77.35,77.4,76.7,76.85,5200,36.25
1198,2003-02-12 00:00:00,78.6,78.6,77.3,77.3,6600,36.46
1199,2003-02-11 00:00:00,79.0,79.0,78.77,78.9,600,37.22
1200,2003-02-10 00:00:00,78.3,78.98,78.3,78.5,11200,37.03
1201,2003-02-07 00:00:00,79.0,79.11,78.3,78.3,4400,36.94
1202,2003-02-06 00:00:00,79.35,79.35,78.54,79.0,3200,37.27
1203,2003-02-05 00:00:00,80.7,80.75,79.89,80.1,6600,37.78
1204,2003-02-04 00:00:00,79.31,80.55,79.31,80.52,59000,37.98
1205,2003-02-03 00:00:00,79.25,79.65,79.25,79.63,8600,37.56
1206,2003-01-31 00:00:00,77.4,79.6,77.4,79.25,7000,37.38
1207,2003-01-30 00:00:00,79.35,79.64,78.45,78.45,7000,37.01
1208,2003-01-29 00:00:00,77.0,79.58,77.0,79.35,20200,37.43
1209,2003-01-28 00:00:00,76.35,77.4,76.35,77.4,103400,36.51
1210,2003-01-27 00:00:00,77.4,77.66,76.01,76.64,27000,36.15
1211,2003-01-24 00:00:00,79.1,79.36,78.58,78.62,12200,37.09
1212,2003-01-23 00:00:00,79.4,80.27,79.4,80.02,2400,37.75
1213,2003-01-22 00:00:00,79.0,79.74,78.39,79.59,16800,37.54
1214,2003-01-21 00:00:00,80.9,80.9,79.7,79.7,15000,37.6
1215,2003-01-17 00:00:00,82.1,82.2,81.76,81.83,1600,38.6
1216,2003-01-16 00:00:00,81.5,82.32,81.5,82.32,3800,38.83
1217,2003-01-15 00:00:00,81.0,81.65,80.93,81.58,4400,38.48
1218,2003-01-14 00:00:00,81.6,81.6,81.0,81.1,2800,38.26
1219,2003-01-13 00:00:00,81.75,81.75,80.99,81.44,6200,38.42
1220,2003-01-10 00:00:00,81.6,81.85,81.6,81.85,1200,38.61
1221,2003-01-09 00:00:00,80.65,81.62,80.65,81.62,800,38.5
1222,2003-01-08 00:00:00,81.0,81.31,80.47,80.47,5200,37.96
1223,2003-01-07 00:00:00,83.35,83.35,81.57,81.7,15400,38.54
1224,2003-01-06 00:00:00,83.45,84.35,83.45,84.19,5200,39.71
1225,2003-01-03 00:00:00,83.2,83.2,82.87,83.0,3200,39.15
1226,2003-01-02 00:00:00,81.79,83.05,81.61,83.05,4200,39.18
1227,2002-12-31 00:00:00,81.17,81.39,80.16,81.39,5800,38.39
1228,2002-12-30 00:00:00,81.05,81.05,80.92,80.95,2800,38.19
1229,2002-12-27 00:00:00,81.88,81.88,80.71,81.05,20400,38.23
1230,2002-12-26 00:00:00,82.16,82.71,81.94,81.94,5800,38.65
1231,2002-12-24 00:00:00,82.95,82.95,82.27,82.4,3200,38.87
1232,2002-12-23 00:00:00,82.75,83.09,82.39,82.81,18600,39.06
1233,2002-12-20 00:00:00,81.25,82.45,81.25,82.45,6200,38.89
1234,2002-12-19 00:00:00,81.7,82.0,81.02,81.02,3800,38.22
1235,2002-12-18 00:00:00,82.25,82.38,81.5,81.7,20200,38.54
1236,2002-12-17 00:00:00,84.0,84.0,82.86,83.0,34400,39.15
1237,2002-12-16 00:00:00,82.5,83.55,82.5,83.55,122200,39.41
1238,2002-12-13 00:00:00,82.25,82.34,81.61,82.05,5400,38.56
1239,2002-12-12 00:00:00,81.35,82.34,81.35,82.34,9200,38.69
1240,2002-12-11 00:00:00,81.48,81.48,81.1,81.1,3200,38.11
1241,2002-12-10 00:00:00,80.5,81.5,80.5,81.5,7800,38.3
1242,2002-12-09 00:00:00,81.8,82.3,80.46,80.46,7400,37.81
1243,2002-12-06 00:00:00,81.5,81.94,81.35,81.94,4800,38.51
1244,2002-12-05 00:00:00,81.6,81.6,81.38,81.4,1600,38.25
1245,2002-12-04 00:00:00,80.88,80.88,80.88,80.88,1200,38.01
1246,2002-12-03 00:00:00,82.03,82.03,81.56,81.6,27200,38.35
1247,2002-12-02 00:00:00,81.5,81.65,80.8,81.65,38800,38.37
1248,2002-11-29 00:00:00,81.35,81.35,81.16,81.16,41200,38.14
1249,2002-11-27 00:00:00,80.75,80.84,80.75,80.84,43800,37.99
1250,2002-11-26 00:00:00,79.2,79.2,78.35,78.35,47400,36.82
1251,2002-11-25 00:00:00,80.01,80.39,79.74,80.39,5200,37.78
1252,2002-11-22 00:00:00,80.4,80.64,80.01,80.01,6600,37.6
1253,2002-11-21 00:00:00,80.5,81.2,80.5,81.2,1400,38.16
1254,2002-11-20 00:00:00,78.7,79.94,78.68,79.94,50600,37.57
1255,2002-11-19 00:00:00,79.0,79.25,78.8,78.8,1200,37.03
1256,2002-11-18 00:00:00,79.25,79.25,78.8,78.8,46800,37.03
1257,2002-11-15 00:00:00,77.95,78.15,77.95,78.15,600,36.72
1258,2002-11-14 00:00:00,77.3,78.23,77.3,78.23,4000,36.76
1259,2002-11-13 00:00:00,76.93,77.4,75.62,75.62,5400,35.54
1260,2002-11-12 00:00:00,77.55,78.14,77.5,77.55,82200,36.44
1261,2002-11-11 00:00:00,78.5,78.5,77.58,77.58,1400,36.46
1262,2002-11-08 00:00:00,79.34,79.35,78.95,78.95,2000,37.1
1263,2002-11-07 00:00:00,79.7,79.7,78.92,78.92,85800,37.09
1264,2002-11-06 00:00:00,79.5,80.58,79.38,80.58,58800,37.87
1265,2002-11-05 00:00:00,79.65,79.65,79.3,79.3,83800,37.27
1266,2002-11-04 00:00:00,79.35,79.35,79.35,79.35,600,37.29
1267,2002-11-01 00:00:00,79.39,79.4,79.35,79.35,4800,37.29
1268,2002-10-31 00:00:00,78.31,78.58,77.4,77.68,40600,36.5
1269,2002-10-30 00:00:00,77.97,78.14,77.9,78.0,34800,36.65
1270,2002-10-29 00:00:00,75.98,75.98,75.98,75.98,200,35.71
1271,2002-10-28 00:00:00,78.3,79.17,77.9,78.0,40800,36.65
1272,2002-10-25 00:00:00,77.95,78.2,77.95,78.12,33800,36.71
1273,2002-10-24 00:00:00,79.66,79.66,78.3,78.32,34400,36.8
1274,2002-10-23 00:00:00,78.25,79.57,78.0,79.4,36000,37.31
1275,2002-10-22 00:00:00,78.43,78.53,78.43,78.44,19600,36.86
1276,2002-10-21 00:00:00,79.6,80.7,79.42,80.53,1000,37.84
1277,2002-10-18 00:00:00,79.4,80.2,79.4,80.2,600,37.69
1278,2002-10-17 00:00:00,79.49,80.25,79.49,80.25,15400,37.71
1279,2002-10-16 00:00:00,78.5,78.5,77.95,78.15,17600,36.72
1280,2002-10-15 00:00:00,78.45,79.09,78.45,79.0,7200,37.12
1281,2002-10-14 00:00:00,76.15,76.15,75.91,76.08,1400,35.75
1282,2002-10-11 00:00:00,74.51,75.55,74.51,75.4,3600,35.43
1283,2002-10-10 00:00:00,71.7,73.65,71.1,73.6,27600,34.59
1284,2002-10-09 00:00:00,73.2,73.2,71.57,71.58,26800,33.64
1285,2002-10-08 00:00:00,74.81,74.81,72.85,73.93,19800,34.74
1286,2002-10-07 00:00:00,74.52,74.52,74.52,74.52,2800,35.02
1287,2002-10-04 00:00:00,76.25,76.25,76.01,76.01,13800,35.72
1288,2002-10-03 00:00:00,77.5,77.64,77.19,77.37,9000,36.36
1289,2002-10-02 00:00:00,78.01,78.03,77.16,77.16,45200,36.26
1290,2002-10-01 00:00:00,77.29,78.84,77.29,78.84,50600,37.05
1291,2002-09-30 00:00:00,75.09,75.41,75.09,75.41,2800,35.44
1292,2002-09-27 00:00:00,78.79,79.08,76.85,76.85,34000,36.11
1293,2002-09-26 00:00:00,77.31,78.5,77.3,78.45,28400,36.87
1294,2002-09-25 00:00:00,75.24,76.3,75.24,76.3,48200,35.86
1295,2002-09-24 00:00:00,75.55,75.55,74.69,74.69,8000,35.1
1296,2002-09-23 00:00:00,77.01,77.01,76.4,76.4,80400,35.9
1297,2002-09-20 00:00:00,77.5,77.79,77.25,77.57,71400,36.45
1298,2002-09-19 00:00:00,77.95,78.22,77.81,78.0,2800,36.65
1299,2002-09-18 00:00:00,79.1,79.41,78.32,79.2,30600,37.22
1300,2002-09-17 00:00:00,80.9,80.9,79.19,79.19,6800,37.21
1301,2002-09-16 00:00:00,81.5,81.75,81.1,81.56,95800,38.33
1302,2002-09-13 00:00:00,81.49,82.0,81.21,81.99,73400,38.35
1303,2002-09-12 00:00:00,82.65,82.65,81.74,81.85,1800,38.28
1304,2002-09-11 00:00:00,83.26,83.26,83.06,83.06,64600,38.85
1305,2002-09-10 00:00:00,83.29,83.3,83.05,83.3,12400,38.96
1306,2002-09-09 00:00:00,81.5,82.54,81.35,82.54,1800,38.6
1307,2002-09-06 00:00:00,82.35,82.35,81.98,81.99,28600,38.35
1308,2002-09-05 00:00:00,80.72,80.83,80.39,80.4,31000,37.6
1309,2002-09-04 00:00:00,81.2,81.4,81.2,81.34,16800,38.04
1310,2002-09-03 00:00:00,81.35,81.65,81.3,81.3,4600,38.02
1311,2002-08-30 00:00:00,83.9,84.64,83.9,84.5,30800,39.52
1312,2002-08-29 00:00:00,83.85,83.94,83.85,83.9,16400,39.24
1313,2002-08-28 00:00:00,85.67,85.67,85.35,85.35,4000,39.92
1314,2002-08-27 00:00:00,87.6,87.6,86.5,86.52,16200,40.46
1315,2002-08-26 00:00:00,85.85,87.15,85.85,87.08,256200,40.73
1316,2002-08-23 00:00:00,86.3,86.3,85.56,85.73,30800,40.1
1317,2002-08-22 00:00:00,86.5,86.5,86.5,86.5,600,40.46
1318,2002-08-21 00:00:00,84.16,85.42,84.16,85.42,30200,39.95
1319,2002-08-20 00:00:00,84.5,84.5,84.25,84.26,8600,39.41
1320,2002-08-19 00:00:00,85.35,85.35,85.35,85.35,2200,39.92
1321,2002-08-16 00:00:00,85.3,85.45,84.65,84.65,3000,39.59
1322,2002-08-15 00:00:00,85.2,86.21,84.97,86.15,20000,40.29
1323,2002-08-14 00:00:00,82.76,83.93,81.84,83.93,9400,39.25
1324,2002-08-13 00:00:00,83.15,83.47,82.56,82.56,2800,38.61
1325,2002-08-12 00:00:00,82.65,83.73,82.65,83.73,3000,39.16
1326,2002-08-09 00:00:00,82.0,83.4,82.0,83.4,7400,39.01
1327,2002-08-08 00:00:00,78.2,78.2,78.2,78.2,0,36.57
1328,2002-08-07 00:00:00,78.2,78.2,78.2,78.2,200,36.57
1329,2002-08-06 00:00:00,79.2,79.2,79.1,79.1,800,36.99
1330,2002-08-05 00:00:00,77.25,77.25,77.25,77.25,4400,36.13
1331,2002-08-02 00:00:00,80.8,80.8,80.8,80.8,0,37.79
1332,2002-08-01 00:00:00,80.8,80.8,80.8,80.8,200,37.79
1333,2002-07-31 00:00:00,81.65,82.7,81.65,82.7,1200,38.68
1334,2002-07-30 00:00:00,82.15,82.62,81.98,81.98,800,38.34
1335,2002-07-29 00:00:00,82.15,82.15,82.15,82.15,200,38.42
1336,2002-07-26 00:00:00,77.05,77.15,76.95,77.05,1200,36.04
1337,2002-07-25 00:00:00,77.8,78.35,77.69,77.69,1400,36.34
1338,2002-07-24 00:00:00,72.2,77.2,72.1,77.2,1200,36.11
1339,2002-07-23 00:00:00,75.6,75.6,73.6,73.6,3000,34.42
1340,2002-07-22 00:00:00,75.85,77.1,75.82,77.1,600,36.06
1341,2002-07-19 00:00:00,83.85,83.85,80.6,80.6,1000,37.7
1342,2002-07-18 00:00:00,85.68,85.68,85.35,85.35,600,39.92
1343,2002-07-17 00:00:00,86.3,86.3,85.05,85.05,600,39.78
1344,2002-07-16 00:00:00,84.46,85.05,84.46,85.05,600,39.78
1345,2002-07-15 00:00:00,88.88,88.88,88.88,88.88,0,41.57
1346,2002-07-12 00:00:00,88.88,88.88,88.88,88.88,0,41.57
1347,2002-07-11 00:00:00,88.88,88.88,88.88,88.88,400,41.57
1348,2002-07-10 00:00:00,92.58,92.58,92.58,92.58,200,43.3
1349,2002-07-09 00:00:00,93.7,93.7,93.7,93.7,200,43.82
1350,2002-07-08 00:00:00,95.29,95.29,94.67,94.67,400,44.28
1351,2002-07-05 00:00:00,93.4,93.8,93.4,93.8,1000,43.87
1352,2002-07-03 00:00:00,92.51,92.51,91.95,92.25,2800,43.14
1353,2002-07-02 00:00:00,94.44,94.44,93.25,93.26,1000,43.62
1354,2002-07-01 00:00:00,95.15,95.15,95.15,95.15,0,44.5
1355,2002-06-28 00:00:00,95.15,95.15,95.15,95.15,0,44.5
1356,2002-06-27 00:00:00,95.1,95.15,95.1,95.15,800,44.5
1357,2002-06-26 00:00:00,94.6,94.6,94.56,94.56,600,44.23
1358,2002-06-25 00:00:00,96.56,96.56,96.56,96.56,200,45.16
1359,2002-06-24 00:00:00,95.29,95.29,95.29,95.29,400,44.57
1360,2002-06-21 00:00:00,95.55,95.55,94.63,94.63,600,44.26
1361,2002-06-20 00:00:00,96.13,96.13,96.13,96.13,600,44.96
1362,2002-06-19 00:00:00,96.49,96.49,96.49,96.49,0,45.13
1363,2002-06-18 00:00:00,96.24,96.49,96.24,96.49,2200,45.13
1364,2002-06-17 00:00:00,95.73,96.21,95.73,96.12,1000,44.95
1365,2002-06-14 00:00:00,93.67,93.67,93.67,93.67,200,43.61
1366,2002-06-13 00:00:00,94.27,94.27,94.27,94.27,600,43.89
1367,2002-06-12 00:00:00,94.0,94.68,94.0,94.68,800,44.08
1368,2002-06-11 00:00:00,95.3,95.45,93.84,93.84,600,43.69
1369,2002-06-10 00:00:00,95.11,95.11,95.11,95.11,200,44.28
1370,2002-06-07 00:00:00,96.0,96.0,96.0,96.0,800,44.69
1371,2002-06-06 00:00:00,96.34,96.34,96.34,96.34,200,44.85
1372,2002-06-05 00:00:00,97.31,97.31,97.31,97.31,0,45.3
1373,2002-06-04 00:00:00,97.17,97.31,97.17,97.31,600,45.3
1374,2002-06-03 00:00:00,100.15,100.15,98.16,98.16,800,45.7
1375,2002-05-31 00:00:00,100.5,100.58,100.29,100.29,1800,46.69
1376,2002-05-30 00:00:00,100.27,100.27,98.52,99.29,6600,46.22
1377,2002-05-29 00:00:00,101.0,101.0,100.7,100.7,600,46.88
1378,2002-05-28 00:00:00,101.6,101.69,101.5,101.65,3600,47.32
1379,2002-05-24 00:00:00,102.45,102.45,102.22,102.27,800,47.61
1380,2002-05-23 00:00:00,102.28,102.28,102.28,102.28,200,47.62
1381,2002-05-22 00:00:00,101.85,102.32,101.85,102.32,4000,47.64
1382,2002-05-21 00:00:00,101.78,101.78,101.74,101.74,400,47.37
1383,2002-05-20 00:00:00,101.29,101.29,101.29,101.29,0,47.16
1384,2002-05-17 00:00:00,101.09,101.37,101.09,101.29,8600,47.16
1385,2002-05-16 00:00:00,102.28,102.28,102.28,102.28,200,47.62
1386,2002-05-15 00:00:00,101.47,101.79,101.46,101.79,1600,47.39
1387,2002-05-14 00:00:00,103.04,103.04,102.89,102.89,600,47.9
1388,2002-05-13 00:00:00,101.19,102.0,101.19,101.64,21200,47.32
1389,2002-05-10 00:00:00,101.3,101.36,100.71,101.36,1400,47.19
1390,2002-05-09 00:00:00,101.2,101.2,101.2,101.2,400,47.11
1391,2002-05-08 00:00:00,101.31,101.31,101.31,101.31,200,47.17
1392,2002-05-07 00:00:00,100.16,100.32,99.95,100.32,600,46.7
1393,2002-05-06 00:00:00,101.51,101.51,100.15,100.15,14600,46.63
1394,2002-05-03 00:00:00,102.6,103.19,102.6,102.87,1000,47.89
1395,2002-05-02 00:00:00,101.69,101.7,101.69,101.7,1200,47.35
1396,2002-05-01 00:00:00,100.6,101.49,100.6,101.49,400,47.25
1397,2002-04-30 00:00:00,100.59,100.59,100.59,100.59,200,46.83
1398,2002-04-29 00:00:00,99.86,99.86,99.86,99.86,400,46.49
1399,2002-04-26 00:00:00,101.3,101.3,100.08,100.3,21200,46.69
1400,2002-04-25 00:00:00,101.4,101.4,101.4,101.4,400,47.21
1401,2002-04-24 00:00:00,101.75,101.75,100.79,100.79,400,46.92
1402,2002-04-23 00:00:00,102.2,102.42,102.2,102.42,1600,47.68
1403,2002-04-22 00:00:00,102.5,102.5,102.2,102.2,1200,47.58
1404,2002-04-19 00:00:00,103.2,103.2,103.2,103.2,0,48.04
1405,2002-04-18 00:00:00,103.45,103.6,103.2,103.2,15200,48.04
1406,2002-04-17 00:00:00,102.6,102.6,102.56,102.56,1000,47.75
1407,2002-04-16 00:00:00,100.47,100.65,100.47,100.65,800,46.86
1408,2002-04-15 00:00:00,99.8,100.25,99.8,99.9,1600,46.51
1409,2002-04-12 00:00:00,100.3,100.3,98.12,98.12,3000,45.68
1410,2002-04-11 00:00:00,101.1,101.79,101.1,101.25,4200,47.14
1411,2002-04-10 00:00:00,100.3,100.3,100.3,100.3,0,46.69
1412,2002-04-09 00:00:00,101.6,101.6,100.3,100.3,800,46.69
1413,2002-04-08 00:00:00,102.2,102.2,101.88,101.88,800,47.43
1414,2002-04-05 00:00:00,101.86,101.86,101.86,101.86,200,47.42
1415,2002-04-04 00:00:00,101.83,101.83,101.64,101.64,800,47.32
1416,2002-04-03 00:00:00,103.34,103.77,103.22,103.22,1200,48.05
1417,2002-04-02 00:00:00,104.44,105.29,104.44,105.0,5000,48.88
1418,2002-04-01 00:00:00,101.75,101.75,101.75,101.75,0,47.37
1419,2002-03-28 00:00:00,101.75,101.75,101.75,101.75,0,47.37
1420,2002-03-27 00:00:00,101.75,101.75,101.75,101.75,0,47.37
1421,2002-03-26 00:00:00,101.75,101.75,101.75,101.75,200,47.37
1422,2002-03-25 00:00:00,101.5,102.14,101.5,102.12,9000,47.54
1423,2002-03-22 00:00:00,103.09,103.09,103.09,103.09,0,47.99
1424,2002-03-21 00:00:00,103.7,103.7,103.0,103.09,1800,47.99
1425,2002-03-20 00:00:00,104.1,104.65,104.0,104.65,1400,48.72
1426,2002-03-19 00:00:00,103.19,103.19,103.19,103.19,0,48.04
1427,2002-03-18 00:00:00,103.1,103.74,103.1,103.19,6600,48.04
1428,2002-03-15 00:00:00,102.63,102.63,102.63,102.63,200,47.78
1429,2002-03-14 00:00:00,102.08,102.08,102.08,102.08,0,47.52
1430,2002-03-13 00:00:00,102.08,102.08,102.08,102.08,400,47.52
1431,2002-03-12 00:00:00,102.31,102.31,102.31,102.31,0,47.63
1432,2002-03-11 00:00:00,102.14,102.31,102.14,102.31,3400,47.63
1433,2002-03-08 00:00:00,102.8,102.8,101.65,101.65,4200,47.2
1434,2002-03-07 00:00:00,102.04,102.58,102.04,102.58,2000,47.63
1435,2002-03-06 00:00:00,100.0,100.0,100.0,100.0,0,46.44
1436,2002-03-05 00:00:00,100.0,100.0,100.0,100.0,200,46.44
1437,2002-03-04 00:00:00,99.19,99.95,99.19,99.95,400,46.41
1438,2002-03-01 00:00:00,98.0,98.0,98.0,98.0,200,45.51
1439,2002-02-28 00:00:00,97.12,97.58,97.12,97.31,29800,45.19
1440,2002-02-27 00:00:00,96.76,96.76,96.7,96.7,800,44.9
1441,2002-02-26 00:00:00,96.78,96.78,96.78,96.78,200,44.94
1442,2002-02-25 00:00:00,95.99,96.42,95.99,96.42,400,44.77
1443,2002-02-22 00:00:00,93.91,93.91,93.91,93.91,0,43.61
1444,2002-02-21 00:00:00,94.74,94.74,93.91,93.91,1200,43.61
1445,2002-02-20 00:00:00,93.34,93.34,93.34,93.34,0,43.34
1446,2002-02-19 00:00:00,93.34,93.34,93.34,93.34,200,43.34
1447,2002-02-15 00:00:00,93.89,93.89,93.89,93.89,0,43.6
1448,2002-02-14 00:00:00,93.68,93.89,93.68,93.89,2800,43.6
1449,2002-02-13 00:00:00,93.0,93.14,93.0,93.14,2600,43.25
1450,2002-02-12 00:00:00,92.7,92.7,92.7,92.7,400,43.05
1451,2002-02-11 00:00:00,90.6,90.6,90.6,90.6,0,42.07
1452,2002-02-08 00:00:00,90.6,90.6,90.6,90.6,0,42.07
1453,2002-02-07 00:00:00,90.6,90.6,90.6,90.6,1200,42.07
1454,2002-02-06 00:00:00,92.05,92.05,92.05,92.05,0,42.74
1455,2002-02-05 00:00:00,92.05,92.05,92.05,92.05,0,42.74
1456,2002-02-04 00:00:00,92.05,92.05,92.05,92.05,0,42.74
1457,2002-02-01 00:00:00,92.05,92.05,92.05,92.05,0,42.74
1458,2002-01-31 00:00:00,92.05,92.05,92.05,92.05,0,42.74
1459,2002-01-30 00:00:00,92.05,92.05,92.05,92.05,0,42.74
1460,2002-01-29 00:00:00,92.05,92.05,92.05,92.05,200,42.74
1461,2002-01-28 00:00:00,92.6,92.6,92.6,92.6,4800,43.0
1462,2002-01-25 00:00:00,88.57,88.57,88.57,88.57,0,41.13
1463,2002-01-24 00:00:00,88.57,88.57,88.57,88.57,0,41.13
1464,2002-01-23 00:00:00,88.57,88.57,88.57,88.57,0,41.13
1465,2002-01-22 00:00:00,89.2,89.2,88.55,88.57,3400,41.13
1466,2002-01-18 00:00:00,93.89,93.89,93.89,93.89,0,43.6
1467,2002-01-17 00:00:00,93.89,93.89,93.89,93.89,0,43.6
1468,2002-01-16 00:00:00,93.89,93.89,93.89,93.89,0,43.6
1469,2002-01-15 00:00:00,93.89,93.89,93.89,93.89,0,43.6
1470,2002-01-14 00:00:00,93.89,93.89,93.89,93.89,0,43.6
1471,2002-01-11 00:00:00,93.89,93.89,93.89,93.89,0,43.6
1472,2002-01-10 00:00:00,93.89,93.89,93.89,93.89,0,43.6
1473,2002-01-09 00:00:00,93.89,93.89,93.89,93.89,200,43.6
1474,2002-01-08 00:00:00,93.9,93.9,93.9,93.9,200,43.6
1475,2002-01-07 00:00:00,94.9,94.9,94.9,94.9,600,44.07
1476,2002-01-04 00:00:00,94.2,94.38,94.2,94.38,600,43.83
1477,2002-01-03 00:00:00,95.6,95.6,95.6,95.6,0,44.39
1478,2002-01-02 00:00:00,95.6,95.6,95.6,95.6,0,44.39
1479,2001-12-31 00:00:00,95.6,95.6,95.6,95.6,2000,44.39
1480,2001-12-28 00:00:00,96.36,96.36,96.36,96.36,200,44.74
1481,2001-12-27 00:00:00,95.45,95.45,95.45,95.45,0,44.32
1482,2001-12-26 00:00:00,95.45,95.45,95.45,95.45,200,44.32
1483,2001-12-24 00:00:00,93.0,93.0,93.0,93.0,200,43.18
1484,2001-12-21 00:00:00,91.4,91.4,91.4,91.4,0,42.44
1485,2001-12-20 00:00:00,91.4,91.4,91.4,91.4,0,42.44
1486,2001-12-19 00:00:00,90.65,91.4,90.65,91.4,4800,42.44
1487,2001-12-18 00:00:00,90.05,90.81,90.05,90.81,2600,42.17
1488,2001-12-17 00:00:00,89.68,89.68,89.68,89.68,0,41.64
1489,2001-12-14 00:00:00,90.05,90.05,90.05,90.05,0,41.64
1490,2001-12-13 00:00:00,90.05,90.05,90.05,90.05,0,41.64
1491,2001-12-12 00:00:00,90.3,90.3,90.05,90.05,600,41.64
1492,2001-12-11 00:00:00,90.75,90.75,90.75,90.75,400,41.97
1493,2001-12-10 00:00:00,92.14,92.14,92.14,92.14,0,42.61
1494,2001-12-07 00:00:00,92.7,92.7,92.14,92.14,600,42.61
1495,2001-12-06 00:00:00,94.12,94.12,94.12,94.12,400,43.52
1496,2001-12-05 00:00:00,92.64,92.64,92.64,92.64,0,42.84
1497,2001-12-04 00:00:00,92.64,92.64,92.64,92.64,200,42.84
1498,2001-12-03 00:00:00,91.32,91.32,91.32,91.32,0,42.23
1499,2001-11-30 00:00:00,91.32,91.32,91.32,91.32,200,42.23
1500,2001-11-29 00:00:00,91.01,91.01,91.01,91.01,0,42.09
1501,2001-11-28 00:00:00,91.01,91.01,91.01,91.01,0,42.09
1502,2001-11-27 00:00:00,91.01,91.01,91.01,91.01,0,42.09
1503,2001-11-26 00:00:00,91.01,91.01,91.01,91.01,0,42.09
