0,mag,lat,lon,rad,ago
2020-12-21 06:42:57.726,4.9,-17.765,-172.7771,10.0,35
2020-12-21 08:57:38.114,4.5,-56.0532,-27.6058,103.12,35
2020-12-21 10:49:22.510,4.5,-22.4835,-176.1784,136.61,35
2020-12-21 13:32:44.836,4.9,-24.3228,-179.4952,454.73,35
2020-12-21 14:49:14.196,4.7,-3.3274,140.0563,73.98,35
2020-12-21 15:33:55.652,4.8,-6.4543,130.4931,85.21,35
2020-12-21 19:30:23.386,4.5,-3.6308,-77.7417,47.11,35
2020-12-21 20:08:55.651,5.8,-16.3814,-177.4723,10.0,35
2020-12-21 21:14:47.611,4.9,14.7716,121.6318,37.94,35
2020-12-21 21:18:01.790,4.7,-33.2643,77.9678,10.0,35
2020-12-21 23:07:56.035,5.0,-29.4585,-177.1363,21.48,35
2020-12-22 00:48:45.403,4.5,-55.8365,-27.7439,114.81,36
2020-12-22 04:01:33.840,4.9,36.1322,69.3533,26.1,36
2020-12-22 04:19:58.532,4.9,5.2168,125.2675,53.32,36
2020-12-22 04:47:39.685,5.4,-58.8197,149.1819,10.0,36
2020-12-22 05:25:20.900,4.9,78.5863,-3.2013,10.0,36
2020-12-22 08:03:01.614,4.5,-18.8584,169.3929,240.25,36
2020-12-22 13:46:20.052,4.5,-3.7437,-77.7462,50.83,36
2020-12-22 16:37:53.748,5.0,10.0821,126.0988,54.97,36
2020-12-22 17:00:31.352,4.5,-4.5288,101.0519,10.0,36
2020-12-22 20:04:07.714,4.8,37.2332,141.283,29.1,36
2020-12-22 21:24:35.267,4.9,29.399,128.8659,9.29,36
2020-12-22 23:27:23.419,4.5,36.9548,14.4067,23.02,36
2020-12-22 23:50:50.574,4.7,17.0737,147.8038,10.0,37
2020-12-23 01:45:01.658,4.6,34.0018,139.7457,118.11,37
2020-12-23 03:45:07.768,5.7,8.362,-103.2274,10.0,37
2020-12-23 03:51:21.101,5.7,8.317,-103.152,10.0,37
2020-12-23 03:53:28.549,4.8,8.2599,-103.0377,10.0,37
2020-12-23 04:21:20.822,4.5,-19.808,-177.3562,550.97,37
2020-12-23 05:40:08.265,4.7,-55.6803,-27.172,22.26,37
2020-12-23 06:31:26.611,4.5,-24.2434,-66.9704,199.81,37
2020-12-23 06:57:02.316,4.6,-27.6732,-175.5639,10.0,37
2020-12-23 07:02:22.232,4.8,45.9715,154.7112,10.0,37
2020-12-23 13:21:04.353,4.6,11.0441,-86.5069,34.49,37
2020-12-23 17:58:24.659,4.8,38.4139,22.0645,10.0,37
2020-12-23 18:47:48.470,4.9,53.29,-150.6099,10.0,37
2020-12-23 20:11:27.870,4.5,37.1813,71.3042,91.05,37
2020-12-23 21:11:47.762,6.1,6.2544,133.6362,11.0,37
2020-12-23 22:43:53.907,4.6,-4.8566,132.5063,10.0,37
2020-12-24 01:19:53.350,5.2,-4.4368,101.0761,10.0,38
2020-12-24 04:24:13.749,5.2,-0.152,124.4423,31.48,38
2020-12-24 04:34:07.700,4.5,-6.1361,149.877,35.0,38
2020-12-24 06:54:33.529,4.6,-18.8167,-172.7244,10.0,38
2020-12-24 07:19:14.712,5.0,-55.9228,-26.1256,10.0,38
2020-12-24 08:05:29.299,4.6,-59.8929,-29.983,10.0,38
2020-12-24 11:08:57.693,4.7,-56.1825,-27.1292,70.53,38
2020-12-24 11:09:48.075,4.8,25.6397,96.6534,10.0,38
2020-12-24 13:32:07.304,4.5,13.7471,120.9371,122.91,38
2020-12-24 17:15:20.333,4.5,-31.3578,-72.1986,21.03,38
2020-12-24 17:57:24.074,4.7,-25.2556,179.9361,482.63,38
2020-12-24 19:18:52.766,4.5,-42.5037,173.6866,4.29,38
2020-12-24 19:55:11.263,4.7,-41.7203,79.3256,10.0,38
2020-12-24 19:56:39.960,4.8,17.9331,-66.8451,10.0,38
2020-12-24 20:01:22.108,4.5,-41.7242,79.3537,10.0,38
2020-12-24 20:33:47.130,4.69,17.9461,-66.8385,9.0,38
2020-12-24 21:12:29.881,4.5,-7.7554,127.2806,163.0,38
2020-12-24 22:40:08.521,4.6,36.5721,141.0116,65.34,38
2020-12-24 23:04:11.840,5.1,-32.0508,-178.1015,10.0,38
2020-12-24 23:38:30.311,4.9,30.8104,130.4111,114.09,39
2020-12-25 00:16:41.881,5.3,-9.4727,157.8453,10.0,39
2020-12-25 01:32:54.437,4.8,-6.422,150.8586,10.0,39
2020-12-25 02:43:41.938,6.3,13.8148,120.6579,109.0,39
2020-12-25 04:20:00.687,4.7,-31.9774,-178.1455,10.0,39
2020-12-25 05:00:33.427,5.1,5.0517,125.9067,100.59,39
2020-12-25 06:35:49.760,4.7,-18.5,168.8265,127.42,39
2020-12-25 07:29:31.005,4.5,-29.956,-177.1923,10.0,39
2020-12-25 11:37:29.309,4.5,13.7062,120.2244,77.03,39
2020-12-25 13:04:34.287,5.4,13.2953,122.3303,10.0,39
2020-12-25 14:20:24.381,4.5,29.4486,128.5836,10.0,39
2020-12-25 14:40:11.499,5.0,-9.2016,119.7444,28.13,39
2020-12-25 15:11:22.131,4.6,-32.1261,-66.7237,33.81,39
2020-12-25 15:28:05.324,4.6,-18.9738,167.4788,10.0,39
2020-12-25 16:24:47.240,4.7,13.7462,120.8312,121.32,39
2020-12-25 17:28:38.505,4.8,0.6531,126.3687,29.84,39
2020-12-25 21:53:23.022,4.9,-20.4893,169.7907,23.8,39
2020-12-25 23:47:46.994,5.0,-18.938,167.4282,10.0,40
2020-12-25 23:52:05.249,4.9,-18.9838,167.4247,10.0,40
2020-12-26 02:09:11.999,4.6,-19.2232,167.6153,10.0,40
2020-12-26 02:37:25.754,4.7,-18.9892,167.4585,10.0,40
2020-12-26 02:52:12.427,4.5,-17.4495,-71.2517,63.84,40
2020-12-26 03:08:25.505,4.5,6.6326,126.0676,123.04,40
2020-12-26 05:19:26.724,4.7,-46.0849,-75.9128,10.0,40
2020-12-26 06:18:04.412,4.6,-23.169,-66.4698,217.29,40
2020-12-26 07:00:34.082,4.6,-32.5379,-177.5613,10.0,40
2020-12-26 07:37:10.035,4.5,-22.5617,-66.0796,235.27,40
2020-12-26 10:03:41.114,4.6,43.7259,147.8418,45.14,40
2020-12-26 10:49:29.115,5.1,-10.843,166.3166,146.02,40
2020-12-26 12:15:16.798,4.9,-0.2665,125.1326,57.65,40
2020-12-26 12:53:50.269,4.8,22.4689,142.8915,178.12,40
2020-12-26 13:28:35.517,5.2,40.1473,71.6553,19.99,40
2020-12-26 15:25:59.114,4.8,-19.0968,167.5103,10.0,40
2020-12-26 17:19:09.417,4.5,16.0246,92.9758,10.0,40
2020-12-26 19:29:09.545,4.5,-24.6356,179.63,501.09,40
2020-12-26 21:52:33.383,4.8,-18.4025,168.4335,53.37,40
2020-12-26 21:54:23.084,4.7,14.6752,-93.9379,10.97,40
2020-12-26 22:42:58.426,4.5,37.5232,143.8807,10.0,40
2020-12-27 00:48:15.074,4.5,27.3034,96.9396,10.0,41
2020-12-27 01:20:16.073,4.9,-52.4773,26.5861,10.0,41
2020-12-27 02:32:42.409,4.9,-11.3718,-73.3054,10.0,41
2020-12-27 04:16:44.957,4.6,27.2602,139.8111,540.95,41
2020-12-27 05:32:08.663,5.4,-4.6093,153.2333,59.29,41
2020-12-27 05:39:48.891,4.5,-4.5021,153.2276,10.0,41
2020-12-27 09:37:32.897,5.5,38.4563,39.2302,9.0,41
2020-12-27 10:11:10.861,5.7,-16.0229,-74.3084,39.0,41
2020-12-27 16:13:07.343,4.6,-25.175,-177.3805,144.85,41
2020-12-27 16:15:50.497,4.8,-47.557,99.9673,10.0,41
2020-12-27 16:55:20.870,5.1,-19.0736,-69.412,109.89,41
2020-12-27 18:16:26.278,5.4,-18.9494,167.3738,10.0,41
2020-12-27 21:23:12.925,4.6,8.3677,58.7724,10.0,41
2020-12-27 21:57:15.207,4.7,-36.0615,179.6396,40.61,41
2020-12-27 23:16:30.888,4.5,-9.0831,-109.3102,10.0,41
2020-12-28 00:39:14.785,6.7,-39.3384,-74.9874,10.0,42
2020-12-28 00:45:13.131,4.8,-39.7089,-75.0785,10.0,42
2020-12-28 00:46:59.081,5.0,-39.8451,-75.2256,10.0,42
2020-12-28 01:19:09.266,4.5,-39.2053,-74.9569,10.0,42
2020-12-28 03:09:01.822,4.6,-39.2571,-75.1188,10.0,42
2020-12-28 04:30:59.438,4.7,-4.9988,68.2989,10.0,42
2020-12-28 07:30:25.226,5.1,-47.5761,99.9793,10.0,42
2020-12-28 07:32:20.110,5.7,-47.4975,99.9517,10.0,42
2020-12-28 07:46:17.622,5.0,4.5718,126.8416,96.27,42
2020-12-28 07:53:56.029,4.5,-47.6932,100.1086,10.0,42
2020-12-28 08:28:07.913,4.8,45.4413,16.1877,10.0,42
2020-12-28 08:46:46.733,5.4,14.2178,56.7917,10.0,42
2020-12-28 09:08:39.959,4.7,-20.1832,67.7738,10.0,42
2020-12-28 09:25:06.418,4.9,-47.6755,100.1811,10.0,42
2020-12-28 10:31:11.208,5.1,-0.1948,124.5013,50.61,42
2020-12-28 10:56:06.354,4.7,-30.2789,-177.6281,33.12,42
2020-12-28 11:25:34.648,4.6,18.7062,-60.6114,10.0,42
2020-12-28 13:23:43.623,4.5,2.2903,126.71,52.01,42
2020-12-28 13:46:36.670,4.7,-20.4042,67.909,10.0,42
2020-12-28 14:53:48.375,4.6,7.8449,-37.1231,10.0,42
2020-12-28 15:46:09.409,4.7,33.7644,104.5157,10.0,42
2020-12-28 16:43:32.767,4.5,13.9939,120.6997,154.22,42
2020-12-28 22:23:21.550,4.7,33.1914,135.7922,441.93,42
2020-12-28 23:03:26.927,5.0,-11.3759,166.3599,51.78,42
2020-12-29 02:34:07.254,5.0,-6.5548,154.9039,35.0,43
2020-12-29 03:31:53.221,4.9,56.1636,114.1564,10.0,43
2020-12-29 03:37:03.593,4.6,-10.3351,120.251,35.0,43
2020-12-29 04:46:25.656,4.5,4.8575,127.057,47.42,43
2020-12-29 06:54:39.261,4.6,13.1837,-90.802,35.0,43
2020-12-29 09:06:49.629,4.9,-6.5692,154.8293,10.0,43
2020-12-29 09:13:37.216,5.1,-6.495,154.6909,10.0,43
2020-12-29 09:19:04.705,5.0,-6.4549,154.6586,10.0,43
2020-12-29 09:23:29.619,5.3,-6.4016,154.6568,22.54,43
2020-12-29 10:10:29.079,5.7,43.389,-126.9951,10.0,43
2020-12-29 11:06:09.922,4.9,34.7091,24.0697,10.0,43
2020-12-29 11:08:50.773,4.5,41.5824,142.0966,65.44,43
2020-12-29 12:23:06.755,4.9,-6.5165,154.6822,10.0,43
2020-12-29 12:41:35.775,4.5,55.8848,-149.7875,10.0,43
2020-12-29 13:08:35.481,4.8,2.7743,127.2958,57.77,43
2020-12-29 13:09:51.670,4.7,-10.6681,161.5988,23.36,43
2020-12-29 14:19:54.766,6.4,45.4246,16.2578,10.0,43
2020-12-29 14:23:46.168,4.9,45.3897,16.2381,10.0,43
2020-12-29 14:29:05.687,4.5,45.3665,16.2696,10.0,43
2020-12-29 15:58:12.300,4.5,-39.4505,-74.9519,10.0,43
2020-12-29 17:36:56.473,4.6,45.1886,11.0546,10.0,43
2020-12-29 19:21:48.128,5.3,5.2624,125.2967,35.0,43
2020-12-29 19:45:13.409,4.5,5.1557,125.3588,45.84,43
2020-12-29 20:05:22.263,4.8,5.1959,125.2661,48.21,43
2020-12-29 20:31:59.201,4.6,-34.3785,-70.8291,92.47,43
2020-12-29 21:26:27.058,4.5,4.8876,-82.8233,10.0,43
2020-12-29 22:29:27.598,4.8,-39.3139,-72.0545,107.55,43
2020-12-30 02:34:57.555,5.8,-0.7687,-21.111,10.0,44
2020-12-30 03:35:28.415,5.2,36.4874,140.5804,49.97,44
2020-12-30 03:39:21.709,4.5,38.3977,21.9991,10.0,44
2020-12-30 03:58:06.392,4.6,4.5266,125.7779,163.75,44
2020-12-30 06:22:18.334,4.5,54.666,-159.6861,27.34,44
2020-12-30 07:31:48.476,4.6,38.1431,-26.3921,10.0,44
2020-12-30 08:33:43.546,5.0,34.741,72.9466,10.0,44
2020-12-30 09:18:09.484,4.5,-18.1104,-177.909,630.19,44
2020-12-30 14:03:09.490,4.5,-6.7969,126.6763,422.97,44
2020-12-30 19:44:06.250,4.6,-21.8109,-179.3291,593.04,44
2020-12-30 22:10:20.656,4.8,-2.3988,127.4859,16.42,44
2020-12-30 22:36:05.266,4.5,-6.8738,147.6965,68.44,44
2020-12-30 23:29:33.321,4.5,-6.6907,127.4441,393.38,44
2020-12-31 00:27:32.633,4.6,7.6359,126.9172,53.27,45
2020-12-31 00:58:16.073,4.7,-1.2508,-13.6612,10.0,45
2020-12-31 02:03:00.251,4.6,5.1231,125.2581,54.13,45
2020-12-31 05:28:49.503,4.6,-17.0503,-74.058,30.94,45
2020-12-31 05:33:13.778,4.7,-6.246,103.8908,35.0,45
2020-12-31 05:51:18.093,4.5,-23.5981,-179.7601,581.64,45
2020-12-31 06:11:48.164,4.6,-36.9495,77.5021,10.0,45
2020-12-31 06:38:30.623,4.5,-2.8017,128.7466,10.0,45
2020-12-31 13:18:54.508,5.1,-8.7445,122.2829,130.13,45
2020-12-31 13:49:04.647,4.9,0.3787,97.7228,26.07,45
2020-12-31 14:52:07.992,4.7,-22.8207,-179.2281,553.39,45
2020-12-31 17:44:24.902,4.5,-17.5378,-178.4731,537.94,45
2020-12-31 18:04:07.478,4.6,-24.0302,-179.7345,520.94,45
2020-12-31 18:33:40.693,4.6,-14.2331,-13.7432,10.0,45
2020-12-31 19:45:03.971,4.5,-5.0526,144.612,108.94,45
2020-12-31 19:53:35.980,4.9,34.4191,139.2766,15.48,45
2020-12-31 22:50:17.366,5.2,-0.7969,146.8416,10.0,45
2021-01-01 02:12:35.050,4.8,-9.1109,118.9156,85.73,46
2021-01-01 03:40:35.586,5.3,-52.2909,-4.7622,10.0,46
2021-01-01 04:20:09.649,5.0,-31.3191,-177.9341,10.0,46
2021-01-01 06:20:58.539,4.6,-29.0885,-178.4847,226.19,46
2021-01-01 06:46:52.529,4.5,-23.0784,172.6015,10.0,46
2021-01-01 07:05:17.129,4.5,-0.1874,124.442,61.99,46
2021-01-01 09:25:32.573,4.5,-29.5276,-176.5878,10.0,46
2021-01-01 13:04:37.590,4.5,-31.0417,-177.1883,10.72,46
2021-01-01 22:33:30.299,4.5,-23.501,-68.7724,111.58,46
2021-01-01 23:24:36.402,4.5,37.024,94.6733,16.47,46
2021-01-02 01:11:31.133,4.8,13.3252,-90.8461,35.0,47
2021-01-02 03:45:00.272,4.6,33.4333,141.4589,10.0,47
2021-01-02 03:45:42.538,4.6,-15.347,-172.838,10.0,47
2021-01-02 04:05:51.643,5.1,42.0975,48.0137,10.0,47
2021-01-02 09:33:22.026,4.6,-4.4028,138.204,150.65,47
2021-01-02 11:34:21.366,5.1,-5.839,153.0949,32.75,47
2021-01-02 11:40:21.557,4.5,-23.4957,-68.8815,96.06,47
2021-01-02 12:23:36.873,5.1,-52.9976,20.94,10.0,47
2021-01-02 12:26:47.058,4.5,-19.0393,167.6144,10.0,47
2021-01-02 12:34:13.621,4.5,-18.963,167.6305,10.0,47
2021-01-02 12:52:38.813,4.5,-52.7852,21.1438,10.0,47
2021-01-02 13:03:17.867,4.7,-52.7071,21.3616,10.0,47
2021-01-02 14:15:48.996,4.5,-17.8249,-178.3677,552.92,47
2021-01-02 14:50:00.313,4.5,-27.7994,-176.0976,10.0,47
2021-01-02 14:57:41.889,4.5,-52.7006,20.4829,10.0,47
2021-01-02 15:09:06.932,4.5,-52.8755,21.1971,10.0,47
2021-01-02 16:02:49.492,4.5,37.4846,71.8981,115.29,47
2021-01-02 16:26:45.622,4.5,24.0258,122.3071,16.44,47
2021-01-02 19:36:34.993,4.7,-5.0194,153.0745,43.72,47
2021-01-02 21:45:28.711,4.5,14.5873,56.2762,10.0,47
2021-01-02 23:35:57.693,5.3,4.3285,138.0206,13.45,48
2021-01-03 02:21:18.144,5.2,-62.3706,-58.3091,10.0,48
2021-01-03 06:21:42.646,5.1,-52.1755,-4.908,10.0,48
2021-01-03 06:27:17.347,5.1,-52.1475,-4.9906,10.0,48
2021-01-03 07:57:49.272,5.1,-19.056,-172.847,10.0,48
2021-01-03 08:24:15.663,5.0,25.9065,128.5553,10.0,48
2021-01-03 08:25:20.355,5.2,1.0057,-28.181,10.0,48
2021-01-03 09:11:43.698,4.5,25.817,128.5092,10.0,48
2021-01-03 09:42:29.935,5.0,25.8779,128.5508,10.0,48
2021-01-03 11:45:03.419,4.9,57.6374,-153.9182,59.6,48
2021-01-03 12:21:05.045,4.5,-25.2563,178.6652,595.64,48
2021-01-03 13:14:25.206,4.5,-7.1469,-80.5385,41.55,48
2021-01-03 14:52:59.498,4.8,13.2919,-90.8542,47.75,48
2021-01-03 15:38:48.930,6.1,51.2327,-179.8028,21.0,48
2021-01-03 15:45:29.909,4.7,7.3832,127.1691,10.0,48
2021-01-03 16:20:21.441,4.5,-30.8511,-71.3552,37.61,48
2021-01-03 16:22:21.983,4.7,13.3416,-90.8009,41.94,48
2021-01-03 21:57:23.209,4.5,-50.8373,131.3262,10.0,48
2021-01-03 22:13:57.912,5.0,-2.7626,122.2402,10.0,48
2021-01-04 00:15:33.994,4.9,-35.3049,-104.8453,10.0,49
2021-01-04 00:26:59.384,4.5,-31.9948,-178.2952,35.0,49
2021-01-04 00:53:35.455,4.5,-2.7349,122.1901,10.0,49
2021-01-04 03:05:10.096,4.5,13.1674,122.2262,10.0,49
2021-01-04 03:23:19.581,4.7,-19.7629,-69.5779,99.18,49
2021-01-04 05:58:29.611,5.0,29.4293,104.0285,10.0,49
2021-01-04 09:39:59.950,4.7,-55.5145,-27.0075,10.0,49
2021-01-04 11:37:47.526,4.7,67.8835,-19.1197,10.0,49
2021-01-04 11:53:57.607,4.9,8.0284,-38.7242,10.0,49
2021-01-04 15:16:13.899,5.0,-57.0703,-26.8096,136.02,49
2021-01-04 17:38:51.112,4.8,73.1244,6.4873,10.0,49
2021-01-04 18:06:30.330,4.9,-39.2886,-74.8965,10.0,49
2021-01-04 18:54:59.134,4.6,13.5768,144.543,120.04,49
2021-01-04 22:44:53.139,4.5,-17.2356,-64.431,59.85,49
2021-01-05 01:55:46.223,4.5,-24.5317,-179.9681,486.24,50
2021-01-05 03:55:08.575,4.7,8.2719,-82.8748,10.0,50
2021-01-05 05:16:14.914,4.5,32.4746,141.7225,10.0,50
2021-01-05 06:11:54.696,4.9,-14.408,167.3276,175.12,50
2021-01-05 06:43:54.713,4.5,-38.5859,177.9627,78.12,50
2021-01-05 08:17:58.538,4.5,-26.4813,-114.5435,10.0,50
2021-01-05 14:56:18.094,5.1,-10.4267,123.8207,10.0,50
2021-01-05 16:22:12.107,4.8,-35.327,-105.2913,10.0,50
2021-01-05 17:34:36.581,4.7,-30.6212,-177.8417,20.31,50
2021-01-05 20:31:47.781,4.5,-6.923,147.9079,66.17,50
2021-01-06 01:00:02.821,4.6,-31.6873,-70.2204,101.39,51
2021-01-06 03:25:49.522,4.6,51.2234,178.8881,35.0,51
2021-01-06 05:30:54.702,4.7,-22.5438,-12.265,10.0,51
2021-01-06 06:23:07.839,4.8,32.6042,141.6235,10.0,51
2021-01-06 09:20:35.938,6.2,-28.8796,-177.1885,37.14,51
2021-01-06 12:21:10.772,4.5,27.2494,-44.372,10.0,51
2021-01-06 14:26:42.626,4.6,-23.0958,-66.4782,212.21,51
2021-01-06 17:13:22.059,4.7,-56.031,-33.8818,10.0,51
2021-01-06 18:44:31.415,4.5,8.9701,126.7309,27.47,51
2021-01-06 19:17:46.982,4.9,-28.8087,-177.1128,35.0,51
2021-01-06 19:38:40.941,4.8,-19.5308,-69.2288,101.36,51
2021-01-06 19:52:16.717,5.8,-7.0585,155.7921,44.0,51
2021-01-06 20:01:43.688,4.7,45.4308,16.2435,10.0,51
2021-01-06 20:28:35.454,5.5,-4.381,102.694,61.04,51
2021-01-06 21:18:38.814,4.9,-28.9641,-177.3688,69.77,51
2021-01-06 21:29:55.560,4.5,51.1401,-179.1814,27.3,51
2021-01-06 22:13:29.760,4.9,39.8411,143.3322,26.75,51
2021-01-06 22:18:59.653,4.7,-26.5568,67.7027,10.0,51
2021-01-06 23:59:34.318,6.1,0.0661,122.9532,148.0,52
2021-01-07 00:47:45.765,5.0,-17.7809,-178.6939,537.32,52
2021-01-07 03:04:52.088,4.5,-7.0262,155.9677,10.0,52
2021-01-07 04:27:31.280,5.0,6.3819,94.2415,78.43,52
2021-01-07 05:20:32.752,4.5,7.8003,122.0446,10.0,52
2021-01-07 05:49:03.029,4.7,-58.8365,-25.4808,35.0,52
2021-01-07 07:37:35.909,4.6,6.8167,-73.0503,149.56,52
2021-01-07 09:28:32.237,4.6,-57.4361,-25.0716,35.0,52
2021-01-07 10:26:48.919,5.3,-42.7606,-82.7221,10.0,52
2021-01-07 12:17:13.198,4.8,46.892,-27.2214,10.0,52
2021-01-07 14:47:35.524,4.5,-23.2871,-177.5202,259.06,52
2021-01-07 16:53:03.003,4.5,-15.0995,-173.4204,39.81,52
2021-01-07 19:47:18.277,4.5,7.6827,121.9292,10.0,52
2021-01-08 00:16:48.873,4.5,47.8779,153.5467,67.94,53
2021-01-08 00:27:36.252,4.6,-12.3616,167.0569,226.62,53
2021-01-08 02:52:59.184,4.6,-4.4085,-75.4105,53.04,53
2021-01-08 03:28:49.782,6.3,-29.4779,-178.7021,224.0,53
2021-01-08 03:45:07.947,4.8,-10.3648,161.4039,93.94,53
2021-01-08 06:48:57.792,5.0,42.0534,81.1536,10.0,53
2021-01-08 06:54:44.220,4.7,42.0518,81.0862,10.0,53
2021-01-08 08:01:04.246,6.1,-20.7367,169.8821,113.0,53
2021-01-08 12:48:44.584,5.2,-55.6337,-28.6416,51.8,53
2021-01-08 13:05:37.845,4.7,-11.6521,166.4324,110.44,53
2021-01-08 14:41:58.641,5.3,-30.5545,-179.6095,336.37,53
2021-01-08 15:08:50.328,4.9,-17.5104,-172.6346,10.0,53
2021-01-08 19:49:58.059,5.2,-7.2217,120.1887,605.85,53
2021-01-08 21:36:41.490,5.0,-17.6813,-172.5027,10.0,53
2021-01-09 03:40:40.977,4.5,-23.6308,-66.8749,211.27,54
2021-01-09 04:39:38.975,5.5,-16.1482,168.0059,182.0,54
2021-01-09 06:33:33.680,4.6,16.8469,-101.6928,10.0,54
2021-01-09 08:36:33.842,4.6,37.8559,142.6165,34.87,54
2021-01-09 11:23:01.606,5.2,-17.9343,-178.5181,578.93,54
2021-01-09 14:35:52.852,4.7,24.7407,122.0373,74.75,54
2021-01-09 15:28:13.563,5.2,-7.0972,129.4511,117.41,54
2021-01-09 18:00:57.409,4.8,9.647,148.0482,10.0,54
2021-01-09 18:12:30.639,4.7,-25.111,-179.5873,429.11,54
2021-01-09 19:15:41.721,4.9,-24.906,179.9501,490.36,54
2021-01-10 02:01:12.683,5.3,-10.8029,162.4962,10.0,55
2021-01-10 05:23:58.504,4.6,-49.8235,116.1816,10.0,55
2021-01-10 05:44:36.454,4.6,51.8883,178.6813,97.28,55
2021-01-10 06:13:47.423,4.6,-24.5888,179.9874,503.16,55
2021-01-10 06:23:29.306,4.6,23.7861,121.4802,13.55,55
2021-01-10 06:54:14.483,6.1,-24.0412,-66.5729,217.0,55
2021-01-10 09:38:19.291,4.5,37.767,141.6933,43.85,55
2021-01-10 09:48:20.094,6.1,-16.0347,167.8826,160.0,55
2021-01-10 11:15:19.343,4.7,-34.6821,-71.8174,41.71,55
2021-01-10 13:13:35.766,4.6,-15.7187,-179.3551,10.0,55
2021-01-10 14:49:42.614,5.0,-5.1505,153.4578,53.19,55
2021-01-10 18:14:42.573,4.5,36.5003,70.8826,178.51,55
2021-01-10 18:29:25.525,4.6,-25.0252,179.8068,502.08,55
2021-01-10 18:44:48.204,5.6,-35.4114,-105.8649,10.0,55
2021-01-10 23:42:16.979,4.6,-24.1175,-66.7534,199.67,56
2021-01-11 00:28:37.847,5.0,-55.9007,-27.1789,54.84,56
2021-01-11 01:11:08.106,4.8,-22.4888,-68.4786,105.08,56
2021-01-11 01:40:18.830,4.7,-8.2757,116.22,34.95,56
2021-01-11 03:24:36.751,4.9,25.7083,124.4349,149.62,56
2021-01-11 04:20:38.366,5.6,-7.2551,120.4352,615.73,56
2021-01-11 04:38:46.798,4.9,-7.2598,120.6954,618.65,56
2021-01-11 04:54:58.198,4.9,-37.1107,-17.3239,10.0,56
2021-01-11 04:57:27.321,5.2,1.0276,119.9894,9.85,56
2021-01-11 07:00:11.448,4.7,-12.6409,-78.1524,10.0,56
2021-01-11 07:45:42.638,5.3,-63.1803,170.7433,10.0,56
2021-01-11 08:09:02.344,4.8,-37.1253,-16.9113,10.0,56
2021-01-11 09:05:51.953,4.5,-3.6357,-74.7061,47.26,56
2021-01-11 10:19:03.659,5.1,53.6754,-163.9531,35.0,56
2021-01-11 10:19:04.597,4.9,53.7507,-164.0672,37.5,56
2021-01-11 13:51:16.721,4.8,-20.4215,-177.6905,470.84,56
2021-01-11 15:40:45.238,4.5,-5.2188,151.502,73.16,56
2021-01-11 15:47:01.240,5.4,38.8824,-29.3694,10.0,56
2021-01-11 15:56:43.448,4.5,52.7477,158.7786,78.4,56
2021-01-11 16:23:25.743,4.5,15.3036,-45.0994,10.0,56
2021-01-11 17:02:03.048,5.1,33.3042,75.5872,10.0,56
2021-01-11 17:53:05.764,4.5,4.8251,126.9722,65.3,56
2021-01-11 17:57:56.117,4.6,-24.8174,-179.8959,512.12,56
2021-01-11 20:01:39.298,4.6,-17.0163,-174.0376,147.91,56
2021-01-11 22:16:30.997,4.6,-16.4072,178.0071,10.0,56
2021-01-11 22:44:36.185,5.5,-58.05,-9.8432,10.0,56
2021-01-12 00:30:38.609,4.6,-15.6927,168.0112,150.89,57
2021-01-12 00:32:59.020,6.7,51.2774,100.437,10.0,57
2021-01-12 00:41:04.489,5.8,51.4852,100.5121,10.0,57
2021-01-12 00:44:04.455,5.7,51.4076,100.4925,10.0,57
2021-01-12 00:52:25.676,4.5,51.2861,100.3546,10.0,57
2021-01-12 00:53:00.126,5.1,51.4144,100.4297,10.0,57
2021-01-12 00:56:52.479,4.5,51.4437,100.3282,10.0,57
2021-01-12 01:02:56.759,5.0,51.1805,100.311,10.0,57
2021-01-12 01:10:29.324,4.7,51.2628,100.2528,10.0,57
2021-01-12 01:19:12.304,4.6,51.4758,100.424,10.0,57
2021-01-12 01:22:43.394,4.5,51.3125,100.2729,10.0,57
2021-01-12 01:36:07.416,4.8,-21.8638,170.8857,138.35,57
2021-01-12 02:02:23.738,5.0,51.4379,100.3097,10.0,57
2021-01-12 02:30:16.441,4.5,44.0738,149.5818,10.0,57
2021-01-12 03:23:18.555,4.6,-53.3414,-47.1141,10.0,57
2021-01-12 03:34:05.621,4.5,51.3627,100.1567,10.0,57
2021-01-12 03:36:11.586,4.8,51.2279,100.2963,10.0,57
2021-01-12 04:37:57.343,4.6,51.2485,100.2144,10.0,57
2021-01-12 04:49:54.765,4.6,51.5301,100.1421,10.0,57
2021-01-12 05:39:43.440,5.9,43.708,139.9783,214.0,57
2021-01-12 06:46:37.810,4.5,-4.0032,127.702,192.42,57
2021-01-12 09:10:53.284,4.9,14.7981,-93.6356,22.97,57
2021-01-12 10:22:50.289,5.0,22.8862,143.8902,39.38,57
2021-01-12 10:26:33.870,4.5,40.0828,19.7021,10.0,57
2021-01-12 12:08:45.504,4.7,51.1063,100.3621,10.0,57
2021-01-12 12:46:44.326,4.5,7.5564,-34.6938,10.0,57
2021-01-12 13:06:36.856,5.4,-63.16,171.5794,10.0,57
2021-01-12 13:11:55.528,5.2,4.1619,125.3956,46.05,57
2021-01-12 13:23:15.450,4.6,-2.8671,141.9002,24.54,57
2021-01-12 14:04:36.303,4.9,-21.738,-68.7077,117.3,57
2021-01-12 14:51:31.280,4.6,2.2367,128.5754,230.7,57
2021-01-12 16:38:13.315,5.0,19.0221,120.3133,10.0,57
2021-01-12 18:21:58.480,4.6,-7.3986,129.0868,149.3,57
2021-01-12 19:31:16.251,4.5,51.4143,100.1476,10.0,57
2021-01-12 21:17:36.605,5.8,-3.0629,136.8777,28.29,57
2021-01-13 00:02:23.402,4.5,-20.7869,-178.4111,565.43,58
2021-01-13 00:50:14.023,4.6,-60.5139,-44.5157,10.0,58
2021-01-13 01:09:57.263,5.2,38.4129,22.0649,10.0,58
2021-01-13 01:29:39.031,4.6,38.4147,22.0612,10.0,58
2021-01-13 01:32:57.672,4.5,38.3987,22.0833,10.0,58
2021-01-13 01:56:48.046,4.7,38.3646,22.118,10.0,58
2021-01-13 04:11:23.039,4.7,2.5119,-79.8007,10.0,58
2021-01-13 04:39:29.096,4.6,19.4477,145.353,195.51,58
2021-01-13 09:18:22.769,4.6,-4.2223,102.0942,37.21,58
2021-01-13 09:27:14.773,4.6,-23.6925,-64.7452,24.71,58
2021-01-13 14:10:10.183,4.9,51.5752,100.2955,10.0,58
2021-01-13 17:35:02.851,4.5,-5.7641,110.7542,546.39,58
2021-01-13 18:46:25.828,4.5,-7.1702,129.3867,139.02,58
2021-01-13 19:02:35.715,4.9,-6.0903,149.4174,51.7,58
2021-01-13 20:33:05.858,5.2,1.5809,128.2025,23.6,58
2021-01-14 00:43:02.128,5.0,-24.5653,-13.3961,10.0,59
2021-01-14 01:47:33.766,4.6,73.5735,7.6986,10.0,59
2021-01-14 02:49:56.706,4.5,15.2698,-45.5897,10.0,59
2021-01-14 03:03:21.692,4.6,-8.1454,120.3733,28.53,59
2021-01-14 08:13:47.592,4.9,51.3828,-174.0614,19.27,59
2021-01-14 09:35:50.010,5.7,-2.9802,118.8911,18.0,59
2021-01-14 09:38:37.408,5.2,-3.0115,118.9493,10.0,59
2021-01-14 10:26:28.416,4.7,-60.1324,-26.308,35.0,59
2021-01-14 12:22:00.700,4.5,36.0905,104.0101,10.0,59
2021-01-14 15:39:38.933,4.6,-15.4842,166.9635,58.7,59
2021-01-14 17:45:11.461,4.6,10.6076,-62.7629,110.14,59
2021-01-14 18:03:39.015,4.6,-23.9696,179.2301,550.65,59
2021-01-14 18:45:03.755,4.7,-44.6457,-80.1411,10.0,59
2021-01-14 19:28:10.875,4.7,25.4342,124.3328,118.25,59
2021-01-14 19:50:56.805,4.6,1.2727,96.8714,10.0,59
2021-01-14 21:28:18.081,6.2,-2.9711,118.8893,18.0,59
2021-01-15 03:40:48.602,4.5,-14.0512,171.1628,625.83,60
2021-01-15 03:47:20.191,4.6,-16.2295,-177.5752,10.0,60
2021-01-15 05:50:54.141,4.6,0.0133,127.2798,139.14,60
2021-01-15 10:03:12.515,4.6,-38.1723,-17.0859,10.0,60
2021-01-15 10:36:25.889,5.0,-34.6446,-14.7096,10.0,60
2021-01-15 10:52:23.170,5.0,-37.2583,-17.3095,10.0,60
2021-01-15 11:14:29.512,4.5,-37.6109,-17.0402,10.0,60
2021-01-15 11:21:13.562,4.8,2.7388,128.6703,222.4,60
2021-01-15 11:40:06.403,4.8,42.4632,143.2444,62.59,60
2021-01-15 13:35:17.061,4.7,1.0705,-79.733,35.0,60
2021-01-15 13:45:21.903,5.4,-37.1801,-17.2577,10.0,60
2021-01-15 14:19:02.442,4.5,-22.6699,-175.3303,35.0,60
2021-01-15 14:28:26.289,4.7,2.0329,96.3663,10.0,60
2021-01-15 16:19:11.166,5.5,-37.0694,-17.0154,10.0,60
2021-01-15 16:38:19.335,5.2,33.8669,137.2129,357.77,60
2021-01-15 17:19:03.992,4.6,0.4302,-24.9543,10.0,60
2021-01-15 18:13:50.171,4.6,-3.8084,-80.8455,52.21,60
2021-01-15 18:52:50.376,5.1,-3.5275,149.601,10.0,60
2021-01-15 19:10:51.357,5.9,13.9032,-92.0934,10.0,60
2021-01-15 20:09:07.998,4.5,12.9678,-88.7491,73.01,60
2021-01-15 20:32:54.767,4.7,56.0568,164.6155,10.0,60
2021-01-15 22:21:16.851,4.8,1.0328,-79.7623,36.61,60
2021-01-15 23:18:19.668,5.1,-7.0012,155.8696,10.0,60
2021-01-15 23:37:55.823,4.7,-23.9805,-67.3575,207.77,61
2021-01-16 00:31:04.610,5.5,26.9258,55.1859,8.0,61
2021-01-16 00:32:57.663,4.9,14.0217,-92.0396,35.0,61
2021-01-16 01:48:55.846,4.6,13.826,120.7291,160.96,61
2021-01-16 02:00:02.626,5.0,1.5062,125.9334,95.65,61
2021-01-16 02:32:52.269,4.9,-2.9335,118.9545,10.0,61
2021-01-16 02:34:45.828,4.6,-37.2452,-17.1989,10.0,61
2021-01-16 02:51:14.274,4.6,-12.8249,-77.1256,35.45,61
2021-01-16 04:44:04.988,5.0,-9.9009,160.0814,10.0,61
2021-01-16 05:21:34.172,4.6,-31.1143,-178.4848,93.36,61
2021-01-16 06:53:36.394,5.1,-31.0364,-71.3838,59.08,61
2021-01-16 08:18:04.207,5.2,4.9359,-82.5854,10.0,61
2021-01-16 09:36:32.035,5.1,-19.9684,-173.2456,3.36,61
2021-01-16 09:37:31.039,5.1,-5.7211,148.8569,130.17,61
2021-01-16 11:08:36.282,4.6,39.5738,142.8803,52.62,61
2021-01-16 12:26:43.171,5.2,-6.3928,103.8897,33.44,61
2021-01-16 12:42:22.776,4.8,-30.3081,-177.7336,35.0,61
2021-01-16 13:43:42.284,4.5,1.06,-79.5819,39.75,61
2021-01-16 13:55:45.967,4.5,1.226,-79.6466,36.47,61
2021-01-16 15:25:41.894,4.6,18.6575,145.296,350.63,61
2021-01-16 20:06:53.787,4.6,15.7704,-95.0556,34.25,61
2021-01-16 22:58:12.673,4.5,-6.0394,151.5368,10.0,61
2021-01-16 23:02:46.900,5.5,36.4494,70.6975,204.0,61
2021-01-17 01:37:45.312,4.5,12.0214,125.0465,80.23,62
2021-01-17 02:10:58.951,5.1,22.5547,121.4203,18.09,62
2021-01-17 02:28:34.074,4.9,-57.5416,-26.023,74.69,62
2021-01-17 02:52:43.446,4.5,-5.5027,150.9307,101.14,62
2021-01-17 05:07:08.280,4.6,-6.2425,152.8081,10.0,62
2021-01-17 05:50:17.037,4.7,26.8725,55.1942,10.0,62
2021-01-17 06:38:55.602,5.0,-15.5183,168.1491,10.0,62
2021-01-17 07:04:52.474,4.8,-31.2034,-177.7266,10.0,62
2021-01-17 11:05:24.127,4.6,-27.9736,-66.9362,158.58,62
2021-01-17 11:31:53.227,5.1,54.041,161.9605,10.0,62
2021-01-17 15:24:32.588,4.7,-34.9539,-71.069,94.17,62
2021-01-17 15:32:13.113,4.6,-31.8151,-71.5175,48.76,62
2021-01-17 16:05:20.957,4.5,-18.0152,-178.5268,548.09,62
2021-01-17 17:41:23.764,4.5,-31.5102,-179.1813,207.55,62
2021-01-17 19:18:21.481,4.5,-21.1023,170.3438,158.06,62
2021-01-17 21:40:42.767,5.2,-56.3823,-27.1543,90.72,62
2021-01-18 04:17:20.467,4.5,48.9782,153.6254,163.27,63
2021-01-18 04:48:33.905,4.5,-32.4808,-69.5456,119.59,63
2021-01-18 05:05:54.154,4.8,44.9559,147.857,104.8,63
2021-01-18 07:23:12.565,4.5,35.6339,26.2557,10.0,63
2021-01-18 08:45:56.744,4.9,-30.1585,-71.6215,33.38,63
2021-01-18 10:17:16.179,5.3,-14.5819,167.3408,160.89,63
2021-01-18 14:43:54.736,4.7,7.3172,94.6789,124.7,63
2021-01-18 17:21:03.429,4.9,-6.3698,142.7291,11.8,63
2021-01-18 17:56:46.608,5.1,-6.2649,142.9024,10.0,63
2021-01-18 18:55:31.813,4.9,-15.474,-173.1907,10.0,63
2021-01-18 19:03:12.178,4.6,28.272,56.015,10.0,63
2021-01-18 20:12:14.305,4.7,36.6601,141.8644,33.16,63
2021-01-18 20:40:22.171,5.3,-33.5411,-179.1666,30.07,63
2021-01-18 21:46:12.974,4.7,57.9818,126.3399,10.0,63
2021-01-18 23:47:32.350,4.7,38.9863,142.0383,59.99,64
2021-01-19 03:56:44.225,4.8,-0.0023,120.0833,79.29,64
2021-01-19 04:41:31.701,4.7,-17.2452,-72.3851,45.46,64
2021-01-19 05:46:22.293,6.4,-31.8304,-68.8059,20.0,64
2021-01-19 06:03:44.059,4.9,-31.8715,-68.8527,10.0,64
2021-01-19 06:08:30.204,4.8,-31.8572,-68.9023,10.0,64
2021-01-19 06:31:46.752,4.9,-18.906,-174.7926,87.58,64
2021-01-19 06:37:44.722,5.3,-31.7882,-68.7944,10.0,64
2021-01-19 06:51:52.944,4.9,-31.8325,-68.8542,10.0,64
2021-01-19 07:01:41.176,4.8,-31.8379,-68.806,10.0,64
2021-01-19 08:01:03.585,5.2,-7.3184,125.307,428.38,64
2021-01-19 10:26:11.490,4.7,-1.9407,128.9342,33.31,64
2021-01-19 12:08:57.129,4.6,3.2892,66.0497,10.0,64
2021-01-19 12:24:32.306,4.5,-15.8229,-174.0014,158.78,64
2021-01-19 13:47:52.583,4.5,-15.8849,-172.9879,10.0,64
2021-01-19 14:57:35.713,4.6,-21.1335,-178.5945,559.38,64
2021-01-19 15:42:45.759,4.7,-23.4843,-175.3199,10.0,64
2021-01-19 23:10:59.408,4.8,-8.8648,110.6088,91.26,64
2021-01-19 23:18:18.756,5.1,-13.3551,166.8028,46.41,64
2021-01-20 04:27:58.557,4.8,9.0657,125.6272,10.0,65
2021-01-20 04:31:54.304,4.6,-6.1441,132.4536,10.0,65
2021-01-20 04:38:42.867,4.9,-21.9979,169.9652,10.0,65
2021-01-20 06:41:45.134,4.7,-31.3158,-177.952,10.0,65
2021-01-20 07:28:52.869,4.8,-5.9976,131.7618,10.0,65
2021-01-20 08:01:39.000,4.5,-17.6715,-178.7253,533.87,65
2021-01-20 09:53:12.400,4.9,10.4901,125.5798,87.78,65
2021-01-20 11:54:50.348,4.8,-4.7266,155.051,496.73,65
2021-01-20 12:50:10.768,4.6,-6.621,129.8027,163.09,65
2021-01-20 17:59:44.538,4.7,26.5481,-110.9542,10.0,65
2021-01-20 19:00:41.678,5.6,49.7094,147.7173,587.69,65
2021-01-21 01:27:44.256,5.1,-14.9396,-75.557,18.15,66
2021-01-21 01:49:27.108,4.8,-14.9977,-75.5846,10.0,66
2021-01-21 01:59:12.057,5.5,-15.0155,-75.5223,7.93,66
2021-01-21 02:09:16.329,5.3,-14.9354,-75.5488,10.0,66
2021-01-21 02:37:55.968,4.8,37.8701,26.7652,2.8,66
2021-01-21 03:27:45.235,4.8,-14.94,-75.5263,10.0,66
2021-01-21 05:06:22.531,4.8,-5.607,147.4488,181.41,66
2021-01-21 05:56:21.524,4.6,-5.6275,146.4267,54.23,66
2021-01-21 06:04:04.243,4.5,30.2979,140.1535,105.77,66
2021-01-21 09:26:03.352,4.7,-24.129,-67.269,211.33,66
2021-01-21 09:32:32.774,4.5,7.5114,-82.5272,10.0,66
2021-01-21 13:09:35.181,4.6,48.2017,154.1748,66.1,66
2021-01-21 13:15:34.107,4.9,-2.3381,-79.4668,83.02,66
2021-01-21 15:23:05.774,7.0,5.0074,127.5174,95.81,66
2021-01-21 16:51:19.153,4.8,-45.1688,166.7644,31.53,66
2021-01-21 17:27:06.642,4.9,35.0235,33.7103,68.47,66
2021-01-21 17:40:30.502,4.5,5.0055,127.2547,120.34,66
2021-01-21 19:37:31.558,4.6,4.9907,127.3993,101.02,66
2021-01-21 20:00:18.915,4.5,-19.2688,-177.2713,554.23,66
2021-01-21 20:49:17.632,4.5,-15.5929,168.2235,144.77,66
2021-01-21 22:34:26.332,4.5,28.0906,105.0426,10.0,66
2021-01-21 22:47:57.852,4.5,13.5016,119.2999,10.0,66
2021-01-22 01:33:07.466,4.5,-23.8937,-175.2621,10.0,67
2021-01-22 04:31:31.747,5.0,47.5616,-27.468,11.11,67
2021-01-22 04:54:29.334,4.7,13.5408,119.277,27.67,67
2021-01-22 05:06:34.999,4.6,-35.7293,-103.0497,10.0,67
2021-01-22 07:02:14.919,4.6,39.299,72.0159,53.38,67
2021-01-22 08:03:38.952,4.9,47.469,-27.5389,10.0,67
2021-01-22 12:26:49.990,4.7,-3.9975,141.5101,55.81,67
2021-01-22 13:45:51.820,4.6,5.0118,127.5651,114.7,67
2021-01-22 15:47:03.194,4.5,4.926,127.4581,124.18,67
2021-01-22 16:51:06.331,4.8,12.7981,144.3558,41.7,67
2021-01-22 19:03:57.835,4.7,37.3198,141.5884,31.68,67
2021-01-22 19:23:42.578,5.6,-33.1538,-179.4848,45.62,67
2021-01-23 04:29:57.647,4.6,-33.2933,-179.4283,76.56,68
2021-01-23 04:59:11.993,5.0,28.2749,104.2709,10.0,68
2021-01-23 06:19:51.763,5.7,-6.3369,147.6009,29.26,68
2021-01-23 06:37:18.851,4.8,-22.3481,171.5303,35.0,68
2021-01-23 07:58:13.439,4.7,13.4239,-90.9226,10.0,68
2021-01-23 08:39:18.366,5.0,42.322,142.6196,108.19,68
2021-01-23 11:24:16.930,4.5,6.0582,-77.4439,32.79,68
2021-01-23 11:34:31.155,5.2,-6.3029,147.668,38.55,68
2021-01-23 14:22:54.724,4.5,-24.3237,-67.3026,188.73,68
2021-01-23 14:47:33.822,5.5,-24.3296,-179.5053,424.62,68
2021-01-23 16:12:10.549,4.8,37.1493,141.5625,47.32,68
2021-01-23 19:58:51.331,5.4,-6.2472,147.6881,40.99,68
2021-01-23 20:37:06.482,4.8,-24.592,179.6491,519.64,68
2021-01-23 22:19:01.144,4.6,-31.7491,-68.7892,18.04,68
2021-01-23 22:38:36.722,4.7,-20.4503,-174.6725,10.0,68
2021-01-24 00:12:18.130,4.9,3.1222,-74.8254,25.07,69
2021-01-24 02:36:01.060,4.5,-28.2446,-176.234,10.0,69
2021-01-24 02:36:50.910,6.9,-61.8117,-55.4903,9.8,69
2021-01-24 02:48:39.024,5.4,-61.6966,-55.2943,10.0,69
2021-01-24 02:52:15.696,4.7,-61.7603,-55.652,10.0,69
2021-01-24 03:00:42.891,4.9,-61.7409,-55.4618,10.0,69
2021-01-24 03:03:17.317,5.0,-61.8467,-55.4547,10.0,69
2021-01-24 03:05:51.401,4.9,-61.7558,-55.4388,10.0,69
2021-01-24 03:07:45.266,5.7,-33.3533,-70.1484,109.48,69
2021-01-24 03:20:59.949,4.9,-61.8135,-55.4515,10.0,69
2021-01-24 03:47:50.125,4.5,-61.8277,-55.3582,10.0,69
2021-01-24 03:49:01.968,4.6,-61.9433,-55.1398,10.0,69
2021-01-24 03:51:35.633,4.9,-61.6735,-55.3058,10.0,69
2021-01-24 03:54:25.412,4.7,-61.7373,-55.3143,10.0,69
2021-01-24 04:01:03.245,4.6,-17.8606,-178.1796,508.44,69
2021-01-24 07:08:41.235,4.7,2.1748,128.7255,40.88,69
2021-01-24 08:29:31.741,4.9,-61.7299,-55.0513,10.0,69
2021-01-24 08:47:53.088,5.8,-51.1834,162.1096,10.0,69
2021-01-24 09:23:26.093,4.5,17.8385,-105.9309,10.0,69
2021-01-24 09:36:27.671,5.2,-17.9067,-177.2595,326.26,69
2021-01-24 12:29:05.781,4.7,-61.7795,-55.2289,10.0,69
2021-01-24 12:29:45.638,5.1,-14.6127,166.9133,17.94,69
2021-01-24 13:06:24.420,4.7,-21.9218,-176.3935,103.97,69
2021-01-24 13:26:06.801,4.9,-58.4691,-14.6514,10.0,69
2021-01-24 15:14:45.404,5.5,-61.7685,-55.3589,10.0,69
2021-01-24 15:19:23.258,4.8,-61.5098,-54.5781,10.0,69
2021-01-24 16:03:29.349,5.1,-4.4396,102.533,54.96,69
2021-01-24 16:40:49.472,4.9,-61.8118,-55.3819,10.0,69
2021-01-24 17:26:45.309,5.2,8.99,126.504,64.31,69
2021-01-24 18:11:13.986,5.2,-52.9253,10.0684,10.0,69
2021-01-24 19:03:34.143,4.5,-6.9757,151.1155,10.0,69
2021-01-24 21:11:01.330,4.8,-61.7017,-55.2097,10.0,69
2021-01-24 21:24:04.128,4.8,42.092,144.9053,10.0,69
2021-01-24 21:42:09.158,5.0,-1.9621,133.5979,45.69,69
2021-01-24 21:57:01.978,4.6,-38.0634,176.4366,10.0,69
2021-01-24 22:01:22.234,5.2,37.1675,71.6156,108.8,69
2021-01-24 22:12:34.936,5.2,-38.1692,176.3891,6.47,69
2021-01-24 23:34:13.761,4.8,-61.7671,-55.2872,10.0,70
2021-01-25 00:16:21.925,5.1,54.3994,-162.1148,35.0,70
2021-01-25 00:49:37.578,4.7,-4.5958,138.7576,46.69,70
2021-01-25 02:14:47.952,4.5,-6.9784,144.878,10.0,70
2021-01-25 02:21:41.140,5.4,18.2516,-64.0708,94.0,70
2021-01-25 10:25:35.422,5.2,23.527,123.6457,10.0,70
2021-01-25 10:53:22.423,5.2,-4.548,152.1861,100.14,70
2021-01-25 12:05:54.825,4.9,23.4746,123.6934,10.0,70
2021-01-25 14:34:14.208,4.5,-5.7001,149.0846,203.14,70
2021-01-25 16:35:27.847,4.6,37.7273,20.8862,29.51,70
2021-01-25 16:54:32.000,4.7,-11.9271,65.9579,10.0,70
2021-01-25 17:24:44.791,4.9,21.7756,119.8932,10.0,70
2021-01-25 20:22:37.560,4.9,51.5165,177.7395,38.32,70
2021-01-25 22:31:20.888,4.8,-11.1774,164.7373,10.0,70
2021-01-25 22:39:53.118,4.5,14.2136,120.5012,122.37,70
2021-01-25 23:26:37.822,4.5,53.9112,-35.152,10.0,70
2021-01-25 23:35:37.612,4.5,-23.468,-66.721,211.0,71
2021-01-25 23:37:55.776,4.8,-17.2175,-174.1063,92.11,71
2021-01-25 23:42:07.593,5.1,-15.7415,-178.6792,10.0,71
2021-01-26 00:26:10.096,5.1,-5.5476,151.8753,46.94,71
2021-01-26 01:02:00.530,4.9,60.2288,-145.9447,1.8,71
2021-01-26 02:08:38.546,4.7,-35.1534,-105.8961,10.0,71
2021-01-26 02:29:05.462,4.5,-23.5193,-179.9555,530.58,71
2021-01-26 02:46:56.607,4.6,14.009,144.6319,194.94,71
2021-01-26 04:30:30.322,4.9,-22.1159,-179.3784,545.16,71
2021-01-26 07:17:55.285,5.3,-6.9635,155.7839,75.24,71
2021-01-26 07:32:04.437,4.5,-6.7521,156.3225,10.0,71
2021-01-26 08:08:48.712,5.1,-11.2648,165.2696,10.0,71
2021-01-26 10:59:27.316,5.0,-23.9749,-179.1857,528.0,71
2021-01-26 14:17:40.697,4.9,36.1658,41.0703,10.0,71
2021-01-26 16:05:42.301,4.6,-19.968,-178.1591,574.4,71
2021-01-26 16:50:09.990,4.6,-25.8534,-70.9826,27.55,71
2021-01-26 17:57:00.108,4.6,46.9515,152.433,77.84,71
2021-01-26 18:42:22.947,4.8,-6.922,155.8614,104.41,71
2021-01-27 00:52:14.331,4.7,-22.8853,172.2155,23.66,72
2021-01-27 01:58:05.297,4.5,1.0815,-79.8781,44.32,72
2021-01-27 02:37:58.019,4.5,-28.7978,-68.922,106.06,72
2021-01-27 06:13:22.948,4.9,-10.5209,123.7781,10.0,72
2021-01-27 07:08:27.072,5.0,-61.8961,-55.3861,10.0,72
2021-01-27 07:19:56.888,5.0,0.0083,123.4695,137.17,72
2021-01-27 08:06:53.223,5.2,42.6991,141.9454,115.62,72
2021-01-27 10:57:33.358,4.9,4.4075,-75.856,159.4,72
2021-01-27 12:10:39.198,5.0,-20.3181,-178.1238,571.54,72
2021-01-27 13:40:26.412,4.8,-5.1515,103.6685,49.15,72
2021-01-27 15:45:30.286,4.9,-3.0081,138.5982,57.6,72
2021-01-27 17:27:38.822,4.6,42.7779,146.3204,40.15,72
2021-01-27 19:25:17.269,4.6,40.5301,-127.0419,10.0,72
2021-01-27 19:35:32.011,4.7,5.2872,-82.6239,10.0,72
2021-01-27 19:46:18.251,4.6,-6.415,129.9443,174.0,72
2021-01-27 20:21:33.496,4.6,-1.3747,-15.0256,10.0,72
2021-01-28 03:51:39.387,4.8,-32.291,-13.5178,10.0,73
2021-01-28 04:06:06.053,4.5,-16.4788,-174.3278,73.89,73
2021-01-28 04:24:30.120,4.5,-15.9029,-174.4514,10.0,73
2021-01-28 05:55:30.084,4.5,-61.8425,-55.7451,10.0,73
2021-01-28 09:03:22.557,5.0,-6.373,154.0443,10.0,73
2021-01-28 10:29:33.011,4.8,22.5735,121.0345,10.0,73
2021-01-28 10:57:12.495,4.8,4.9125,127.4813,122.66,73
2021-01-28 13:38:45.690,4.8,13.9473,-91.8831,46.86,73
2021-01-28 20:06:26.795,4.6,41.2498,49.9952,35.0,73
2021-01-28 20:52:34.057,4.5,-17.9428,-178.3424,599.36,73
2021-01-28 21:51:50.650,4.6,44.1798,147.6387,67.52,73
2021-01-28 22:24:26.918,4.6,40.0825,141.6975,69.17,73
2021-01-29 04:13:10.894,4.8,-17.7464,167.6716,10.0,74
2021-01-29 08:12:20.374,4.9,13.5212,120.5455,20.51,74
2021-01-29 08:52:29.281,4.9,-8.4941,159.0781,127.3,74
2021-01-29 13:40:57.314,4.7,-31.2597,-179.2701,200.05,74
2021-01-29 14:23:28.861,4.9,8.2438,-83.0096,11.31,74
2021-01-29 15:41:39.155,5.6,8.1941,-82.9664,10.0,74
2021-01-29 16:14:44.904,5.5,8.2765,-82.9539,10.0,74
2021-01-29 16:23:26.183,4.7,8.2289,-82.9922,10.0,74
2021-01-29 16:54:40.608,4.8,-61.8129,-55.4615,10.0,74
2021-01-29 17:10:39.834,5.2,-61.7259,-55.3187,10.0,74
2021-01-29 18:57:02.883,4.6,-41.2653,85.4784,10.0,74
2021-01-29 22:23:38.515,4.7,7.1192,-72.0935,20.96,74
2021-01-29 22:31:28.876,4.6,2.6278,126.7698,18.55,74
2021-01-29 22:47:55.905,5.6,-13.963,121.8415,10.0,74
2021-01-30 01:33:50.019,4.6,14.1786,145.1746,108.2,75
2021-01-30 04:25:52.859,4.6,29.3374,128.7017,10.0,75
2021-01-30 06:13:01.279,4.7,10.571,125.5166,35.0,75
2021-01-30 07:19:24.322,5.0,-62.119,-56.4648,10.0,75
2021-01-30 08:17:24.647,5.3,-3.0919,129.3568,10.06,75
2021-01-30 08:35:28.317,5.0,12.7207,-88.0212,68.47,75
2021-01-30 11:22:05.719,4.8,-18.2509,-69.7706,115.85,75
2021-01-30 11:35:16.976,5.3,54.2063,169.2715,19.84,75
2021-01-30 12:50:05.806,4.5,1.5434,121.9811,483.48,75
2021-01-30 13:52:32.139,5.4,-4.4977,102.5621,57.84,75
2021-01-30 16:24:59.163,5.2,-19.9645,-70.3439,60.95,75
2021-01-30 16:29:25.576,4.5,-5.7927,148.4892,129.72,75
2021-01-30 17:19:28.576,4.6,47.2241,152.5273,112.18,75
2021-01-30 18:36:50.468,5.0,-62.2162,-57.5546,10.0,75
2021-01-30 18:39:44.875,4.5,-8.2653,156.3045,40.67,75
2021-01-31 03:34:14.635,4.9,9.0919,126.5574,18.17,76
2021-01-31 04:33:03.884,4.6,-22.9561,-179.523,530.6,76
2021-01-31 06:59:26.683,5.1,-24.2289,-66.9403,168.65,76
2021-01-31 08:11:02.963,5.0,21.7656,145.4551,10.0,76
2021-01-31 12:28:51.342,4.9,-5.6403,133.6777,10.0,76
2021-01-31 12:44:41.806,5.1,-5.4951,133.8417,10.0,76
2021-01-31 18:50:10.756,4.5,-17.9997,-178.0067,522.9,76
2021-01-31 18:51:49.658,4.9,22.1851,143.8711,132.47,76
2021-01-31 19:04:33.558,4.9,28.1239,56.7149,10.0,76
2021-01-31 19:10:12.563,4.6,-57.4896,-25.1772,35.0,76
2021-01-31 19:42:37.236,4.6,-9.2887,107.079,10.0,76
2021-01-31 22:05:14.669,5.6,2.6669,-59.6065,7.22,76
2021-01-31 22:58:35.348,4.7,3.9662,126.5332,36.06,76
2021-02-01 01:06:00.832,4.9,28.1524,57.257,10.0,77
2021-02-01 01:54:20.147,4.7,19.7706,121.3484,48.93,77
2021-02-01 02:20:48.932,4.7,-31.7572,-68.9636,10.0,77
2021-02-01 03:12:47.586,4.6,-28.9953,-177.2697,63.01,77
2021-02-01 08:20:05.048,5.0,-59.1473,-26.0908,119.68,77
2021-02-01 08:31:49.501,4.5,4.1669,126.6027,52.26,77
2021-02-01 08:46:53.021,4.8,38.9633,26.0739,10.0,77
2021-02-01 09:00:05.068,4.8,38.89,26.0215,10.0,77
2021-02-01 11:34:47.319,4.6,37.3914,141.8797,44.68,77
2021-02-01 11:35:18.026,5.2,39.0511,26.1067,7.16,77
2021-02-01 14:13:35.147,4.8,-24.359,-67.2954,184.71,77
2021-02-01 16:10:15.874,4.9,38.9683,26.0399,9.41,77
2021-02-01 17:25:05.483,4.5,-15.6435,-173.2042,10.0,77
2021-02-01 18:18:25.197,4.8,-59.0013,-16.8454,10.0,77
2021-02-01 18:29:28.656,4.9,-55.6175,-128.9766,10.0,77
2021-02-01 18:34:05.257,4.7,-6.3737,147.7647,52.18,77
2021-02-01 20:14:48.534,4.6,4.9874,127.5422,111.84,77
2021-02-01 21:26:19.298,4.5,12.7969,-71.7962,10.0,77
2021-02-01 21:32:57.756,4.8,-4.6544,132.5931,10.0,77
2021-02-01 23:46:15.897,4.8,38.9772,26.0791,10.0,78
2021-02-01 23:53:19.898,4.6,13.6975,-90.7714,83.66,78
2021-02-02 01:31:08.001,4.7,9.7061,126.01,10.0,78
2021-02-02 02:51:53.559,4.5,-21.4668,34.9127,10.0,78
2021-02-02 03:02:45.042,4.5,39.0993,36.0949,10.0,78
2021-02-02 05:31:14.188,5.2,28.815,87.3725,10.81,78
2021-02-02 07:35:59.994,4.8,2.1923,128.308,89.17,78
2021-02-02 11:05:16.094,4.9,-16.3014,-172.7035,28.0,78
2021-02-02 17:37:40.116,5.0,4.0126,126.5004,48.5,78
2021-02-02 17:45:00.693,4.7,4.1327,126.5027,39.89,78
2021-02-02 19:14:13.363,4.5,28.8039,84.0135,29.41,78
2021-02-02 23:49:27.581,5.7,-16.286,177.9523,10.0,79
2021-02-03 01:57:54.923,4.5,-15.1744,-75.8571,10.0,79
2021-02-03 02:37:11.108,4.6,-22.619,171.7621,10.0,79
2021-02-03 02:44:42.420,4.5,-22.8368,171.6497,10.0,79
2021-02-03 02:50:42.257,4.9,-22.7367,171.8679,10.0,79
2021-02-03 02:58:34.546,5.8,-22.7369,171.9044,9.0,79
2021-02-03 03:00:06.910,5.3,-22.9073,171.6719,10.0,79
2021-02-03 03:05:33.762,5.2,-22.7842,171.8373,10.0,79
2021-02-03 03:20:48.467,4.6,-23.121,171.5205,10.0,79
2021-02-03 03:31:00.985,4.6,-22.8692,171.7787,10.0,79
2021-02-03 03:42:20.133,5.6,-22.7457,171.7984,10.0,79
2021-02-03 03:49:45.346,5.0,-22.9499,171.7882,10.0,79
2021-02-03 03:51:36.642,5.3,-22.7832,171.8306,10.0,79
2021-02-03 04:38:56.638,4.8,-20.3548,-177.8606,530.2,79
2021-02-03 04:41:09.915,4.9,-22.7329,171.6788,10.0,79
2021-02-03 04:44:33.287,5.0,-22.8734,171.7783,10.0,79
2021-02-03 08:23:44.293,6.7,-36.1899,-97.6645,10.0,79
2021-02-03 11:25:38.490,4.9,-3.0087,118.9644,10.0,79
2021-02-03 11:42:25.839,4.9,23.1303,-107.9857,10.0,79
2021-02-03 12:55:07.140,5.0,10.4069,-12.9948,14.42,79
2021-02-03 13:20:20.432,4.9,55.044,165.6515,10.0,79
2021-02-03 13:37:28.463,4.7,12.5064,-88.8051,60.43,79
2021-02-03 14:11:15.883,5.1,-20.1515,-173.8087,10.0,79
2021-02-03 14:41:55.568,4.9,-3.1779,-77.5966,35.23,79
2021-02-03 17:29:50.176,4.5,34.2655,78.2901,10.0,79
2021-02-03 19:35:52.573,5.0,-61.735,-55.1596,10.0,79
2021-02-03 19:49:12.040,5.0,-6.2051,147.4046,40.74,79
2021-02-03 20:57:09.905,4.6,-39.0027,178.5981,10.0,79
2021-02-03 21:33:40.600,4.5,2.4722,95.9412,10.0,79
2021-02-03 23:09:09.464,4.6,43.6076,-28.7657,10.0,79
2021-02-04 00:26:02.621,4.6,-36.5188,-98.87,10.0,80
2021-02-04 00:46:40.816,4.9,-64.7563,176.8493,10.0,80
2021-02-04 04:09:29.605,4.5,-0.3901,135.3461,10.0,80
2021-02-04 06:28:00.899,4.6,-15.3937,-173.1057,10.0,80
2021-02-04 08:06:24.059,5.1,28.7477,87.3607,10.0,80
2021-02-04 08:28:28.571,4.8,-4.725,152.6517,61.86,80
2021-02-04 10:48:12.382,5.1,14.6073,118.8313,20.67,80
2021-02-04 11:14:03.056,5.4,21.6194,121.8954,10.0,80
2021-02-04 15:14:26.978,5.7,-22.622,171.9411,10.0,80
2021-02-04 20:02:04.030,4.5,36.7848,76.829,93.66,80
2021-02-04 22:27:37.027,5.0,44.3922,147.6771,82.46,80
2021-02-04 23:53:52.713,4.6,-4.8515,151.7381,143.22,81
2021-02-05 01:00:43.233,5.1,14.5393,123.0159,10.0,81
2021-02-05 01:08:40.294,4.5,14.4849,123.1486,10.0,81
2021-02-05 02:30:02.617,4.5,14.3807,123.0941,10.0,81
2021-02-05 02:48:57.327,5.0,-20.1471,170.0975,47.98,81
2021-02-05 02:49:49.484,4.8,11.9022,120.7811,10.0,81
2021-02-05 02:53:52.231,4.5,-31.6151,-177.9624,10.0,81
2021-02-05 02:57:26.370,4.7,-15.6508,-176.9812,10.0,81
2021-02-05 10:07:54.255,4.7,-4.1349,150.4128,439.55,81
2021-02-05 10:53:34.641,4.5,6.827,-73.0564,152.92,81
2021-02-05 12:07:57.947,4.5,-4.5002,102.2208,52.88,81
2021-02-05 15:29:34.652,4.8,12.3765,-86.7634,148.47,81
2021-02-05 18:36:10.512,5.1,40.4948,45.3546,10.0,81
2021-02-05 18:41:34.243,5.4,-22.7765,171.7284,10.0,81
2021-02-05 23:34:45.998,5.2,-0.2165,124.4574,54.3,82
2021-02-06 00:24:07.625,4.7,-42.7764,-82.4905,10.0,82
2021-02-06 01:32:30.177,4.5,-21.3543,-177.9025,337.04,82
2021-02-06 02:55:21.059,4.7,-10.9786,-77.8094,68.15,82
2021-02-06 07:27:17.873,4.8,-23.5534,-175.4638,10.0,82
2021-02-06 07:40:34.678,5.2,-23.3708,-175.5639,35.0,82
2021-02-06 10:05:02.490,4.99,19.156,-64.8158,78.0,82
2021-02-06 10:43:16.284,4.6,4.1354,-82.7696,10.0,82
2021-02-06 13:21:12.989,4.6,7.5349,126.6515,75.0,82
2021-02-06 17:54:28.667,4.5,38.5863,93.7853,10.0,82
2021-02-06 19:09:49.572,4.5,-20.6949,-65.9255,357.57,82
2021-02-06 20:36:02.316,5.4,24.6418,122.6816,106.46,82
2021-02-06 21:39:50.270,4.8,54.7143,-161.2781,49.96,82
2021-02-07 02:28:52.931,4.8,6.7403,125.0842,16.53,83
2021-02-07 04:56:52.310,5.0,-20.7555,-177.4664,369.43,83
2021-02-07 05:25:06.293,4.9,-17.1476,-174.3459,154.0,83
2021-02-07 05:58:20.364,5.0,-22.8261,172.0304,10.0,83
2021-02-07 06:31:33.045,4.6,12.2459,143.4469,10.0,83
2021-02-07 07:04:41.288,5.0,-54.813,-135.9412,10.0,83
2021-02-07 07:22:56.507,6.0,6.7833,125.2056,15.55,83
2021-02-07 08:45:52.249,6.3,-3.2929,146.0591,10.0,83
2021-02-07 12:26:56.210,4.5,-24.3076,-67.0125,177.64,83
2021-02-07 15:25:33.730,4.7,-23.0214,171.8114,10.0,83
2021-02-08 00:57:37.202,4.6,-3.0553,129.2239,10.0,84
2021-02-08 02:18:47.017,4.8,-16.1465,-173.2521,10.0,84
2021-02-08 03:00:42.562,5.6,5.7167,127.051,51.1,84
2021-02-08 04:12:28.351,4.8,-9.3,111.347,40.47,84
2021-02-08 08:56:47.832,4.5,14.2047,-94.0542,10.0,84
2021-02-08 09:39:59.114,4.9,-34.556,-178.4274,21.45,84
2021-02-08 09:56:19.438,4.9,-15.6234,-173.7076,32.36,84
2021-02-08 10:54:12.171,4.8,14.5789,118.8956,10.0,84
2021-02-08 11:06:19.448,5.5,-30.2486,-179.4181,340.09,84
2021-02-08 11:59:02.484,5.0,-9.0577,157.5687,10.0,84
2021-02-08 15:34:20.683,5.1,-5.361,145.9113,64.36,84
2021-02-08 17:24:01.433,5.0,42.3211,144.9477,40.77,84
2021-02-08 19:13:12.943,4.6,-20.9856,-178.8661,626.74,84
2021-02-08 19:56:31.089,5.1,24.3748,122.3914,63.14,84
2021-02-08 19:58:04.000,5.2,24.3925,122.0533,30.92,84
2021-02-08 23:08:09.056,5.1,-18.9292,-172.6934,10.0,84
2021-02-09 00:04:09.555,4.7,5.5713,-82.7898,10.0,85
2021-02-09 00:10:59.747,5.1,-16.474,-72.0477,103.95,85
2021-02-09 01:35:39.972,4.5,43.5338,146.5466,86.04,85
2021-02-09 02:24:39.944,5.0,11.9833,120.8296,10.0,85
2021-02-09 03:17:51.290,4.9,-52.8613,27.7845,10.0,85
2021-02-09 04:22:24.447,4.9,-10.4821,161.4152,35.0,85
2021-02-09 04:40:55.888,5.1,-5.4478,-77.3292,10.63,85
2021-02-09 05:51:14.239,5.0,19.102,121.1676,34.92,85
2021-02-09 05:55:47.985,5.6,-5.1821,151.7511,53.0,85
2021-02-09 06:39:28.740,4.9,30.0669,130.9986,35.0,85
2021-02-09 07:37:50.480,4.5,9.4814,-85.6366,10.0,85
2021-02-09 07:48:21.168,4.8,41.3377,143.4866,39.48,85
2021-02-09 10:07:58.892,5.2,31.352,140.6425,76.14,85
2021-02-09 10:24:47.614,5.2,-6.3997,129.8761,166.21,85
2021-02-09 14:28:20.615,4.8,-18.6278,-69.9874,96.14,85
2021-02-09 15:47:32.483,4.5,-6.4249,130.0,172.09,85
2021-02-09 18:51:55.870,4.8,38.6148,31.589,10.0,85
2021-02-10 01:29:49.007,5.1,-50.1317,119.8022,10.0,86
2021-02-10 02:25:47.265,4.5,-1.1479,28.6334,10.0,86
2021-02-10 11:22:32.092,5.7,-13.5934,-111.5909,10.0,86
2021-02-10 11:47:40.295,5.0,12.9485,-88.4204,91.57,86
2021-02-10 13:03:13.359,5.1,4.9077,127.3783,113.96,86
2021-02-10 13:15:34.630,5.1,-5.6097,101.6902,10.0,86
2021-02-10 13:21:32.774,5.1,-5.6245,101.6833,10.0,86
2021-02-10 15:24:21.709,6.0,-22.8608,171.6454,10.0,86
2021-02-10 15:32:11.852,5.7,-22.5523,171.4567,10.0,86
2021-02-10 15:52:27.660,6.2,-5.6626,101.6647,10.0,86
2021-02-10 16:02:00.059,6.1,-22.7819,171.5776,10.0,86
2021-02-10 16:19:55.905,7.7,-23.0542,171.6008,10.0,86
2021-02-10 16:57:18.338,5.2,-22.6348,171.5387,10.0,86
2021-02-10 17:18:20.352,5.6,-22.6942,171.7785,10.0,86
2021-02-10 17:30:24.547,5.0,-22.7878,172.0663,10.0,86
2021-02-10 17:37:22.040,5.2,-22.7176,171.5166,10.0,86
2021-02-10 17:49:57.457,5.1,-22.923,170.8756,10.0,86
2021-02-10 17:59:37.107,5.1,-22.7553,172.0277,10.0,86
2021-02-10 18:24:09.325,4.5,31.315,139.9207,119.21,86
2021-02-10 18:44:30.752,4.9,-22.718,171.5076,10.0,86
2021-02-10 19:12:58.742,4.6,-3.3373,139.6088,55.63,86
2021-02-10 19:19:36.151,4.9,-22.9325,171.3131,10.0,86
2021-02-10 19:35:23.191,6.1,-22.8384,171.0768,10.0,86
2021-02-10 19:47:08.326,5.1,-22.8965,171.0215,10.0,86
2021-02-10 19:52:21.304,4.9,-22.8601,171.5554,10.0,86
2021-02-10 19:53:54.227,5.2,-22.7377,171.5727,10.0,86
2021-02-10 20:00:50.078,5.0,-22.771,171.2583,10.0,86
2021-02-10 20:24:35.478,5.2,-23.303,171.5116,10.0,86
2021-02-10 20:25:50.085,5.6,-22.7319,171.7213,10.0,86
2021-02-10 20:30:24.927,4.8,-22.8069,-179.7602,576.17,86
2021-02-10 20:53:00.116,4.6,-23.5091,-179.6783,545.63,86
2021-02-10 21:36:41.477,6.1,-22.7734,171.1464,10.0,86
2021-02-10 22:00:14.511,5.1,-23.5763,171.6704,10.0,86
2021-02-10 22:13:58.639,5.1,-23.1952,171.9023,10.0,86
2021-02-10 22:36:13.651,4.5,26.4752,126.6321,103.93,86
2021-02-10 22:56:15.819,5.3,-22.7955,171.2397,10.0,86
2021-02-10 23:10:35.365,4.9,-23.0829,171.8192,10.0,86
2021-02-10 23:18:29.314,5.2,-31.7346,-71.4068,48.67,86
2021-02-10 23:41:39.873,5.1,-23.2675,171.7709,10.0,87
2021-02-10 23:45:14.819,5.3,-22.7615,171.0686,10.0,87
2021-02-11 00:17:51.240,5.2,-23.1036,171.3565,10.0,87
2021-02-11 00:23:59.743,6.4,-23.2604,171.621,10.0,87
2021-02-11 00:36:03.762,5.5,-23.4662,171.5903,10.0,87
2021-02-11 00:40:35.101,5.6,-23.213,171.5677,10.0,87
2021-02-11 00:50:00.361,5.3,-23.3062,171.5985,10.0,87
2021-02-11 00:57:12.159,5.3,-22.8373,171.2467,10.0,87
2021-02-11 01:03:44.726,5.2,-23.246,171.5699,10.0,87
2021-02-11 01:31:07.267,4.6,37.9787,69.6015,10.0,87
2021-02-11 01:38:02.595,5.1,-22.5967,171.2109,10.0,87
2021-02-11 01:54:18.960,5.4,-23.157,171.6385,10.0,87
2021-02-11 02:26:27.326,5.2,-23.066,171.8876,10.0,87
2021-02-11 02:32:47.002,5.3,-22.8693,171.7641,10.0,87
2021-02-11 02:43:21.946,5.1,-23.2063,171.6824,10.0,87
2021-02-11 02:45:15.898,5.9,-23.2041,171.6565,10.0,87
2021-02-11 03:13:20.218,4.7,-22.9221,171.2521,10.0,87
2021-02-11 03:14:47.365,5.9,-23.2175,171.6905,10.0,87
2021-02-11 04:02:03.924,5.2,-23.1806,171.6929,10.0,87
2021-02-11 04:24:39.171,5.4,-22.614,171.659,10.0,87
2021-02-11 05:24:20.031,5.2,-23.1473,171.7693,10.0,87
2021-02-11 05:40:50.573,4.8,11.7796,-86.9275,58.35,87
2021-02-11 07:09:44.393,5.2,-23.1563,171.5978,10.0,87
2021-02-11 07:15:16.283,5.8,-22.7665,170.917,6.43,87
2021-02-11 07:58:50.461,4.9,-22.4493,170.9588,10.0,87
2021-02-11 09:52:28.086,6.0,-23.4143,171.8212,10.0,87
2021-02-11 10:18:40.647,5.5,-23.2776,171.9163,10.0,87
2021-02-11 10:23:06.336,5.5,-22.8486,171.8024,10.0,87
2021-02-11 10:56:05.421,5.2,-23.3543,171.73,10.0,87
2021-02-11 11:22:10.605,5.9,-22.8574,171.2408,10.0,87
2021-02-11 11:39:13.373,5.7,-23.2704,171.6588,10.0,87
2021-02-11 12:27:53.591,5.0,-23.4607,171.7716,10.0,87
2021-02-11 12:39:52.592,5.0,-23.1779,171.9257,10.0,87
2021-02-11 14:19:26.660,5.6,-23.0999,172.0144,10.0,87
2021-02-11 14:46:08.824,4.7,-22.6282,171.0463,10.0,87
2021-02-11 15:16:38.356,5.0,-23.2294,171.8981,10.0,87
2021-02-11 15:21:21.721,4.9,1.0566,126.3329,42.07,87
2021-02-11 15:44:25.687,4.9,-22.7122,171.2471,10.0,87
2021-02-11 16:35:02.757,4.8,13.5844,120.8587,147.56,87
2021-02-11 17:01:27.537,4.6,-39.8307,-71.9703,10.0,87
2021-02-11 17:55:08.579,5.1,-22.8047,171.6926,10.0,87
2021-02-11 18:09:34.333,4.9,-5.8953,101.794,23.32,87
2021-02-11 19:13:54.575,4.9,-23.072,172.111,10.0,87
2021-02-11 19:43:55.074,5.0,-22.5911,171.1138,10.0,87
2021-02-11 19:52:32.936,5.1,-22.725,171.6618,10.0,87
2021-02-11 20:21:09.321,5.1,-23.2281,171.5022,10.0,87
2021-02-11 21:04:56.897,5.2,-23.3169,171.782,10.0,87
2021-02-11 22:02:39.018,5.0,-23.4993,171.8487,10.0,87
2021-02-11 22:20:39.029,5.1,-22.57,171.5005,10.0,87
2021-02-11 23:05:53.482,5.2,-22.6266,171.1764,10.0,87
2021-02-12 00:09:49.173,4.6,53.8212,160.4108,50.72,88
2021-02-12 00:16:03.605,4.9,-22.6264,171.2677,10.0,88
2021-02-12 01:02:36.203,5.1,-22.7759,171.607,10.0,88
2021-02-12 01:10:35.341,4.9,34.7236,45.3541,10.0,88
2021-02-12 04:01:29.539,4.9,-22.4147,171.255,10.0,88
2021-02-12 04:57:26.673,4.5,6.851,-73.01,146.02,88
2021-02-12 06:37:35.826,4.9,19.1222,121.2347,46.85,88
2021-02-12 06:37:56.097,4.6,41.4106,33.5263,10.0,88
2021-02-12 06:47:44.982,5.2,-22.4719,171.0821,10.0,88
2021-02-12 06:54:10.119,4.5,-40.1293,174.1071,128.88,88
2021-02-12 07:05:59.752,5.3,-23.2689,171.48,10.0,88
2021-02-12 07:52:26.083,4.9,30.0497,131.1241,37.85,88
2021-02-12 08:05:09.735,4.5,-9.274,111.2112,59.54,88
2021-02-12 09:46:58.478,4.9,-61.7669,-55.8579,10.0,88
2021-02-12 10:46:33.296,4.6,24.8156,122.5714,10.0,88
2021-02-12 10:49:35.036,5.2,-23.2422,171.2395,10.0,88
2021-02-12 11:33:53.948,5.0,-23.3632,171.1147,10.0,88
2021-02-12 12:50:22.886,4.5,-30.7253,-71.4734,40.17,88
2021-02-12 13:04:03.989,5.2,-22.5177,171.7203,10.0,88
2021-02-12 13:06:01.721,5.7,-23.2203,171.5671,10.0,88
2021-02-12 13:34:13.551,5.3,-23.3872,171.7191,10.0,88
2021-02-12 14:05:38.484,5.3,-23.2937,171.6305,10.0,88
2021-02-12 15:49:37.588,4.6,-1.048,131.0616,10.36,88
2021-02-12 17:54:23.061,5.3,-23.2028,171.7639,10.0,88
2021-02-12 20:01:34.628,5.9,38.1316,73.5686,91.62,88
2021-02-12 21:27:11.589,4.5,-7.3888,128.4663,129.6,88
2021-02-12 22:51:29.801,4.6,-21.6076,174.1853,10.0,88
2021-02-12 23:50:41.891,4.6,-5.2296,142.872,48.16,89
2021-02-12 23:55:16.581,5.2,-23.2629,171.7743,10.0,89
2021-02-13 00:53:44.043,4.6,-6.4258,130.0407,152.55,89
2021-02-13 07:02:03.118,5.0,11.8137,143.723,25.69,89
2021-02-13 07:18:25.080,5.0,-6.3242,103.6061,29.07,89
2021-02-13 07:30:56.150,5.2,-6.328,103.6581,31.15,89
2021-02-13 08:09:12.552,4.9,-23.3136,171.5909,10.0,89
2021-02-13 08:15:21.905,4.9,-23.0283,171.6582,10.0,89
2021-02-13 08:18:33.479,5.3,-4.0956,-80.1547,71.44,89
2021-02-13 08:19:51.545,4.5,-23.1356,172.1841,10.0,89
2021-02-13 14:29:23.856,4.9,40.0265,44.4592,10.0,89
2021-02-13 15:25:24.604,4.6,4.7493,126.6968,51.8,89
2021-02-13 16:06:45.892,5.0,-11.5294,166.6134,35.48,89
2021-02-13 16:08:55.098,5.3,57.1226,-155.0514,39.3,89
2021-02-13 17:07:50.656,7.1,37.7537,141.7225,50.61,89
2021-02-13 17:36:42.950,4.9,37.6252,141.6579,59.83,89
2021-02-13 17:51:42.118,5.3,37.6811,141.7517,50.28,89
2021-02-13 18:19:14.287,4.7,-10.5012,123.4803,48.18,89
2021-02-13 18:33:57.936,6.0,-7.2933,149.3972,51.75,89
2021-02-13 19:26:43.076,4.5,-24.1942,179.5407,662.1,89
2021-02-13 21:25:28.868,5.2,39.1271,142.4521,48.24,89
2021-02-13 21:49:42.181,5.2,-20.4982,-70.5714,30.87,89
