Date,ewa,ewc
2006-10-02,13.649060999999998,20.092365
2006-10-03,13.495844,19.521416
2006-10-04,13.649060999999998,19.638963
2006-10-05,13.815046,19.907645
2006-10-06,13.687366,19.815287
2006-10-09,13.719285,19.798494
2006-10-10,13.770357999999998,19.790097
2006-10-11,13.802279,19.445849
2006-10-12,14.038487,19.655756
2006-10-13,14.044871,19.974817
2006-10-16,14.198088,20.28548
2006-10-17,13.974646,20.050382
2006-10-18,14.108712,20.033591
2006-10-19,14.178935,20.394632
2006-10-20,14.364073,20.41982
2006-10-23,14.313001000000002,20.503784
2006-10-24,14.332153,20.688502
2006-10-25,14.383225,20.957184
2006-10-26,14.683274,21.074733
2006-10-27,14.491754,20.772465
2006-10-30,14.842875,20.831239
2006-10-31,14.696043,21.108317
2006-11-01,14.938635,20.495387
2006-11-02,14.766266,20.822843
2006-11-03,14.842875,20.948789
2006-11-06,15.002476,21.12511
2006-11-07,15.130157,21.074733
2006-11-08,14.881179,21.209074
2006-11-09,14.855644,21.335018
2006-11-10,14.798187,21.158696
2006-11-13,14.657738,21.007563
2006-11-14,14.823723,21.007563
2006-11-15,14.721578,21.183884
2006-11-16,14.619434,21.007563
2006-11-17,14.734347,20.982373000000006
2006-11-20,14.491754,21.066336
2006-11-21,14.708811,21.360208
2006-11-22,14.94502,21.402188
2006-11-24,15.028013,21.645682
2006-11-27,14.849259,21.460962
2006-11-28,15.130157,21.477755
2006-11-29,15.206765,21.612096
2006-11-30,15.334446,21.637286
2006-12-01,15.098235999999998,21.637286
2006-12-04,15.315294,21.880778
2006-12-05,15.238685999999998,21.973138
2006-12-06,15.321678,21.847193
2006-12-07,15.219532999999998,21.805211
2006-12-08,15.028013,21.813607
2006-12-11,15.206765,21.780023
2006-12-12,15.225917,21.704456
2006-12-13,15.34083,21.67087
2006-12-14,15.577039,21.863986
2006-12-15,15.462126,21.536529
2006-12-18,15.417438,21.335018
2006-12-19,15.423822,21.444171
2006-12-20,15.564281,21.592765
2006-12-21,15.477329,21.329542
2006-12-22,15.530838,21.261614
2006-12-26,15.57097,21.134247
2006-12-27,15.825135,21.456908
2006-12-28,15.878643,21.524836
2006-12-29,15.718118,21.499363
2007-01-03,15.744873000000002,21.015372
2007-01-04,15.450576000000002,20.67573
2007-01-05,15.19641,20.607802
2007-01-08,15.283362,20.471945
2007-01-09,15.370313,20.5144
2007-01-10,15.263296,20.488926
2007-01-11,15.403756,20.582328
2007-01-12,15.66461,21.040846
2007-01-16,15.637854999999998,20.75215
2007-01-17,15.624479,20.972918
2007-01-18,15.718118,20.743659
2007-01-19,15.925463,21.032355
2007-01-22,15.892021,20.794605
2007-01-23,16.226449,21.210666
2007-01-24,16.092677,21.422943
2007-01-25,15.731495,21.202175
2007-01-26,15.738184,21.355014
2007-01-29,15.744873000000002,21.210666
2007-01-30,16.019104000000002,21.439925
2007-01-31,15.999038,21.516345
2007-02-01,15.958907,21.669184
2007-02-02,15.958907,21.533328
2007-02-05,16.03248,21.626728
2007-02-06,16.206383,21.694656
2007-02-07,16.313399,21.601256
2007-02-08,16.40704,21.711639
2007-02-09,16.306711,21.677676
2007-02-12,16.206383,21.592765
2007-02-13,16.514057,21.991844
2007-02-14,16.68796,22.0343
2007-02-15,16.674582,22.229594
2007-02-16,16.714713,22.255066
2007-02-20,16.808353,22.093737
2007-02-21,16.801665,22.331486
2007-02-22,16.915371,22.263558
2007-02-23,17.196289,22.314505
2007-02-26,17.223044,22.433379
2007-02-27,16.360219,21.643711
2007-02-28,16.45386,21.643711
2007-03-01,16.386974,21.439925
2007-03-02,16.333466,21.125755
2007-03-05,15.38369,20.904989
2007-03-06,16.340154000000002,21.202175
2007-03-07,16.166252,21.355014
2007-03-08,16.233137,21.456908
2007-03-09,16.21976,21.635219
2007-03-12,16.614385000000002,21.575782
2007-03-13,16.159563000000002,21.108775
2007-03-14,16.433794,21.176703
2007-03-15,16.721401999999998,21.278595000000006
2007-03-16,16.614385000000002,21.227649
2007-03-19,16.861860999999998,21.422943
2007-03-20,17.082585,21.737113
2007-03-21,17.236422,22.102229
2007-03-22,17.303307,22.04279
2007-03-23,17.223044,22.161666
2007-03-26,17.637736,22.229594
2007-03-27,17.263175,22.170157
2007-03-28,17.042453,22.085246
2007-03-29,17.202978,22.263558
2007-03-30,17.356816000000002,22.20412
2007-04-02,17.396947,22.373942
2007-04-03,17.711309,22.628673000000006
2007-04-04,17.858458,22.569236
2007-04-05,17.945408999999994,22.722076
2007-04-09,17.93872,22.756039
2007-04-10,18.293214000000006,22.713584
2007-04-11,18.132689000000006,22.857932
2007-04-12,18.413608,23.146629
2007-04-13,18.433673,23.214557
2007-04-16,18.574134,23.56269
2007-04-17,18.627642,23.426833
2007-04-18,18.634331,23.537216
2007-04-19,18.447051,23.265503
2007-04-20,18.534001,23.579673
2007-04-23,18.473806,23.511744
2007-04-24,18.192886,23.426833
2007-04-25,18.534001,23.791949
2007-04-26,18.3601,23.477779
2007-04-27,18.306592,23.673073
2007-04-30,18.119311,23.56269
2007-05-01,18.146065,23.350414
2007-05-02,18.500559,23.741002
2007-05-03,18.447051,23.927806
2007-05-04,18.634331,24.089137
2007-05-07,18.627642,24.394814
2007-05-08,18.580822,24.369342
2007-05-09,18.895184,24.36085
2007-05-10,18.594199,24.114609
2007-05-11,18.875118,24.479725
2007-05-14,18.794856,24.394814
2007-05-15,18.768101,24.68351
2007-05-16,18.594199,24.734456
2007-05-17,18.721282,25.048626
2007-05-18,18.788168,25.243920000000006
2007-05-21,18.727970000000006,25.371285
2007-05-22,18.587511,25.201465
2007-05-23,18.694528,25.159009
2007-05-24,18.126,25.006171
2007-05-25,18.49387,25.303357
2007-05-29,18.453739,25.311848
2007-05-30,18.447051,25.532616
2007-05-31,18.661084,25.55809
2007-06-01,18.855053,25.863767000000006
2007-06-04,19.035644,25.931697
2007-06-05,19.062398,25.829803
2007-06-06,18.794856,25.498652
2007-06-07,18.667773,24.904278
2007-06-08,18.848365,25.175991
2007-06-11,18.96207,25.065608
2007-06-12,18.507248,24.929751
2007-06-13,18.741348,25.303357
2007-06-14,18.794856,25.583562
2007-06-15,19.062398,25.96566
2007-06-18,19.149349,26.033588
2007-06-19,19.390138,25.829803
2007-06-20,19.363384,25.456196
2007-06-21,19.410204,25.515633
2007-06-22,19.296498,25.328831
2007-06-25,19.430269,25.108063
2007-06-26,19.095841,24.751438
2007-06-27,18.727970000000006,24.955223
2007-06-28,19.05571,25.260902
2007-06-29,19.042332,25.354304
2007-07-02,19.47709,25.668473
2007-07-03,19.410204,25.744892
2007-07-05,19.630926,25.931697
2007-07-06,19.697812,26.186428
2007-07-09,19.858338,26.237374
2007-07-10,19.61086,26.084534
2007-07-11,19.630926,26.110008
2007-07-12,19.965354,26.6874
2007-07-13,20.018863,26.916659000000006
2007-07-16,20.045616,26.746838
2007-07-17,19.978732,26.831748
2007-07-18,19.958666,27.171391
2007-07-19,20.199454,27.332719
2007-07-20,20.152633,27.103462
2007-07-23,20.299782,26.916659000000006
2007-07-24,20.058994,26.475124
2007-07-25,20.132568,26.415687
2007-07-26,19.049021,25.609035
2007-07-27,18.393542,25.218447
2007-07-30,18.814921,25.328831
2007-07-31,18.754725,25.354304
2007-08-01,18.420297,25.125045
2007-08-02,18.594199,25.626018
2007-08-03,17.925342999999994,25.133537
2007-08-06,18.380165,25.014661
2007-08-07,18.54069,25.074099
2007-08-08,19.05571,25.643
2007-08-09,18.253083,24.870314
2007-08-10,18.293214000000006,24.938243
2007-08-13,18.333345,24.878804
2007-08-14,17.637736,24.241974
2007-08-15,16.861860999999998,23.664584
2007-08-16,16.146185,23.367396
2007-08-17,16.674582,24.131591
2007-08-20,17.28993,24.352359
2007-08-21,17.223044,24.445761
2007-08-22,17.791572,24.861823
2007-08-23,18.340034,25.031643
2007-08-24,18.627642,25.277885
2007-08-27,18.49387,25.048626
2007-08-28,17.945408999999994,24.403305
2007-08-29,18.580822,25.337322
2007-08-30,18.139378,24.980697
2007-08-31,18.687839,25.388268
2007-09-04,19.042332,25.71942
2007-09-05,18.460428,25.532616
2007-09-06,18.955382,25.676964
2007-09-07,18.600887,25.447705
2007-09-10,18.620953,25.337322
2007-09-11,19.309876000000006,25.736401
2007-09-12,19.095841,26.050571
2007-09-13,19.323252,26.237374
2007-09-14,19.356695,26.398704
2007-09-17,19.002201,26.390213
2007-09-18,19.624238,27.111953000000003
2007-09-19,20.058994,26.967605
2007-09-20,20.07906,27.120445
2007-09-21,20.199454,27.307247
2007-09-24,20.420177,27.315737
2007-09-25,20.707784,27.40065
2007-09-26,20.935195,27.485559
2007-09-27,21.102409,27.74029
2007-09-28,21.262936,27.791237
2007-10-01,21.79802,28.147864
2007-10-02,21.577296,27.927094
2007-10-03,21.490347,27.646891
2007-10-04,21.463592,27.978042
2007-10-05,21.831462,28.512979
2007-10-08,21.537166,28.385612
2007-10-09,22.112383,28.521469
2007-10-10,22.085628,28.674308
2007-10-11,22.239465,28.631854
2007-10-12,22.393301,29.064896
2007-10-15,22.072251,28.640343
2007-10-16,21.624118,28.377119
2007-10-17,21.684313,28.699781
2007-10-18,22.139135,29.268683000000006
2007-10-19,21.289689000000006,28.495997
2007-10-22,21.349886,28.572417
2007-10-23,21.918414,28.682798
2007-10-24,21.978611,28.716763
2007-10-25,22.038808,28.784693
2007-10-26,22.687597,29.32812
2007-10-29,22.955141,29.846076
2007-10-30,22.63409,29.557379
2007-10-31,23.215994,30.635744
2007-11-01,22.326417000000006,29.829093
2007-11-02,22.567205,30.491395
2007-11-05,22.072251,30.270629
2007-11-06,22.520383,30.924437
2007-11-07,22.145825,30.185716
2007-11-08,22.339794,29.718708000000003
2007-11-09,21.543854,29.073389
2007-11-12,20.574013,27.74029
2007-11-13,21.563921,28.411084
2007-11-14,21.570609,28.241263
2007-11-15,20.908441,27.08648
2007-11-16,21.162606,27.451597
2007-11-19,20.627522,26.763820000000006
2007-11-20,21.002081,27.17988
2007-11-21,20.192766,26.500596
2007-11-23,20.440242,27.044025
2007-11-26,20.132568,27.111953000000003
2007-11-27,20.500439,26.678909
2007-11-28,21.169295,27.426122
2007-11-29,20.975327,27.519524
2007-11-30,21.162606,27.094971
2007-12-03,21.075655,27.001569
2007-12-04,20.794736,26.492106
2007-12-05,21.055589,26.84024
2007-12-06,21.456904,27.120445
2007-12-07,21.242869,27.230828
2007-12-10,21.650871,27.40065
2007-12-11,21.082344,26.661927
2007-12-12,21.336509,26.925149
2007-12-13,21.182672,26.704383
2007-12-14,20.279716,26.560035
2007-12-17,19.530598,26.347758
2007-12-18,19.624238,26.322285
2007-12-19,19.530598,26.466633
2007-12-20,19.549484,26.577016
2007-12-21,20.088055,27.137426
2007-12-24,20.2839,27.592135
2007-12-26,20.304884,27.695286
2007-12-27,20.171989,27.678094
2007-12-28,20.367834,27.970347
2007-12-31,20.158,27.609327
2008-01-02,20.130023,27.850008000000006
2008-01-03,20.227945,27.970347
2008-01-04,19.647405,27.274096000000004
2008-01-07,19.598444,26.887291
2008-01-08,19.423583,26.723973
2008-01-09,19.668389,26.792738
2008-01-10,19.962156,26.904481
2008-01-11,19.353639,26.474696999999995
2008-01-14,19.682377,26.706781
2008-01-15,18.88501,25.984744
2008-01-16,18.63321,25.279898
2008-01-17,17.982726,24.549265
2008-01-18,18.248516,24.523479
2008-01-22,17.388199,24.377352
2008-01-23,17.416176,24.626626
2008-01-24,18.150594,25.426025
2008-01-25,18.738128,25.477599
2008-01-28,19.059872,25.426025
2008-01-29,18.787089,25.958958
2008-01-30,18.325455,26.001936
2008-01-31,18.801076,26.027723
2008-02-01,19.885217,26.577846
2008-02-04,19.423583,26.13087
2008-02-05,18.50731,25.580747
2008-02-06,18.374416,25.649513
2008-02-07,18.360427,25.408833
2008-02-08,18.346438,25.821427
2008-02-11,18.451354,26.087893
2008-02-12,18.703155,26.036319
2008-02-13,18.367421,26.500485
2008-02-14,18.416382,26.285593
2008-02-15,18.69616,26.113679
2008-02-19,18.773099,26.276997
2008-02-20,18.549277,26.672399
2008-02-21,18.500316,26.655208
2008-02-22,18.766105,26.792738
2008-02-25,19.360633,27.463202000000006
2008-02-26,19.549484,27.96175
2008-02-27,19.738333,27.96175
2008-02-28,19.45156,28.32277
2008-02-29,18.563266,27.514774
2008-03-03,18.75911,27.30848
2008-03-04,18.241521,26.990439
2008-03-05,18.605233,27.514774
2008-03-06,18.052671,26.964653
2008-03-07,17.639998000000006,26.672399
2008-03-10,17.29727,26.001936
2008-03-11,18.017699,26.758355
2008-03-12,17.933765,26.766951
2008-03-13,18.094638,27.196735
2008-03-14,17.681966,26.835716
2008-03-17,17.283281,25.898787
2008-03-18,17.737921,26.380146000000003
2008-03-19,17.423171,24.944667000000006
2008-03-20,17.37421,24.944667000000006
2008-03-24,17.849832,25.529174
2008-03-25,17.849832,26.165254
2008-03-26,18.206549,26.216828000000003
2008-03-27,18.080649,26.216828000000003
2008-03-28,18.031688,26.010531
2008-03-31,18.017699,26.053509
2008-04-01,18.458349,26.37155
2008-04-02,18.675178,26.732569
2008-04-03,19.066866,27.084992
2008-04-04,19.297683,27.179545
2008-04-07,19.353639,27.188139000000003
2008-04-08,19.360633,27.231118
2008-04-09,18.892005,27.145161
2008-04-10,18.843044,27.428819
2008-04-11,18.535288,26.852908000000006
2008-04-14,18.374416,27.059204
2008-04-15,18.745121,27.30848
2008-04-16,19.507516,28.348556
2008-04-17,19.150799,28.142262
2008-04-18,19.143806,28.494684000000003
2008-04-21,19.710356,28.718171
2008-04-22,19.486533,28.735362
2008-04-23,19.857238,27.944558
2008-04-24,19.535494,27.789839
2008-04-25,19.535494,28.0649
2008-04-28,19.423583,28.047709
2008-04-29,19.206754,27.497584000000003
2008-04-30,19.430578,27.90158
2008-05-01,19.556477,27.815625
2008-05-02,19.885217,28.288387
2008-05-05,20.011117,28.400131
2008-05-06,20.171989,29.010424
2008-05-07,19.486533,28.786938
2008-05-08,20.018112,29.010424
2008-05-09,20.137017,29.165147
2008-05-12,20.647612,29.612122
2008-05-13,20.465756,29.4574
2008-05-14,20.584662,29.448802
2008-05-15,20.899411,29.973139
2008-05-16,21.207167,30.359946
2008-05-19,21.11624,30.420115000000006
2008-05-20,20.808484,30.72956
2008-05-21,20.612639,30.377137
2008-05-22,20.731544,30.437307
2008-05-23,20.374827,30.196629
2008-05-27,20.472751,29.603525
2008-05-28,20.374827,30.059098
2008-05-29,20.290895000000006,29.809823
2008-05-30,20.472751,30.093478
2008-06-02,20.171989,30.007523
2008-06-03,19.710356,29.569145
2008-06-04,19.633416,29.354253000000003
2008-06-05,20.004122,29.990331
2008-06-06,19.598444,29.792631
2008-06-09,19.374622,29.758247
2008-06-10,19.108833,29.190933
2008-06-11,18.940966,29.414422
2008-06-12,18.640204,28.984638
2008-06-13,18.947961,29.19953
2008-06-16,18.787089,29.680886
2008-06-17,19.115827,30.093478
2008-06-18,19.059872,30.067692
2008-06-19,19.157793,29.560547
2008-06-20,18.626215,29.061999
2008-06-23,18.69616,29.276891
2008-06-24,18.710149,28.881487
2008-06-25,18.850039,28.861649
2008-06-26,18.563266,28.551122
2008-06-27,18.815066,28.671885
2008-06-30,18.514304,28.602878000000004
2008-07-01,18.171576,28.671885
2008-07-02,17.884804000000006,28.059457
2008-07-03,17.870815,27.861066
2008-07-07,17.709943,27.447032
2008-07-08,17.814859,27.550541
2008-07-09,17.570055,27.30902
2008-07-10,17.884804000000006,27.628171
2008-07-11,17.667977,27.490161
2008-07-14,17.800871,27.636799
2008-07-15,17.465137,26.877735
2008-07-16,17.919777,27.30902
2008-07-17,17.954749,27.136505
2008-07-18,17.828848999999995,27.274518
2008-07-21,18.339443,27.71443
2008-07-22,18.339443,27.481535
2008-07-23,18.50731,27.188261
2008-07-24,18.101632,26.360191
2008-07-25,17.975732999999995,26.618964
2008-07-28,17.318254,26.342941
2008-07-29,17.472132000000002,26.429197
2008-07-30,17.605026000000006,27.196887
2008-07-31,17.402186999999998,27.041624
2008-08-01,16.919570999999998,26.567208
2008-08-04,16.758697,25.704636
2008-08-05,16.905582,25.790894
2008-08-06,17.045471,26.092794
2008-08-07,16.751704,25.730514000000003
2008-08-08,16.772687,25.31648
2008-08-11,16.709737,25.161217
2008-08-12,16.513893,25.092211
2008-08-13,16.325042,25.488994
2008-08-14,16.220126,25.523497
2008-08-15,16.129197,25.118089
2008-08-18,16.108214999999998,24.988702
2008-08-19,15.91237,24.988702
2008-08-20,16.276082000000002,25.549375
2008-08-21,16.283076,26.308437
2008-08-22,16.304059,26.084169
2008-08-25,16.073242,25.670134
2008-08-26,16.11521,25.721888
2008-08-27,16.325042,26.230806
2008-08-28,16.758697,26.515454
2008-08-29,16.660776000000002,26.204928
2008-09-02,16.255098,25.273351
2008-09-03,16.080236,25.092211
2008-09-04,15.15697,24.255517
2008-09-05,15.101014,24.445283
2008-09-08,15.660569,24.134756
2008-09-09,14.737302,23.030665
2008-09-10,15.003092,23.668968
2008-09-11,14.856208,24.031249
2008-09-12,15.569642000000002,24.505662
2008-09-15,14.45053,23.254933
2008-09-16,14.646375,23.392946
2008-09-17,13.807041,22.694261
2008-09-18,14.506486,23.263559
2008-09-19,15.590626,25.023206
2008-09-22,15.863409,25.126713
2008-09-23,15.688548,24.902446
2008-09-24,15.877398,24.764433
2008-09-25,16.108214999999998,24.721305
2008-09-26,15.807453,23.953617
2008-09-29,13.849007,22.25435
2008-09-30,14.366597,22.720139
2008-10-01,14.51348,22.55625
2008-10-02,13.709119,20.710347
2008-10-03,13.625185,20.296313
2008-10-06,11.967501,19.261226
2008-10-07,11.904551,18.14851
2008-10-08,11.16314,18.597046
2008-10-09,10.869373,17.182429
2008-10-10,10.079,16.259477
2008-10-13,12.17034,18.269269
2008-10-14,11.596795,17.596463
2008-10-15,10.442712,16.17322
2008-10-16,11.16314,16.216348
2008-10-17,10.561617,16.449242
2008-10-20,11.687722,17.501580999999998
2008-10-21,10.967295,16.544126000000002
2008-10-22,10.183917,15.146759
2008-10-23,10.218889,15.233016
2008-10-24,9.260649,14.827607999999998
2008-10-27,8.882949,13.620007
2008-10-28,10.072005,14.827607999999998
2008-10-29,10.037034,15.638424
2008-10-30,10.659539,16.604506
2008-10-31,10.484678,16.544126000000002
2008-11-03,11.051228,16.880527999999998
2008-11-04,11.960507000000002,18.183012
2008-11-05,11.351989,17.406697
2008-11-06,10.414734,16.578628
2008-11-07,10.876367,16.578628
2008-11-10,10.372767,16.664885
2008-11-11,9.988072,16.05246
2008-11-12,9.337589,14.724099
2008-11-13,10.155939,15.836817000000002
2008-11-14,9.344583,15.120883
2008-11-17,9.015844,14.793105
2008-11-18,9.008849,14.689597
2008-11-19,8.337382,14.025416
2008-11-20,7.665914999999999,12.481413
2008-11-21,8.652132,13.11109
2008-11-24,9.008849,13.956411
2008-11-25,9.428516,14.223807
2008-11-26,9.456494,14.448076
2008-11-28,9.554416,14.758603
2008-12-01,8.74306,14.094422
2008-12-02,9.127755,13.827025
2008-12-03,9.253655,13.783896
2008-12-04,8.778033,13.162845
2008-12-05,9.036827,13.318107
2008-12-08,9.680317,14.07717
2008-12-09,9.183711,13.852901
2008-12-10,9.393544,14.07717
2008-12-11,9.337589,14.13755
2008-12-12,9.365567,14.206556
2008-12-15,9.358572,14.232433
2008-12-16,10.030039,14.974246
2008-12-17,9.862172,14.92249
2008-12-18,9.407533,14.508456
2008-12-19,9.589389,14.491204000000002
2008-12-22,9.554416,14.094422
2008-12-23,9.419742,14.338234
2008-12-24,9.629236,14.27662
2008-12-26,9.816284,14.250215
2008-12-29,9.681609,14.690307999999998
2008-12-30,10.018296,15.042382
2008-12-31,10.482175,15.341646
2009-01-02,10.594404,15.737729000000002
2009-01-05,10.452248,16.21303
2009-01-06,10.781452,16.617915
2009-01-07,10.362465,15.948975
2009-01-08,10.444766,16.292247
2009-01-09,10.100597,15.87856
2009-01-12,9.726501,15.095193
2009-01-13,9.539453,15.236023
2009-01-14,9.202766,14.540676
2009-01-15,9.359887,14.716713
2009-01-16,9.404778,14.910355
2009-01-20,8.611694,13.862932999999998
2009-01-21,9.105501,14.496666
2009-01-22,8.828669999999997,14.03897
2009-01-23,8.67155,14.514270000000002
2009-01-26,8.723923,14.6551
2009-01-27,8.970825999999997,14.848742
2009-01-28,9.292549,15.288835
2009-01-29,8.813706,14.892751
2009-01-30,8.686513,14.69911
2009-02-02,8.723923,14.408649
2009-02-03,9.045646,14.584685
2009-02-04,8.761333,14.663901999999998
2009-02-05,9.000753999999997,15.051184
2009-02-06,9.479597,15.36805
2009-02-09,9.494561,15.491276999999998
2009-02-10,8.761333,14.769525
2009-02-11,9.0232,14.707911
2009-02-12,9.083056,14.716713
2009-02-13,9.165357,14.593487
2009-02-17,8.536875,13.66049
2009-02-18,8.581767,13.51966
2009-02-19,8.67155,13.458047
2009-02-20,8.664067999999999,13.255605
2009-02-23,8.372272,12.683483
2009-02-24,8.783778,13.105973
2009-02-25,8.544357000000002,13.105973
2009-02-26,8.521911,13.510859
2009-02-27,8.394719,13.28201
2009-03-02,7.923357000000001,12.296201
2009-03-03,8.065514,12.305003
2009-03-04,8.4022,12.7627
2009-03-05,7.990695,12.340211
2009-03-06,8.058032,12.349012
2009-03-09,7.863502,12.137768
2009-03-10,8.462056,12.841917
2009-03-11,8.521911,13.035558
2009-03-12,8.716441,13.598876999999998
2009-03-13,8.918453,13.625282
2009-03-16,8.955863,13.854131
2009-03-17,9.367369,14.13579
2009-03-18,9.509525,14.558281
2009-03-19,9.681609,14.813534
2009-03-20,9.614272,14.382243
2009-03-23,10.250235,15.36805
2009-03-24,10.018296,15.095193
2009-03-25,10.197862,15.086391
2009-03-26,10.482175,15.412060999999998
2009-03-27,10.175417,15.015976
2009-03-30,9.689091,14.259017000000002
2009-03-31,10.018296,14.487864000000002
2009-04-01,10.19038,14.954363
2009-04-02,10.781452,15.324042000000002
2009-04-03,10.893681,15.614503
2009-04-06,10.714115,15.447267000000002
2009-04-07,10.459729,15.024778
2009-04-08,10.38491,15.17441
2009-04-09,10.788934,15.852154
2009-04-13,10.998428,16.0722
2009-04-14,10.848789,15.913766
2009-04-15,11.028355,16.186624
2009-04-16,11.058283,16.309851000000002
2009-04-17,11.00591,16.406670000000002
2009-04-20,10.272681,15.561692
2009-04-21,10.586922,15.808143
2009-04-22,10.377428,15.808143
2009-04-23,10.77397,16.274642999999998
2009-04-24,10.916127,16.661925
2009-04-27,10.624332,16.239435999999998
2009-04-28,10.467211,16.098606
2009-04-29,10.923609,16.556302
2009-04-30,10.990946,16.494689
2009-05-01,11.080729,17.031603
2009-05-04,11.701728999999998,17.814968
2009-05-05,11.5895,17.814968
2009-05-06,11.82144,18.4311
2009-05-07,11.739138,17.955798
2009-05-08,12.25539,18.791976
2009-05-11,11.78403,18.413495
2009-05-12,11.881295,18.448702
2009-05-13,11.282741,17.44529
2009-05-14,11.447343,17.885382999999994
2009-05-15,11.230368,17.612526000000006
2009-05-18,11.70921,18.387089000000003
2009-05-19,11.926186,18.492712
2009-05-20,11.933668,19.056031
2009-05-21,11.716692,18.607136
2009-05-22,11.828922,18.932805
2009-05-26,12.150644,19.531332
2009-05-27,11.731657,19.302484
2009-05-28,11.836403,19.865802
2009-05-29,12.322728,20.332302
2009-06-01,12.838981,20.684376
2009-06-02,13.055957,20.807601
2009-06-03,12.704306,19.848198
2009-06-04,12.644451,20.323499
2009-06-05,12.607042,20.050642
2009-06-08,12.427476,20.04184
2009-06-09,12.734234,20.314697
2009-06-10,12.981138,20.253085
2009-06-11,13.355234,20.569952
2009-06-12,13.205595,20.270689
2009-06-15,12.614524,19.469719
2009-06-16,12.509776,19.28488
2009-06-17,12.33021,18.871193
2009-06-18,12.509776,18.897597
2009-06-19,12.577113,19.161654
2009-06-22,12.05338,18.096628
2009-06-23,12.029366,18.185035
2009-06-24,12.239485,18.600542
2009-06-25,12.509639,19.095613
2009-06-26,12.614699,19.077932
2009-06-29,12.734767,19.316627
2009-06-30,12.607194,18.936483
2009-07-01,12.659725,19.21054
2009-07-02,12.171946,18.795034
2009-07-06,12.096904,18.432571
2009-07-07,11.744202,17.946339000000005
2009-07-08,11.66916,17.566195999999998
2009-07-09,11.819245,17.893296
2009-07-10,11.796732,17.707645
2009-07-13,11.894288,18.149673
2009-07-14,12.314528,18.671267
2009-07-15,12.922374,19.484598
2009-07-16,13.019931,19.652568
2009-07-17,12.967401,19.811698
2009-07-20,13.365127,20.280249
2009-07-21,13.297588,20.191843
2009-07-22,13.275076,20.280249
2009-07-23,13.530222,20.943291
2009-07-24,13.4927,21.058217000000006
2009-07-27,13.672802,21.208507
2009-07-28,13.725334,20.846044
2009-07-29,13.530222,20.4659
2009-07-30,13.965470000000002,21.005174
2009-07-31,14.205607,21.39416
2009-08-03,14.588326,21.959955
2009-08-04,14.580820999999998,21.845027
2009-08-05,14.453248,21.88039
2009-08-06,14.543299,21.367637
2009-08-07,14.610838,21.323435
2009-08-10,14.445744,21.08474
2009-08-11,14.318171,20.501263
2009-08-12,14.655864,20.793001
2009-08-13,15.098617,21.09358
2009-08-14,14.715899,20.881407
2009-08-17,14.348189,20.129959
2009-08-18,14.610838,20.421697
2009-08-19,14.678376,20.62503
2009-08-20,14.633351,20.78416
2009-08-21,14.625847,21.155464
2009-08-24,14.941026999999998,21.173145
2009-08-25,14.956035,21.279231
2009-08-26,14.813454,21.146623
2009-08-27,15.128634,21.385319
2009-08-28,15.286224,21.349956
2009-08-31,15.211181,21.022856
2009-09-01,14.896001,20.483581
2009-09-02,14.858479,20.501263
2009-09-03,15.151147,21.075899
2009-09-04,15.406293,21.438362
2009-09-08,15.849045000000002,21.765463
2009-09-09,15.901575,21.615174
2009-09-10,16.111694,21.924592
2009-09-11,16.081678,22.110245000000006
2009-09-14,15.99913,22.242853
2009-09-15,15.99913,22.782127
2009-09-16,16.749559,23.029662
2009-09-17,16.531935,22.941258
2009-09-18,16.546943,22.897054
2009-09-21,16.374344,22.490389
2009-09-22,16.667011,23.020823
2009-09-23,16.636995000000002,22.720244
2009-09-24,16.351832,22.03952
2009-09-25,16.509422,21.818506
2009-09-28,16.779576000000002,22.145606
2009-09-29,16.854618,22.242853
2009-09-30,16.959679,22.52575
2009-10-01,16.344328,21.588651
2009-10-02,16.089182,21.464884
2009-10-05,16.411867,21.951114
2009-10-06,16.779576000000002,22.419665
2009-10-07,16.982191,22.569954
2009-10-08,17.620054999999994,23.029662
2009-10-09,17.537509,23.082707
2009-10-12,17.590039,23.277198
2009-10-13,17.582534,23.232996
2009-10-14,18.122842,23.692704
2009-10-15,18.250415,23.480531
2009-10-16,18.040296,23.427488
2009-10-19,18.287937,23.683865
2009-10-20,18.092826,23.206474
2009-10-21,18.077817,23.047344
2009-10-22,18.317954,23.224155
2009-10-23,18.122842,22.844011
2009-10-26,17.867696,22.19865
2009-10-27,17.650073000000006,21.845027
2009-10-28,16.854618,21.102421
2009-10-29,17.199816000000002,21.791984
2009-10-30,16.456892,21.08474
2009-11-02,16.719542,21.173145
2009-11-03,16.606977,21.624013
2009-11-04,16.742054,21.783143
2009-11-05,16.907149,22.030679
2009-11-06,17.207320000000006,22.012998
2009-11-09,17.98026,22.914735
2009-11-10,18.032792,22.897054
2009-11-11,18.107833,22.994301
2009-11-12,17.747628,22.614156
2009-11-13,18.092826,22.870533
2009-11-16,18.385492000000006,23.082707
2009-11-17,18.107833,23.321401
2009-11-18,18.025287,23.268358
2009-11-19,17.650073000000006,22.914735
2009-11-20,17.484977999999998,22.782127
2009-11-23,17.852689,23.206474
2009-11-24,17.567525,23.003141
2009-11-25,18.002774,23.409806
2009-11-27,17.124773,22.711403
2009-11-30,17.507491,22.905895
2009-12-01,17.935235000000006,23.630821
2009-12-02,17.920226,23.639661
2009-12-03,17.725116,23.206474
2009-12-04,17.650073000000006,22.905895
2009-12-07,17.357405,22.967778
2009-12-08,17.012209,22.455026
2009-12-09,17.117268,22.693721
2009-12-10,17.312379999999994,22.879372
2009-12-11,17.229832000000002,22.640679
2009-12-14,17.387423000000002,22.994301
2009-12-15,17.132277,22.888213
2009-12-16,17.064738000000002,23.109227
2009-12-17,16.802088,22.622997
2009-12-18,16.907149,22.720244
2009-12-21,16.712038,22.852852
2009-12-22,16.808506,23.148228
2009-12-23,17.040027,23.442712
2009-12-24,17.387310999999997,23.540872
2009-12-28,17.425898,23.647958
2009-12-29,17.603398000000006,23.60334
2009-12-30,17.595679999999994,23.371322
2009-12-31,17.62655,23.496254
2010-01-04,18.305681,24.022756
2010-01-05,18.359704,24.156612
2010-01-06,18.42916,24.344012
2010-01-07,18.344269,24.263698
2010-01-08,18.560355,24.38863
2010-01-11,18.745574,24.31724
2010-01-12,18.128181,23.8889
2010-01-13,18.406008,24.129842
2010-01-14,18.63753,24.201232
2010-01-15,18.243942,23.84428
2010-01-19,18.514051,23.871052
2010-01-20,17.966117,23.326702
2010-01-21,17.364158,22.84482
2010-01-22,17.009159,22.380784
2010-01-25,17.271549,22.44325
2010-01-26,16.962853,22.37186
2010-01-27,16.885679,22.264776
2010-01-28,16.731332000000002,22.032758
2010-01-29,16.283722,21.809664
2010-02-01,16.677310000000002,22.220156
2010-02-02,16.793070999999998,22.48787
2010-02-03,16.584701000000006,22.389708
2010-02-04,15.797525,21.711502
2010-02-05,15.890134,21.87213
2010-02-08,15.789807,21.640112
2010-02-09,16.252851999999994,22.068452
2010-02-10,16.152526,22.238004
2010-02-11,16.715896,22.746658
2010-02-12,16.422635999999994,22.755582
2010-02-16,17.086331,23.27316
2010-02-17,17.271549,23.299932
2010-02-18,17.402745,23.576568
2010-02-19,17.271549,23.594416
2010-02-22,17.503072,23.451636
2010-02-23,17.148070999999998,22.862668
2010-02-24,17.240679999999998,22.951904000000006
2010-02-25,16.839375,23.050066
2010-02-26,17.086331,23.121456
2010-03-01,17.572529,23.594416
2010-03-02,17.665136999999994,23.942442
2010-03-03,17.865789000000003,24.120918
2010-03-04,17.765464,24.049528
2010-03-05,18.220791,24.415402
2010-03-08,18.120464,24.468944
2010-03-09,18.305681,24.415402
2010-03-10,18.367420000000006,24.46002
2010-03-11,18.313399,24.549258
2010-03-12,18.305681,24.709885
2010-03-15,18.112746,24.67419
2010-03-16,18.436877,25.03114
2010-03-17,18.645247,25.156073000000006
2010-03-18,18.506334,24.915131
2010-03-19,18.328834,24.74558
2010-03-22,18.452312,24.692038
2010-03-23,18.714704,24.915131
2010-03-24,18.336552,24.513562
2010-03-25,18.382856,24.558182
2010-03-26,18.390573,24.522486
2010-03-29,18.691551,24.825894
2010-03-30,18.722422,24.906208
2010-03-31,18.529487,24.906208
2010-04-01,18.884486,25.361319
2010-04-05,19.000249,25.548717
2010-04-06,19.123727,25.530871
2010-04-07,18.984814,25.316701
2010-04-08,18.977096,25.397014
2010-04-09,19.131445000000006,25.539795
2010-04-12,19.069704,25.495175
2010-04-13,19.031118,25.414861
2010-04-14,19.386119,25.682575
2010-04-15,19.347531,25.646879
2010-04-16,18.892204,25.048988
2010-04-19,18.768726,25.084683
2010-04-20,19.038835,25.557641
2010-04-21,18.946226,25.495175
2010-04-22,18.81503,25.566565
2010-04-23,18.745574,25.673651
2010-04-26,18.706987,25.745041
2010-04-27,18.020138,25.022217
2010-04-28,18.328834,25.084683
2010-04-29,18.490899,25.539795
2010-04-30,18.089595000000006,25.191768
2010-05-03,18.313399,25.397014
2010-05-04,17.356441,24.656342
2010-05-05,17.20981,24.219078
2010-05-06,16.059917000000002,23.549796
2010-05-07,16.083070000000006,23.523026
2010-05-10,17.310137,24.549258
2010-05-11,16.916549,24.692038
2010-05-12,17.040027,25.129301
2010-05-13,16.939702,24.861589
2010-05-14,16.368613,24.415402
2010-05-17,16.206548,24.129842
2010-05-18,15.774374,23.924594
2010-05-19,15.226437,23.639034
2010-05-20,14.254044,22.48787
2010-05-21,14.886873,22.91621
2010-05-24,14.856001999999998,22.648496
2010-05-25,14.740241,22.693116
2010-05-26,14.616763,22.72881
2010-05-27,15.620025,23.549796
2010-05-28,15.519699,23.353474
2010-06-01,15.033502,23.076838
2010-06-02,15.481112,23.84428
2010-06-03,15.527417000000002,23.799662
2010-06-04,14.724806,22.934058
2010-06-07,14.392957999999998,22.737734
2010-06-08,14.994916,23.121456
2010-06-09,15.033502,23.014372
2010-06-10,15.836113,23.728272
2010-06-11,15.921003,23.728272
2010-06-14,16.036766,23.790738
2010-06-15,16.384048,24.433248000000006
2010-06-16,16.276004999999998,24.477868
2010-06-17,16.237417999999998,24.477868
2010-06-18,16.384048,24.647419
2010-06-21,16.561548000000002,24.549258
2010-06-22,16.252851999999994,24.165536
2010-06-23,16.16168,23.940948
2010-06-24,15.834394,23.536693
2010-06-25,15.927905,23.743312
2010-06-28,15.709714000000002,23.581609
2010-06-29,14.961633,22.485627
2010-06-30,14.790197,22.341891
2010-07-01,14.79799,22.108321
2010-07-02,14.790197,22.108321
2010-07-06,15.023973000000002,22.296973
2010-07-07,15.491523,22.853949
2010-07-08,15.857772,23.042601
2010-07-09,15.97466,23.545675
2010-07-12,15.865565,23.482791
2010-07-13,16.068171,23.752296
2010-07-14,16.153887,23.63551
2010-07-15,16.138302,23.779245
2010-07-16,15.616205,23.069552
2010-07-19,15.662959,22.979717
2010-07-20,16.200643,23.410923
2010-07-21,15.834394,23.042601
2010-07-22,16.333115,23.563642
2010-07-23,16.605853,23.707377
2010-07-26,16.83963,23.878064
2010-07-27,16.77729,23.752296
2010-07-28,16.660401,23.662461
2010-07-29,16.800666,23.824163
2010-07-30,16.792873,23.949931
2010-08-02,17.346142999999998,24.381138
2010-08-03,17.159123,24.246386
2010-08-04,17.33835,24.461989000000006
2010-08-05,17.205876999999994,24.336221
2010-08-06,17.198085,24.147567
2010-08-09,17.361728,24.237402
2010-08-10,17.057819,24.10265
2010-08-11,16.278567000000002,23.267187
2010-08-12,16.239604999999994,23.177352
2010-08-13,16.364286,23.150403
2010-08-16,16.543513,23.114468
2010-08-17,16.83963,23.770261
2010-08-18,16.722741,23.967899
2010-08-19,16.395456,23.63551
2010-08-20,16.442211,23.437874
2010-08-23,16.286360000000002,23.303122
2010-08-24,15.904526999999998,22.844965
2010-08-25,15.865565,22.970733
2010-08-26,15.935698,23.033617
2010-08-27,16.496758,23.644493
2010-08-30,16.379870999999998,23.545675
2010-08-31,16.41104,23.446858
2010-09-01,17.322765,23.931964
2010-09-02,17.33835,24.129602
2010-09-03,17.470823,24.461989000000006
2010-09-07,17.314972,24.264353
2010-09-08,17.478616,24.363172
2010-09-09,17.727976,24.426056
2010-09-10,17.689014,24.470973
2010-09-13,18.102017,24.803362
2010-09-14,18.250075,24.875229
2010-09-15,18.242282,24.794378
2010-09-16,18.07864,24.857262
2010-09-17,18.0163,24.740478
2010-09-20,18.42151,24.956081
2010-09-21,18.343586,24.893195
2010-09-22,18.35917,24.695559
2010-09-23,18.179942,24.524873
2010-09-24,18.663079,24.974046
2010-09-27,18.686455,24.848278
2010-09-28,18.998156,24.98303
2010-09-29,18.803343,25.054898
2010-09-30,18.499435,25.180668
2010-10-01,18.694248,25.450171
2010-10-04,18.530606,25.288468
2010-10-05,18.951401,25.800526
2010-10-06,19.115045,25.962229
2010-10-07,19.068288,25.647807
2010-10-08,19.372198,25.971212
2010-10-11,19.270894,26.052064
2010-10-12,19.099459,26.061047
2010-10-13,19.231932,26.411402
2010-10-14,19.395574,26.294618
2010-10-15,19.356612,26.123931
2010-10-18,19.294272,26.061047
2010-10-19,18.631908,25.522039000000003
2010-10-20,19.068288,25.881377
2010-10-21,18.857892,25.728658
2010-10-22,18.966986,25.683741
2010-10-25,19.387782,25.944261
2010-10-26,19.216347,25.881377
2010-10-27,18.865683,25.575939
2010-10-28,19.060496,25.692725
2010-10-29,19.068288,25.980196
2010-11-01,19.200761,26.079015
2010-11-02,19.621558,26.249699
2010-11-03,19.7852,26.303601
2010-11-04,20.447564,26.887527
2010-11-05,20.470942,26.959394
2010-11-08,20.276129,27.085162
2010-11-09,19.839747,26.815659000000004
2010-11-10,19.925466,27.004311
2010-11-11,19.699483,26.914476
2010-11-12,19.31765,26.402418
2010-11-15,19.333234,26.384453000000004
2010-11-16,18.951401,25.737642
2010-11-17,18.951401,25.800526
2010-11-18,19.341027,26.267667
2010-11-19,19.185177,26.546154
2010-11-22,19.161799,26.546154
2010-11-23,18.476057,26.09698
2010-11-24,18.951401,26.609039000000006
2010-11-26,18.429302,26.393435
2010-11-29,18.639701,26.447337
2010-11-30,18.328,26.348518
2010-12-01,18.834514,26.986345
2010-12-02,19.278687,27.345684
2010-12-03,19.520254,27.399584
2010-12-06,19.403367000000006,27.453484000000003
2010-12-07,19.434538,27.318733
2010-12-08,19.309858,27.139063
2010-12-09,19.489085,27.192965
2010-12-10,19.637143,27.399584
2010-12-13,19.870918,27.534336
2010-12-14,19.964429,27.516368
2010-12-15,19.590387,27.462468
2010-12-16,19.800785,27.363649
2010-12-17,19.707276,27.291782
2010-12-20,19.707276,27.15703
2010-12-21,19.928616,27.436663
2010-12-22,20.048475,27.545611
2010-12-23,20.136372,27.690875
2010-12-27,20.1124,27.654558
2010-12-28,20.168334,27.845217
2010-12-29,20.320156,28.099429
2010-12-30,20.312166,28.081271
2010-12-31,20.328147,28.144823
2011-01-03,20.448006,28.371798
2011-01-04,19.920625,28.072192
2011-01-05,19.784784,28.126665000000006
2011-01-06,19.585019,27.990481
2011-01-07,19.513103,28.008639
2011-01-10,19.537076000000006,27.899691
2011-01-11,19.505112,28.308245
2011-01-12,19.74483,28.544299
2011-01-13,19.880671,28.362719
2011-01-14,19.888662,28.43535
2011-01-18,20.056466,28.589693
2011-01-19,20.040484,28.262849
2011-01-20,19.704878,28.008639
2011-01-21,19.688896,28.072192
2011-01-24,20.000532,28.144823
2011-01-25,19.904644,27.890612
2011-01-26,20.056466,28.362719
2011-01-27,20.000532,28.317325
2011-01-28,19.632962,28.153903000000003
2011-01-31,19.872682,28.408115
2011-02-01,20.272213,28.980089000000003
2011-02-02,20.208288,29.025483
2011-02-03,20.479968,29.243379
2011-02-04,20.663753,29.243379
2011-02-07,20.735669,29.22522
2011-02-08,20.855528,29.261537
2011-02-09,20.751649,29.061798
2011-02-10,20.663753,29.161668
2011-02-11,20.607819,29.25246
2011-02-14,20.799594,29.488511
2011-02-15,20.591838,29.479434
2011-02-16,20.791603,29.915224
2011-02-17,21.023331,30.060488
2011-02-18,20.991369,30.060488
2011-02-22,20.232259,29.597458000000003
2011-02-23,20.312166,29.642856
2011-02-24,20.400063,29.606539
2011-02-25,20.799594,30.12404
2011-02-28,20.863519,30.568908
2011-03-01,20.400063,30.387332
2011-03-02,20.647772,30.532595
2011-03-03,20.863519,30.768647
2011-03-04,20.735669,30.850358
2011-03-07,20.408054,30.441803000000004
2011-03-08,20.559874,30.323779
2011-03-09,20.424034,30.160357
2011-03-10,19.72086,29.370484
2011-03-11,19.952587,29.588381
2011-03-14,19.74483,29.461276
2011-03-15,19.177497,28.980089000000003
2011-03-16,18.738013,28.716798
2011-03-17,18.969741,29.334171
2011-03-18,19.497122,29.488511
2011-03-21,19.936607,30.12404
2011-03-22,19.936607,30.096805
2011-03-23,20.096418,30.187593
2011-03-24,20.50394,30.242068
2011-03-25,20.591838,30.078646000000006
2011-03-28,20.575856,29.851672
2011-03-29,20.903472,30.024171000000006
2011-03-30,21.207116,30.450884
2011-03-31,21.271041,30.514437
2011-04-01,21.51875,30.804964
2011-04-04,21.494777,30.868516
2011-04-05,21.470807,31.050096000000003
2011-04-06,21.814402,31.059174
2011-04-07,21.798422,30.84128
2011-04-08,22.022159,31.131807
2011-04-11,22.070103,30.650619
2011-04-12,21.6466,30.069565
2011-04-13,21.814402,30.114959
2011-04-14,21.862347,30.133118
2011-04-15,21.758468,30.060488
2011-04-18,21.470807,29.742722
2011-04-19,21.502768,30.060488
2011-04-20,22.142018,30.487201
2011-04-21,22.40571,30.723253000000003
2011-04-25,22.429681,30.523514
2011-04-26,22.54954,30.614306
2011-04-27,22.597484,30.623383
2011-04-28,22.653419,30.605225
2011-04-29,22.589494,30.596148
2011-05-02,22.317812,30.696017
2011-05-03,21.974215,30.096805
2011-05-04,21.430853,29.742722
2011-05-05,21.103237,29.089038
2011-05-06,21.478796,29.306931
2011-05-09,21.726506,29.642856
2011-05-10,21.838375,29.769961
2011-05-11,21.406882,29.179826
2011-05-12,21.27903,29.089038
2011-05-13,20.943424,28.843905
2011-05-16,20.935435,28.834826
2011-05-17,21.103237,28.97101
2011-05-18,21.295012,29.415881
2011-05-19,21.478796,29.479434
2011-05-20,21.271041,29.361406
2011-05-23,20.591838,28.834826
2011-05-24,20.735669,29.134432
2011-05-25,20.663753,29.434036
2011-05-26,21.01534,29.552064
2011-05-27,21.207116,29.579303000000003
2011-05-31,21.350946,29.86983
2011-06-01,20.855528,29.025483
2011-06-02,20.831556,28.998248
2011-06-03,20.687724,28.916537
2011-06-06,20.599828,28.43535
2011-06-07,20.75964,28.471667
2011-06-08,20.384081,28.217455
2011-06-09,20.655763,28.498903
2011-06-10,20.24025,27.99956
2011-06-13,20.296184,27.881532
2011-06-14,20.823565,28.389956
2011-06-15,20.248241,27.808901
2011-06-16,20.064457,27.509295
2011-06-17,20.304175,27.454821000000006
2011-06-20,20.160343,27.536532
2011-06-21,20.519922,28.190218
2011-06-22,20.353292,28.131726
2011-06-23,20.239494,27.811839000000006
2011-06-24,20.028158,27.418835
2011-06-27,19.995645,27.555929
2011-06-28,20.393933,28.031189
2011-06-29,20.710936,28.561287
2011-06-30,21.17425,28.94515
2011-07-01,21.328688,29.155361
2011-07-05,20.97917,29.237618
2011-07-06,20.840989,29.100524
2011-07-07,21.198635,29.274175
2011-07-08,21.092968,29.19192
2011-07-11,20.4996,28.579566
2011-07-12,20.206982,28.69838
2011-07-13,20.589012,29.091384
2011-07-14,20.320778,28.872034000000006
2011-07-15,20.198853,29.210198
2011-07-18,19.995645,28.881173
2011-07-19,20.475216,29.338152
2011-07-20,20.710936,29.46611
2011-07-21,21.052325,29.785995
2011-07-22,21.198635,29.804274
2011-07-25,20.922272,29.767715000000006
2011-07-26,21.117352,29.511807
2011-07-27,20.873503,28.69838
2011-07-28,20.694679,28.661823
2011-07-29,20.491471,28.277959000000006
2011-08-01,20.515857,28.332796
2011-08-02,19.898105,27.638186
2011-08-03,19.67864,27.775279
2011-08-04,18.2887,26.440897
2011-08-05,18.109878,25.983916
2011-08-08,16.654909,24.567276
2011-08-09,18.280571,25.938217
2011-08-10,17.418971,25.526936
2011-08-11,18.459394,26.568851
2011-08-12,18.565063,26.523154
2011-08-15,19.353508,27.135508
2011-08-16,18.955221,26.742504
2011-08-17,19.288482,26.907017
2011-08-18,18.378112,25.801123
2011-08-19,18.150518,25.40812
2011-08-22,18.174904,25.499516
2011-08-23,19.012119,26.15757
2011-08-24,18.922709,26.285524
2011-08-25,18.613832,26.066173000000006
2011-08-26,19.077145,26.230686
2011-08-29,19.621742,26.769924
2011-08-30,19.605487,27.007552
2011-08-31,19.784309,27.318299
2011-09-01,19.581101,27.281741
2011-09-02,19.085274,26.797341
2011-09-06,18.646346,26.477455
2011-09-07,19.369765,26.998414
2011-09-08,18.955221,26.815621000000004
2011-09-09,18.353726,25.993056
2011-09-12,18.077364000000006,25.581773
2011-09-13,18.118006,25.828543
2011-09-14,17.955439000000005,25.88338
2011-09-15,18.272443,26.404338
2011-09-16,18.418753,26.212407
2011-09-19,17.898541,25.682309
2011-09-20,17.792872,25.66403
2011-09-21,17.142608,24.750068
2011-09-22,16.199724,23.433964000000003
2011-09-23,16.31352,23.242033
2011-09-26,16.744321,23.79041
2011-09-27,17.264532,24.238251
2011-09-28,16.801219,23.54364
2011-09-29,16.866245000000006,23.689874
2011-09-30,16.305392,23.29687
2011-10-03,15.768923,22.446886
2011-10-04,16.126569,22.264095
2011-10-05,16.589883,23.232893
2011-10-06,17.313302,23.936644
2011-10-07,17.418971,23.5345
2011-10-10,18.223673,24.475881
2011-10-11,18.183032,24.302228
2011-10-12,18.508165,24.859745
2011-10-13,18.573191,24.521578
2011-10-14,18.955221,25.143072
2011-10-17,18.43501,24.503299
2011-10-18,18.711372,24.905442
2011-10-19,18.369983,24.375345000000006
2011-10-20,18.321214,24.439322
2011-10-21,18.711372,24.887162
2011-10-24,19.312867,25.444679
2011-10-25,18.792656,24.996838
2011-10-26,19.06089,25.462959
2011-10-27,20.45083,26.459177
2011-10-28,20.21511,26.495734
2011-10-31,19.29661,25.810263
2011-11-01,18.58132,24.969419
2011-11-02,18.808911,25.298446
2011-11-03,19.199071,25.947357
2011-11-04,19.109659,25.63661
2011-11-07,19.239712,25.810263
2011-11-08,19.483561,25.965637
2011-11-09,18.500036,24.942001
2011-11-10,18.800783,24.960279
2011-11-11,19.34538,25.481237
2011-11-14,18.890195,25.207049
2011-11-15,18.930837,25.060815
2011-11-16,18.516293,24.932861
2011-11-17,18.126133,24.274808
2011-11-18,18.093621,24.311368
2011-11-21,17.532767,23.753851
2011-11-22,17.540895000000006,23.77213
2011-11-23,16.923143,23.086659
2011-11-25,16.825604000000002,22.81247
2011-11-28,17.581536,23.52536
2011-11-29,17.792872,23.890944
2011-11-30,18.906452,25.097373
2011-12-01,18.727629,25.042536
2011-12-02,18.947093,24.850605
2011-12-05,19.255969,25.051676
2011-12-06,19.020248,25.060815
2011-12-07,19.125916,25.207049
2011-12-08,18.500036,24.448461
2011-12-09,18.81704,24.777488
2011-12-12,18.23993,24.265668
2011-12-13,18.020466,23.79041
2011-12-14,17.776617,23.242033
2011-12-15,17.792872,23.251173
2011-12-16,17.792872,23.54364
2011-12-19,17.362073000000002,23.214613
2011-12-20,17.992566,23.745695
2011-12-21,18.00095,23.968137
2011-12-22,18.168636,24.357411
2011-12-23,18.269247,24.468631
2011-12-27,18.23571,24.385215
2011-12-28,17.699119,24.00521
2011-12-29,17.984182999999994,24.273995000000006
2011-12-30,17.975799,24.654
2012-01-03,18.512389,25.395473000000006
2012-01-04,18.73038,25.349132
2012-01-05,18.487236,25.191568
2012-01-06,18.244094,24.932052
2012-01-09,18.302783,25.006199
2012-01-10,18.654921,25.330594
2012-01-11,18.763916,25.210106
2012-01-12,18.847758,25.339863
2012-01-13,18.696842,25.145225
2012-01-17,18.847758,25.293522
2012-01-18,19.183127,25.608646
2012-01-19,19.149591,25.756943
2012-01-20,19.233434,25.719868
2012-01-23,19.300508,26.174021
2012-01-24,19.149591,25.821821
2012-01-25,19.644261,26.275974
2012-01-26,19.702951,26.127679
2012-01-27,19.786793,26.192558
2012-01-30,19.593956,26.016457
2012-01-31,19.635877,26.053532
2012-02-01,19.837098,26.285242
2012-02-02,19.845483,26.377925
2012-02-03,20.138931,26.674516
2012-02-06,20.013168,26.516953000000004
2012-02-07,20.004784,26.415
2012-02-08,20.03832,26.424268
2012-02-09,20.021551,26.35939
2012-02-10,19.510114,25.951579
2012-02-13,19.828714,26.081336
2012-02-14,19.560419,25.979385
2012-02-15,19.501729,26.034995
2012-02-16,19.593956,26.396462
2012-02-17,19.44304,26.303778
2012-02-21,19.719719,26.64671
2012-02-22,19.686182,26.757932
2012-02-23,19.887403,26.878421000000003
2012-02-24,19.920941,26.785736
2012-02-27,19.954477,26.739395
2012-02-28,19.962861,26.971105
2012-02-29,19.912556,26.896958
2012-03-01,20.03832,27.17501
2012-03-02,19.887403,26.924762
2012-03-05,19.711335,26.535488
2012-03-06,19.065749,25.868163
2012-03-07,19.174745,25.94231
2012-03-08,19.451424,26.396462
2012-03-09,19.409502,26.498416
2012-03-12,19.250201,26.266705
2012-03-13,19.66103,26.683785
2012-03-14,19.434655,26.248168
2012-03-15,19.686182,26.442806
2012-03-16,19.803562,26.618904
2012-03-19,19.895788,26.655979
2012-03-20,19.468191,26.442806
2012-03-21,19.375966,26.461341
2012-03-22,19.183127,26.053532
2012-03-23,19.451424,26.294511
2012-03-26,19.753256,26.757932
2012-03-27,19.577187,26.535488
2012-03-28,19.602339,26.285242
2012-03-29,19.610724,26.229631
2012-03-30,19.711335,26.266705
2012-04-02,19.811945,26.693052
2012-04-03,19.501729,26.294511
2012-04-04,19.26697,25.83109
2012-04-05,19.38435,25.682794
2012-04-09,19.22505,25.451083
2012-04-10,18.956754,25.052542000000006
2012-04-11,19.149591,25.247178
2012-04-12,19.66103,25.914504
2012-04-13,19.409502,25.432548
2012-04-16,19.48496,25.404742
2012-04-17,19.694566,25.905237
2012-04-18,19.669413,25.858894
2012-04-19,19.694566,25.794015
2012-04-20,19.795178,25.877431
2012-04-23,19.493345,25.553036
2012-04-24,19.652646,25.617915
2012-04-25,19.93771,26.025726
2012-04-26,19.971246,26.053532
2012-04-27,20.080242,26.368658
2012-04-30,19.988015,26.285242
2012-05-01,20.088625,26.433537
2012-05-02,20.03832,26.192558
2012-05-03,19.862252,25.654989
2012-05-04,19.367582,25.12669
2012-05-07,19.359197,25.210106
2012-05-08,18.965139,24.70961
2012-05-09,18.814222,24.570584
2012-05-10,19.04898,24.663269
2012-05-11,18.872912,24.644731
2012-05-14,18.688459,24.153504
2012-05-15,18.504005,23.801305
2012-05-16,18.093178,23.625205
2012-05-17,17.757808999999995,23.4213
2012-05-18,17.481129,23.282274
2012-05-21,17.917109,23.754962
2012-05-22,17.799729,23.643742
2012-05-23,17.573354000000002,23.847647
2012-05-24,17.481129,23.801305
2012-05-25,17.254754000000002,23.671548
2012-05-29,17.78296,23.986673
2012-05-30,17.313444,23.412031
2012-05-31,17.405670999999998,23.467642
2012-06-01,17.078685999999998,23.032026
2012-06-04,17.246370000000002,22.985683
2012-06-05,17.430823999999998,23.337884
2012-06-06,18.034488,23.875453
2012-06-07,18.042873,23.819843
2012-06-08,18.017719,23.643742
2012-06-11,17.724270999999995,23.263737
2012-06-12,18.017719,23.653011
2012-06-13,17.824882000000006,23.578863
2012-06-14,17.917109,23.699352
2012-06-15,18.168636,23.884721
2012-06-18,18.395011,23.968137
2012-06-19,18.713611,24.4779
2012-06-20,18.604616,24.413021
2012-06-21,17.950620999999995,23.474778
2012-06-22,18.070464,23.642987
2012-06-25,17.736617000000006,23.287876
2012-06-26,17.976302,23.428052
2012-06-27,18.207426,23.586918
2012-06-28,18.019102,23.446742
2012-06-29,18.703914,24.147621
2012-07-02,18.857997,24.250417
2012-07-03,18.986399,24.8485
2012-07-05,18.952158,24.755049
2012-07-06,18.738154,24.259761
2012-07-09,18.695354,24.194346
2012-07-10,18.43855,23.876614
2012-07-11,18.618313,24.007446
2012-07-12,18.344388,23.773819
2012-07-13,18.669673,24.063516
2012-07-16,18.703914,24.072861
2012-07-17,18.977839000000003,24.222382
2012-07-18,19.09768,24.297142
2012-07-19,19.422967,24.549459
2012-07-20,19.191842,24.325178
2012-07-23,18.832316,24.063516
2012-07-24,18.721035,23.811199
2012-07-25,18.952158,23.970065
2012-07-26,19.311684,24.418627
2012-07-27,19.833853,24.792431
2012-07-30,19.850974,24.857846
2012-07-31,19.842413,24.568149
2012-08-01,19.791053,24.456008
2012-08-02,19.748251,24.203691
2012-08-03,20.133458,24.670944
2012-08-06,20.133458,24.727014
2012-08-07,20.21906,25.175578
2012-08-08,20.356022,25.091472
2012-08-09,20.347462,25.297063
2012-08-10,20.338902,25.409204000000006
2012-08-13,20.124898,25.222302
2012-08-14,20.090657,25.334444
2012-08-15,20.039296,25.474619
2012-08-16,20.321781,25.839076
2012-08-17,20.26186,25.895146
2012-08-20,20.407383,25.941872
2012-08-21,20.587145,25.979251
2012-08-22,20.621386,25.923181
2012-08-23,20.364583,25.6989
2012-08-24,20.338902,25.820385
2012-08-27,20.201939000000007,25.783006
2012-08-28,20.270421,25.773661
2012-08-29,20.21906,25.745625
2012-08-30,19.842413,25.465274
2012-08-31,20.090657,25.6989
2012-09-04,19.731131,25.726936
2012-09-05,19.67977,25.717591
2012-09-06,20.159138,26.222223
2012-09-07,20.313221,26.670787
2012-09-10,20.073538,26.567991
2012-09-11,20.381702,26.689476000000006
2012-09-12,20.458743,26.708166
2012-09-13,20.82683,27.184764
2012-09-14,20.963792,27.465115
2012-09-17,20.724107,27.259524
2012-09-18,20.681307,27.2128
2012-09-19,20.82683,27.203455
2012-09-20,20.689867,27.081968
2012-09-21,20.681307,26.988517
2012-09-24,20.570026,26.782926
2012-09-25,20.287541,26.558645
2012-09-26,20.21906,26.455849
2012-09-27,20.595705,26.820307
2012-09-28,20.364583,26.62406
2012-10-01,20.561466,26.820307
2012-10-02,20.535785,26.848342
2012-10-03,20.381702,26.661441
2012-10-04,20.570026,27.063277000000006
2012-10-05,20.552905,27.007208
2012-10-08,20.552905,26.941792
2012-10-09,20.518664,26.754891
2012-10-10,20.552905,26.511921
2012-10-11,20.672747,26.652096000000004
2012-10-12,20.604266,26.502575
2012-10-15,20.809709,26.577336
2012-10-16,20.946671,26.820307
2012-10-17,21.306197,27.156728
2012-10-18,21.246276,27.025898
2012-10-19,21.023712,26.698821
2012-10-22,21.066514,26.689476000000006
2012-10-23,20.766909,26.287638
2012-10-24,20.903871,26.184843
2012-10-25,21.057954,26.446504
2012-10-26,20.963792,26.343709000000004
2012-10-31,21.040833,26.62406
2012-11-01,21.040833,26.810962
2012-11-02,20.715548,26.53061
2012-11-05,20.852511,26.465194
2012-11-06,21.160675,26.614715000000004
2012-11-07,20.972352,26.250259000000003
2012-11-08,20.88675,25.997942
2012-11-09,20.972352,26.025977
2012-11-12,20.998033,26.054012
2012-11-13,20.749788,25.895146
2012-11-14,20.424503,25.390513
2012-11-15,20.356022,25.175578
2012-11-16,20.364583,25.325098
2012-11-19,20.724107,25.82973
2012-11-20,20.629947,25.811042
2012-11-21,20.621386,25.960562
2012-11-23,21.023712,26.334364
2012-11-26,20.963792,26.250259000000003
2012-11-27,21.006593,26.054012
2012-11-28,21.169235,26.212878
2012-11-29,21.297637,26.334364
2012-11-30,21.374678,26.268949
2012-12-03,21.391799,26.212878
2012-12-04,21.434601,26.166153
2012-12-05,21.46028,26.259604
2012-12-06,21.554442,26.287638
2012-12-07,21.742765,26.306328000000004
2012-12-10,21.794125,26.5493
2012-12-11,21.931089,26.670787
2012-12-12,21.99957,26.876377
2012-12-13,21.888287,26.745547
2012-12-14,21.913968,26.633406
2012-12-17,22.008129,26.745547
2012-12-18,22.083515,26.875281
2012-12-19,22.021433,26.922632
2012-12-20,22.12786,26.96998
2012-12-21,21.950482,26.818463
2012-12-24,21.861792,26.761645
2012-12-26,21.826318,26.714295
2012-12-27,21.977089000000007,26.704827
2012-12-28,21.897269,26.51543
2012-12-31,22.296367,26.894221
2013-01-02,22.606779,27.348771000000006
2013-01-03,22.500353,27.102558
2013-01-04,22.59791,27.254075
2013-01-07,22.526959,27.197255
2013-01-08,22.376188,27.178316
2013-01-09,22.518089,27.254075
2013-01-10,22.775288,27.490820000000006
2013-01-11,22.580171,27.509758
2013-01-14,22.642255,27.576048
2013-01-15,22.624517,27.632866
2013-01-16,22.784157,27.500290000000003
2013-01-17,22.899452,27.613926
2013-01-18,22.855108,27.642336
2013-01-22,22.961534,27.822261
2013-01-23,22.988141,27.566578000000003
2013-01-24,22.970403,27.538168
2013-01-25,23.050223000000006,27.44347
2013-01-28,23.005879,27.46241
2013-01-29,23.245338,27.613926
2013-01-30,23.15665,27.519228
2013-01-31,23.165519,27.339303
2013-02-01,23.342896,27.538168
2013-02-04,23.103436,27.386651
2013-02-05,23.174387,27.528698
2013-02-06,23.165519,27.604456
2013-02-07,23.041354,27.44347
2013-02-08,23.325158,27.44347
2013-02-11,23.245338,27.348771000000006
2013-02-12,23.271945,27.47188
2013-02-13,23.538012,27.434
2013-02-14,23.733127,27.367711
2013-02-15,23.715389,27.112026
2013-02-19,24.18544,27.216195000000006
2013-02-20,23.812947,26.894221
2013-02-21,23.396109,26.723765000000004
2013-02-22,23.848422,26.790055
2013-02-25,23.591225,26.47755
2013-02-26,23.591225,26.562778
2013-02-27,23.86616,26.799523
2013-02-28,23.839553,26.723765000000004
2013-03-01,23.892767000000006,26.799523
2013-03-04,23.759734,26.695357
2013-03-05,24.141095,26.723765000000004
2013-03-06,24.26526,26.790055
2013-03-07,24.34508,26.865813
2013-03-08,24.327342,26.875281
2013-03-11,24.469244,27.00786
2013-03-12,24.451506,27.055208
2013-03-13,24.26526,26.723765000000004
2013-03-14,24.176571,27.01733
2013-03-15,24.557933,27.149906
2013-03-18,24.220915,26.903691
2013-03-19,23.78634,26.771115
2013-03-20,23.857291,26.941572
2013-03-21,23.733127,26.799523
2013-03-22,24.0258,26.875281
2013-03-25,23.910504,26.704827
2013-03-26,24.008062,26.903691
2013-03-27,24.034669,26.875281
2013-03-28,23.981456,26.99839
2013-04-01,23.883898,26.903691
2013-04-02,24.016931,26.951040000000006
2013-04-03,23.70652,26.373383
2013-04-04,23.715389,26.240805
2013-04-05,23.431585,26.07982
2013-04-08,23.6267,26.07982
2013-04-09,24.052407,26.420732
2013-04-10,24.274129,26.600658000000006
2013-04-11,24.442637,26.572248
2013-04-12,24.26526,26.193457
2013-04-15,23.351765,25.123371
2013-04-16,23.910504,25.54004
2013-04-17,23.662176,25.047612
2013-04-18,23.458192,25.123371
2013-04-19,23.475929,25.274887
2013-04-22,23.635569,25.293825
2013-04-23,24.0258,25.303295
2013-04-24,24.371686,25.729437
2013-04-25,24.442637,25.937772
2013-04-26,24.336211,25.805195
2013-04-29,24.708704,26.155579
2013-04-30,24.921557,26.534370000000006
2013-05-01,24.495851,26.297625
2013-05-02,24.504719,26.382853000000004
2013-05-03,24.81513,26.5249
2013-05-06,24.602277,26.610128000000003
2013-05-07,24.353948000000006,26.723765000000004
2013-05-08,24.557933,27.093088
2013-05-09,24.247522,26.846873
2013-05-10,24.149964,26.818463
2013-05-13,24.079013,26.752175
2013-05-14,24.10562,26.685887
2013-05-15,23.892767000000006,26.458612
2013-05-16,23.582356,26.439672
2013-05-17,23.529143,26.449142
2013-05-20,23.830685,26.742705
2013-05-21,23.582356,26.771115
2013-05-22,23.121174,26.600658000000006
2013-05-23,22.988141,26.534370000000006
2013-05-24,22.216547,26.51543
2013-05-28,22.234286,26.534370000000006
2013-05-29,22.145596,26.638537
2013-05-30,22.225416,26.790055
2013-05-31,21.64894,26.259745
2013-06-03,22.12786,26.5249
2013-06-04,21.861792,26.316565
2013-06-05,21.143414,25.956712
2013-06-06,21.311923,26.117698
2013-06-07,21.178888,26.193457
2013-06-10,20.974904,26.269215000000006
2013-06-11,20.646757,25.937772
2013-06-12,20.637888,25.653679
2013-06-13,21.285316,26.165047
2013-06-14,21.232103,25.928302
2013-06-17,21.569119,26.146108
2013-06-18,21.444956,26.250275
2013-06-19,20.903953,25.871484
2013-06-20,19.963852,25.019202
2013-06-21,20.150098,24.924504
2013-06-24,20.043672,24.536242
2013-06-25,20.407296,24.801397
2013-06-26,20.646757,24.905564
2013-06-27,20.93914,25.005202
2013-06-28,20.503287,25.053104
2013-07-01,20.394323,25.120168
2013-07-02,20.485126,25.081846
2013-07-03,20.158237,25.014783
2013-07-05,20.321681,24.947719
2013-07-08,20.530529,25.158491
2013-07-09,20.957301,25.455487
2013-07-10,20.775695,25.474648
2013-07-11,21.338674,26.221931
2013-07-12,21.057185,26.097383
2013-07-15,21.184309,26.221931
2013-07-16,21.474878,26.298575
2013-07-17,21.502119,26.327315
2013-07-18,21.429477,26.605152
2013-07-19,21.384074,26.739279
2013-07-22,21.54752,26.940471
2013-07-23,21.629242,26.997954
2013-07-24,21.474878,26.768021
2013-07-25,21.674645,26.93089
2013-07-26,21.838089,26.863827
2013-07-29,21.665564,26.969212
2013-07-30,21.347754,26.605152
2013-07-31,21.120747,26.471023
2013-08-01,21.129827,26.538088
2013-08-02,21.256951,26.442283000000003
2013-08-05,21.20247,26.356058
2013-08-06,21.266031,26.174027
2013-08-07,20.90282,25.924933
2013-08-08,21.502119,26.480604
2013-08-09,21.638323,26.528508
2013-08-12,21.774527,26.605152
2013-08-13,21.947053,26.643473
2013-08-14,21.947053,26.681796
2013-08-15,21.801768,26.854246000000003
2013-08-16,21.86533,26.854246000000003
2013-08-19,21.674645,26.499765000000004
2013-08-20,21.5566,26.547667
2013-08-21,21.302352,26.145287
2013-08-22,21.456717,26.279414000000006
2013-08-23,21.729126,26.518927
2013-08-26,21.592922,26.509346
2013-08-27,21.374996,26.21235
2013-08-28,21.302352,26.260252
2013-08-29,21.266031,26.298575
2013-08-30,21.320513,26.241090000000003
2013-09-03,21.947053,26.423121
2013-09-04,22.255783,26.557248
2013-09-05,22.128659,26.739279
2013-09-06,22.264863,26.911729
2013-09-09,22.600833,27.065017
2013-09-10,22.964046,27.074598
2013-09-11,23.036688,27.208725
2013-09-12,22.809681,26.892567
2013-09-13,22.8006,26.892567
2013-09-16,22.973124,27.160823
2013-09-17,23.191053,27.256629
2013-09-18,23.79943,27.649431
2013-09-19,23.517942,27.496142
2013-09-20,23.245534,27.199144
2013-09-23,23.318176,27.189563
2013-09-24,23.191053,27.199144
2013-09-25,23.245534,27.160823
2013-09-26,23.427139,27.208725
2013-09-27,23.263695,27.237467
2013-09-30,22.945885,27.1225
2013-10-01,23.136570000000006,27.237467
2013-10-02,23.127489,27.189563
2013-10-03,23.082089,26.988373
2013-10-04,23.281854,27.1225
2013-10-07,22.873242,27.112919
2013-10-08,22.727958,26.787181
2013-10-09,22.81876,26.815923
2013-10-10,23.227373,27.208725
2013-10-11,23.536103,27.314111
2013-10-14,23.581504,27.371594
2013-10-15,23.499781,27.29495
2013-10-16,23.79943,27.4674
2013-10-17,24.144482,27.726075
2013-10-18,24.425971,27.956007
2013-10-21,24.398731,28.01349
2013-10-22,24.743781,28.205102
2013-10-23,24.371489,27.965588
2013-10-24,24.453212,28.01349
2013-10-25,24.562175,28.090134000000006
2013-10-28,24.643897,28.090134000000006
2013-10-29,24.371489,28.147617
2013-10-30,24.235285,28.147617
2013-10-31,24.217124,28.128457
2013-11-01,24.198964,28.042232
2013-11-04,24.298847,28.128457
2013-11-05,24.326089,28.01349
2013-11-06,24.525854,28.205102
2013-11-07,24.198964,27.917684
2013-11-08,24.289767,28.090134000000006
2013-11-11,24.06276,28.051813
2013-11-12,23.772191,27.936846000000006
2013-11-13,23.635987,28.128457
2013-11-14,23.726788,28.243423
2013-11-15,24.044599,28.367971
2013-11-18,23.908395,28.387131
2013-11-19,23.881153,28.233842
2013-11-20,23.536103,28.272165
2013-11-21,23.372658,28.205102
2013-11-22,23.363577,28.214682
2013-11-25,23.345416,28.118877
2013-11-26,23.227373,27.908104
2013-11-27,23.136570000000006,27.764396
2013-11-29,23.027607,27.869783
2013-12-02,22.764278,27.764396
2013-12-03,22.709797,27.496142
2013-12-04,22.691636,27.390756
2013-12-05,22.401067,27.285369
2013-12-06,22.555432,27.409917
2013-12-09,22.246702,27.553625
2013-12-10,22.237622,27.63985
2013-12-11,21.901652,27.227886
2013-12-12,21.374996,27.103340000000006
2013-12-13,21.620162,27.199144
2013-12-16,21.783607,27.400336
2013-12-17,21.54752,27.323692
2013-12-18,21.63686,27.477154
2013-12-19,21.981189,27.671406
2013-12-20,22.334823,27.758821
2013-12-23,22.604703,27.953075
2013-12-24,22.679152,28.089052
2013-12-26,22.641927,28.234741
2013-12-27,22.561813,28.030776
2013-12-30,22.627022,28.186179
2013-12-31,22.701545,28.322156
2014-01-02,22.524553,28.127901
2014-01-03,22.748121,28.108477
2014-01-06,22.673598,27.923936
2014-01-07,22.636336,27.817096000000006
2014-01-08,22.496606,27.797672
2014-01-09,22.459345000000006,27.719971
2014-01-10,22.682914,27.846235
2014-01-13,22.571129,27.817096000000006
2014-01-14,22.273037,27.632557
2014-01-15,22.263722,27.758821
2014-01-16,22.217146,27.914223
2014-01-17,22.086729,27.90451
2014-01-21,22.235777,28.059913
2014-01-22,22.254406,27.875373
2014-01-23,21.816585,27.778246000000006
2014-01-24,21.341501,27.341175
2014-01-27,21.434655,26.942956
2014-01-28,21.593016,27.098358
2014-01-29,21.369448,26.942956
2014-01-30,21.695486,27.146923
2014-01-31,21.462602,27.127497
2014-02-03,21.136564,26.77784
2014-02-04,21.648908,26.855542
2014-02-05,21.481231,26.962382
2014-02-06,22.021522,27.331462
2014-02-07,22.179883,27.53543
2014-02-10,22.170568,27.53543
2014-02-11,22.69223,27.787959000000004
2014-02-12,22.850591,27.90451
2014-02-13,22.794697,28.108477
2014-02-14,23.167313,28.225028
2014-02-18,23.269781,28.322156
2014-02-19,23.167313,28.108477
2014-02-20,23.409511,28.225028
2014-02-21,23.297728,28.15704
2014-02-24,23.577188,28.30273
2014-02-25,23.372251,28.273593
2014-02-26,23.316359,28.147327
2014-02-27,23.325675,28.186179
2014-02-28,23.241836,28.341581
2014-03-03,23.064844,28.273593
2014-03-04,23.400198,28.390144
2014-03-05,23.484034,28.545547
2014-03-06,23.772812,28.642674
2014-03-07,23.744865,28.438708
2014-03-10,23.446774,28.428996
2014-03-11,23.21389,28.361007
2014-03-12,23.21389,28.496984
2014-03-13,23.204574,28.438708
2014-03-14,23.018266,28.293017
2014-03-17,23.344304,28.40957
2014-03-18,23.511981,28.487271000000003
2014-03-19,23.139367,28.15704
2014-03-20,23.092791,28.195892
2014-03-21,23.157998000000006,28.254167
2014-03-24,23.316359,28.195892
2014-03-25,23.605135,28.331868
2014-03-26,23.716918,28.293017
2014-03-27,23.810072,28.390144
2014-03-28,23.921857,28.51641
2014-03-31,24.09885,28.700949
2014-04-01,24.126795,28.846641
2014-04-02,24.154742,28.982618
2014-04-03,24.042956,28.827215
2014-04-04,24.117479,28.982618
2014-04-07,24.126795,28.710662
2014-04-08,24.555303,29.070032
2014-04-09,24.965177,29.332274
2014-04-10,24.592563,28.895203
2014-04-11,24.490095,28.652387
2014-04-14,24.443517,28.798076
2014-04-15,24.275841,28.807789
2014-04-16,24.564618,28.972905
2014-04-17,24.639141,29.079745000000006
2014-04-21,24.629825,29.070032
2014-04-22,24.872025,29.157446000000004
2014-04-23,24.769556,29.118594
2014-04-24,24.722979,29.13802
2014-04-25,24.657770000000006,29.099169
2014-04-28,24.844078,29.13802
2014-04-29,24.667086,29.507101
2014-04-30,24.639141,29.662506
2014-05-01,24.415571,29.613941
2014-05-02,24.471464,29.749918
2014-05-05,24.508725,29.672217
2014-05-06,24.62051,29.691642
2014-05-07,24.601879,29.740207
2014-05-08,24.76024,29.720781
2014-05-09,24.722979,29.516814
2014-05-12,24.797502,29.759631
2014-05-13,24.816132,29.779057
2014-05-14,24.890655,29.827619
2014-05-15,24.844078,29.672217
2014-05-16,24.89997,29.584802000000003
2014-05-19,24.573932,29.64308
2014-05-20,24.192002,29.468251
2014-05-21,24.396941,29.720781
2014-05-22,24.545987,29.866471
2014-05-23,24.639141,29.973311
2014-05-27,24.778871,29.856758000000006
2014-05-28,24.685717,29.740207
2014-05-29,24.909286,29.769344
2014-05-30,24.741609,29.817908000000006
2014-06-02,24.722979,29.788769
2014-06-03,24.583248,29.866471
2014-06-04,24.452833,29.885897
2014-06-05,24.648455,29.915033
2014-06-06,24.741609,30.012161
2014-06-09,24.89997,30.15785
2014-06-10,24.89997,30.216128
2014-06-11,24.750924,30.332679
2014-06-12,24.648455,30.400667
2014-06-13,24.648455,30.614347
2014-06-16,24.639141,30.740611
2014-06-17,24.396941,30.66291
2014-06-18,24.592563,30.808599
2014-06-19,24.853394,30.925152
2014-06-20,24.769556,31.119407
2014-06-23,24.89997,31.197106
2014-06-24,24.555303,30.876590000000004
2014-06-25,24.652703,30.949975
2014-06-26,24.993132,31.175032
2014-06-27,24.993132,31.429440000000003
2014-06-30,24.709441,31.517505
2014-07-01,24.822918,31.674065
2014-07-02,25.059326,31.693636
2014-07-03,25.097153,31.840413
2014-07-07,25.097153,31.586
2014-07-08,25.002589,31.586
2014-07-09,24.983676000000006,31.771918
2014-07-10,24.841831,31.595787
2014-07-11,25.106607,31.380516
2014-07-14,25.220084,31.527293
2014-07-15,25.097153,31.312021
2014-07-16,25.172803,31.595787
2014-07-17,24.993132,31.517505
2014-07-18,25.276822,31.752347
2014-07-21,25.172803,31.722990000000006
2014-07-22,25.352473,31.879553
2014-07-23,25.626708,32.036113
2014-07-24,25.551057,32.016543
2014-07-25,25.390299,31.948048
2014-07-28,25.484863,31.977402
2014-07-29,25.447037,31.811055
2014-07-30,25.46595,31.908907
2014-07-31,25.144434,31.468581
2014-08-01,24.983676000000006,31.165247
2014-08-04,25.087696,31.351162
2014-08-05,24.813461,30.969546
2014-08-06,24.945849,31.135891
2014-08-07,24.66216,30.920621
2014-08-08,24.605422,30.930407
2014-08-11,24.605422,31.223956
2014-08-12,24.813461,31.233741
2014-08-13,24.983676000000006,31.233741
2014-08-14,25.182258,31.341375
2014-08-15,25.220084,31.429440000000003
2014-08-18,25.390299,31.507722
2014-08-19,25.418667000000006,31.644712
2014-08-20,25.598338,31.722990000000006
2014-08-21,25.579425,31.801272
2014-08-22,25.475406,31.74256
2014-08-25,25.522687,31.771918
2014-08-26,25.551057,31.908907
2014-08-27,25.645621,32.143745
2014-08-28,25.664532,32.124179
2014-08-29,25.683445000000006,32.153532
2014-09-02,25.683445000000006,32.026326
2014-09-03,25.85366,32.241598
2014-09-04,25.768553,32.094821
2014-09-05,25.721272,32.133962
2014-09-08,25.352473,31.722990000000006
2014-09-09,25.201171,31.791488
2014-09-10,25.172803,31.74256
2014-09-11,24.76618,31.605571
2014-09-12,24.501402,31.488152000000003
2014-09-15,24.264993,31.517505
2014-09-16,24.444664000000003,31.820842
2014-09-17,23.801632,31.625141
2014-09-18,23.971847,31.771918
2014-09-19,23.735438,31.390303000000007
2014-09-22,23.357184,30.930407
2014-09-23,23.376096,30.78363
2014-09-24,23.593593,30.754276
2014-09-25,22.960018,30.128036
2014-09-26,22.884367,30.323735
2014-09-29,22.506111,30.196531
2014-09-30,22.638501,30.030186
2014-10-01,22.676326,29.795346
2014-10-02,22.77089,29.726849
2014-10-03,22.714152,29.619216
2014-10-06,22.827627,29.814915000000006
2014-10-07,22.543938,29.345235
2014-10-08,22.988385,29.697496
2014-10-09,22.572307,29.081039
2014-10-10,21.919819,28.533079
2014-10-13,22.080577,28.219959000000006
2014-10-14,22.231878,27.936193
2014-10-15,22.553394,27.691568
2014-10-16,22.666869,28.112324
2014-10-17,22.978929,28.405875
2014-10-20,23.120776,28.562435
2014-10-21,23.272077,29.159319
2014-10-22,23.18697,28.601574
2014-10-23,23.309901,29.002759
2014-10-24,23.54631,29.178890000000006
2014-10-27,23.57468,28.992974
2014-10-28,23.981303,29.472441
2014-10-29,23.565223,29.237599
2014-10-30,23.924564,29.12018
2014-10-31,24.047497,29.276740000000004
2014-11-03,23.57468,28.826629
2014-11-04,23.707068,28.41566
2014-11-05,23.442292,28.797275
2014-11-06,23.347728,28.70921
2014-11-07,23.621961,29.208245
2014-11-10,23.621961,29.159319
2014-11-11,23.697612,29.364805
2014-11-12,23.584136,29.599645
2014-11-13,23.432835,29.35502
2014-11-14,23.621961,29.66814
2014-11-17,23.357184,29.677925
2014-11-18,23.376096,29.863841
2014-11-19,22.780346,29.785561
2014-11-20,22.685783,30.069325
2014-11-21,22.931648000000006,30.362876
2014-11-24,22.780346,30.039971
2014-11-25,22.591219,30.245455
2014-11-26,22.837084,30.274811
2014-11-28,22.345353,29.29631
2014-12-01,22.014383,29.208245
2014-12-02,22.108945,29.071254
2014-12-03,22.203508,29.384376
2014-12-04,22.260248,28.826629
2014-12-05,22.061664,28.6505
2014-12-08,21.919819,27.887269
2014-12-09,21.673953,28.043829
2014-12-10,21.37135,27.300168
2014-12-11,21.342981,27.261029
2014-12-12,21.021465,26.810918
2014-12-15,20.803969,26.576078000000006
2014-12-16,20.889076,26.957693
2014-12-17,20.954496,27.647391
2014-12-18,21.345076,28.024490000000004
2014-12-19,21.618479,28.342048
2014-12-22,21.833298000000006,28.133651
2014-12-23,21.598951,28.490903000000007
2014-12-24,21.608714000000006,28.540522
2014-12-26,21.667302,28.659605
2014-12-29,21.999294,28.63976
2014-12-30,21.872355,28.63976
2014-12-31,21.647773,28.63976
2015-01-02,21.579422,28.471057
2015-01-05,21.374368,27.706932
2015-01-06,21.286488,27.300061
2015-01-07,21.481777,27.329833
2015-01-08,21.764947,27.667237
2015-01-09,21.97,27.429069
2015-01-12,21.716124,26.992428000000004
2015-01-13,21.716124,26.873343
2015-01-14,21.423191,26.70464
2015-01-15,21.550128,26.555785
2015-01-16,21.794239,27.051969
2015-01-20,21.511071,26.734412
2015-01-21,21.706359,26.813801
2015-01-22,21.696594,27.042045
2015-01-23,21.481777,27.051969
2015-01-26,21.559893,26.982504
2015-01-27,21.598951,27.180976
2015-01-28,21.481777,26.496243
2015-01-29,21.530599,26.377158
2015-01-30,21.403662,26.238227
2015-02-02,21.843063,26.932884
2015-02-03,22.311755,27.657315000000004
2015-02-04,22.194581,27.141283
2015-02-05,22.594923,27.677161
2015-02-06,22.448457,27.399299
2015-02-09,22.419163,27.587847
2015-02-10,22.4094,27.389375
2015-02-11,22.077409,27.309985
2015-02-12,22.214111,27.766474
2015-02-13,22.682804,27.865711
2015-02-17,22.82927,28.153499
2015-02-18,22.936679,27.845863
2015-02-19,22.839034,27.617619
2015-02-20,22.965973,27.498534000000006
2015-02-23,22.907385,27.498534000000006
2015-02-24,23.122204,27.657315000000004
2015-02-25,23.278435,27.935177000000003
2015-02-26,22.965973,27.746626000000006
2015-02-27,23.122204,27.80617
2015-03-02,23.141734,27.816094
2015-03-03,23.151496,27.657315000000004
2015-03-04,23.024559,27.677161
2015-03-05,22.907385,27.53823
2015-03-06,22.507043,27.061893
2015-03-09,22.507043,26.952732
2015-03-10,21.989529,26.387082
2015-03-11,21.930941,26.397006
2015-03-12,22.565631,26.585557
2015-03-13,22.12623,26.357311
2015-03-16,22.32152,26.694716
2015-03-17,22.253169,26.724488
2015-03-18,22.91715,27.300061
2015-03-19,22.692568,26.645098
2015-03-20,23.366315,27.24052
2015-03-23,23.532311,27.379451
2015-03-24,23.542076,27.597771
2015-03-25,23.278435,27.319909000000006
2015-03-26,23.053853,27.260366
2015-03-27,22.82927,26.863419
2015-03-30,22.585159,26.883267
2015-03-31,22.32152,26.97258
2015-04-01,22.360577,27.091663
2015-04-02,22.438692,27.419145
2015-04-06,22.643747,27.687085
2015-04-07,22.760919,27.786322
2015-04-08,23.00503,27.786322
2015-04-09,22.946444,27.905407
2015-04-10,22.995265,28.034414
2015-04-13,22.604688,27.994718
2015-04-14,22.731627,28.252734000000004
2015-04-15,22.799978,28.808462
2015-04-16,23.161261,28.937469
2015-04-17,22.731627,28.788614000000006
2015-04-20,22.692568,28.897776
2015-04-21,22.624217,28.659605
2015-04-22,22.682804,28.719149
2015-04-23,22.848799,29.096248
2015-04-24,23.366315,29.056554
2015-04-27,23.483488,29.066478000000004
2015-04-28,23.815479,29.274875
2015-04-29,23.249141,29.31457
2015-04-30,22.770684,28.897776
2015-05-01,22.897622,28.917622
2015-05-04,22.858564,29.106172
2015-05-05,22.82927,28.778691
2015-05-06,22.438692,28.56037
2015-05-07,22.155524,28.451209
2015-05-08,22.399636,28.709225
2015-05-11,21.989529,28.63976
2015-05-12,22.516808,28.619912
2015-05-13,22.985503,28.59014
2015-05-14,23.151496,28.629836
2015-05-15,23.141734,28.709225
2015-05-18,22.682804,28.490903000000007
2015-05-19,22.253169,28.262658
2015-05-20,22.155524,28.242811
2015-05-21,22.389871,28.471057
2015-05-22,22.194581,28.262658
2015-05-26,22.223875,27.687085
2015-05-27,22.23364,27.72678
2015-05-28,21.930941,27.776398
2015-05-29,22.009058,27.568001
2015-06-01,21.843063,27.478688
2015-06-02,21.930941,27.766474
2015-06-03,21.764947,27.796246000000004
2015-06-04,21.100965,27.438992
2015-06-05,20.98379,27.488612
2015-06-08,21.071671,27.141283
2015-06-09,20.98379,27.409223
2015-06-10,21.452483,27.716856
2015-06-11,21.598951,27.657315000000004
2015-06-12,21.393897,27.349679
2015-06-15,21.501307,27.379451
2015-06-16,21.657538,27.409223
2015-06-17,21.706359,27.518382
2015-06-18,21.784475,27.597771
2015-06-19,21.813769,27.260366
2015-06-22,21.852825,27.45884
2015-06-23,22.067644,27.637467
2015-06-24,21.97,27.568001
2015-06-25,21.85,27.6
2015-06-26,21.440001,27.530001
2015-06-29,20.9,26.75
2015-06-30,21.030001,26.67
2015-07-01,21.26,26.559999
2015-07-02,21.389999,26.700001
2015-07-06,20.790001,26.41
2015-07-07,20.84,26.35
2015-07-08,20.25,25.9
2015-07-09,20.440001,25.77
2015-07-10,20.700001,26.040001
2015-07-13,20.709999,26.16
2015-07-14,20.950001,26.26
2015-07-15,20.9,26.040001
2015-07-16,21.15,26.07
2015-07-17,21.040001,25.9
2015-07-20,21.18,25.540001
2015-07-21,21.23,25.5
2015-07-22,20.809999,25.26
2015-07-23,20.559999,25.129999
2015-07-24,20.219999,25.030001
2015-07-27,20.27,24.75
2015-07-28,20.73,25.129999
2015-07-29,20.790001,25.5
2015-07-30,20.85,25.530001
2015-07-31,20.92,25.549999
2015-08-03,20.74,25.24
2015-08-04,21.09,25.4
2015-08-05,21.040001,25.41
