dt,Daily Rainfall Total (mm)
2015-01-01,0.6
2015-01-02,0.0
2015-01-03,0.0
2015-01-04,0.0
2015-01-05,0.0
2015-01-06,21.8
2015-01-07,22.4
2015-01-08,0.8
2015-01-09,0.4
2015-01-10,33.6
2015-01-11,0.0
2015-01-12,0.0
2015-01-13,0.0
2015-01-14,0.0
2015-01-15,0.0
2015-01-16,0.0
2015-01-17,0.0
2015-01-18,0.0
2015-01-19,0.0
2015-01-20,0.0
2015-01-21,0.0
2015-01-22,0.0
2015-01-23,0.0
2015-01-24,0.0
2015-01-25,0.0
2015-01-26,0.0
2015-01-27,0.0
2015-01-28,0.0
2015-01-29,0.0
2015-01-30,0.0
2015-01-31,0.0
2015-02-01,0.0
2015-02-02,3.4
2015-02-03,0.2
2015-02-04,0.2
2015-02-05,0.0
2015-02-06,10.8
2015-02-07,0.2
2015-02-08,0.0
2015-02-09,0.0
2015-02-10,0.0
2015-02-11,0.0
2015-02-12,0.0
2015-02-13,0.0
2015-02-14,0.0
2015-02-15,0.0
2015-02-16,0.0
2015-02-17,0.0
2015-02-18,0.0
2015-02-19,4.0
2015-02-20,0.0
2015-02-21,0.0
2015-02-22,0.0
2015-02-23,0.0
2015-02-24,0.0
2015-02-25,0.0
2015-02-26,0.0
2015-02-27,0.0
2015-02-28,0.0
2015-03-01,0.0
2015-03-02,0.0
2015-03-03,0.0
2015-03-04,14.0
2015-03-05,0.0
2015-03-06,0.0
2015-03-07,0.0
2015-03-08,0.0
2015-03-09,0.0
2015-03-10,0.0
2015-03-11,46.0
2015-03-12,0.0
2015-03-13,0.0
2015-03-14,0.0
2015-03-15,0.0
2015-03-16,0.0
2015-03-17,0.0
2015-03-18,0.0
2015-03-19,0.0
2015-03-20,0.0
2015-03-21,0.0
2015-03-22,6.4
2015-03-23,0.0
2015-03-24,0.0
2015-03-25,0.0
2015-03-26,0.0
2015-03-27,0.0
2015-03-28,0.0
2015-03-29,9.2
2015-03-30,0.0
2015-03-31,8.8
2015-04-01,13.8
2015-04-02,11.4
2015-04-03,0.0
2015-04-04,0.0
2015-04-05,9.8
2015-04-06,1.6
2015-04-07,0.0
2015-04-08,0.0
2015-04-09,0.0
2015-04-10,0.4
2015-04-11,0.0
2015-04-12,0.0
2015-04-13,0.0
2015-04-14,0.0
2015-04-15,0.0
2015-04-16,0.0
2015-04-17,0.6
2015-04-18,0.0
2015-04-19,8.2
2015-04-20,0.0
2015-04-21,3.2
2015-04-22,0.0
2015-04-23,0.0
2015-04-24,1.6
2015-04-25,0.0
2015-04-26,18.8
2015-04-27,0.4
2015-04-28,0.2
2015-04-29,0.0
2015-04-30,3.2
2015-05-01,0.0
2015-05-02,16.4
2015-05-03,22.2
2015-05-04,5.0
2015-05-05,2.6
2015-05-06,3.4
2015-05-07,0.2
2015-05-08,0.0
2015-05-09,0.0
2015-05-10,0.0
2015-05-11,0.0
2015-05-12,3.0
2015-05-13,0.0
2015-05-14,16.6
2015-05-15,9.8
2015-05-16,0.0
2015-05-17,0.0
2015-05-18,2.4
2015-05-19,0.0
2015-05-20,0.0
2015-05-21,0.0
2015-05-22,0.0
2015-05-23,5.4
2015-05-24,0.0
2015-05-25,0.0
2015-05-26,0.0
2015-05-27,2.0
2015-05-28,0.0
2015-05-29,0.0
2015-05-30,0.0
2015-05-31,0.0
2015-06-01,0.0
2015-06-02,1.8
2015-06-03,0.0
2015-06-04,2.2
2015-06-05,0.0
2015-06-06,12.8
2015-06-07,28.4
2015-06-08,0.0
2015-06-09,0.0
2015-06-10,0.0
2015-06-11,2.8
2015-06-12,17.4
2015-06-13,0.0
2015-06-14,13.4
2015-06-15,3.8
2015-06-16,0.0
2015-06-17,0.4
2015-06-18,0.0
2015-06-19,0.0
2015-06-20,0.0
2015-06-21,0.0
2015-06-22,0.0
2015-06-23,0.0
2015-06-24,0.0
2015-06-25,0.0
2015-06-26,0.0
2015-06-27,0.0
2015-06-28,12.8
2015-06-29,0.0
2015-06-30,0.0
2015-07-01,6.4
2015-07-02,0.0
2015-07-03,0.4
2015-07-04,22.2
2015-07-05,0.0
2015-07-06,0.0
2015-07-07,2.0
2015-07-08,20.0
2015-07-09,0.0
2015-07-10,11.4
2015-07-11,0.6
2015-07-12,0.0
2015-07-13,0.0
2015-07-14,45.8
2015-07-15,0.0
2015-07-16,1.6
2015-07-17,0.0
2015-07-18,0.0
2015-07-19,0.2
2015-07-20,0.0
2015-07-21,0.4
2015-07-22,0.0
2015-07-23,0.0
2015-07-24,0.0
2015-07-25,0.0
2015-07-26,3.6
2015-07-27,0.0
2015-07-28,0.0
2015-07-29,0.0
2015-07-30,0.0
2015-07-31,2.2
2015-08-01,1.6
2015-08-02,0.0
2015-08-03,26.2
2015-08-04,6.2
2015-08-05,0.0
2015-08-06,1.6
2015-08-07,20.2
2015-08-08,28.2
2015-08-09,14.2
2015-08-10,1.0
2015-08-11,0.0
2015-08-12,63.2
2015-08-13,0.0
2015-08-14,0.0
2015-08-15,0.0
2015-08-16,0.0
2015-08-17,0.0
2015-08-18,0.0
2015-08-19,0.0
2015-08-20,0.0
2015-08-21,0.0
2015-08-22,0.0
2015-08-23,0.0
2015-08-24,0.0
2015-08-25,22.2
2015-08-26,0.0
2015-08-27,0.0
2015-08-28,0.0
2015-08-29,0.0
2015-08-30,1.2
2015-08-31,0.0
2015-09-01,0.0
2015-09-02,0.0
2015-09-03,0.0
2015-09-04,0.4
2015-09-05,0.0
2015-09-06,0.0
2015-09-07,0.0
2015-09-08,0.0
2015-09-09,17.4
2015-09-10,0.0
2015-09-11,0.0
2015-09-12,0.0
2015-09-13,0.0
2015-09-14,0.0
2015-09-15,18.4
2015-09-16,16.4
2015-09-17,0.0
2015-09-18,0.0
2015-09-19,0.0
2015-09-20,0.0
2015-09-21,0.2
2015-09-22,4.6
2015-09-23,0.0
2015-09-24,0.0
2015-09-25,0.0
2015-09-26,0.0
2015-09-27,0.0
2015-09-28,2.8
2015-09-29,0.0
2015-09-30,1.4
2015-10-01,0.0
2015-10-02,28.6
2015-10-03,0.0
2015-10-04,0.0
2015-10-05,0.2
2015-10-06,19.8
2015-10-07,0.6
2015-10-08,0.0
2015-10-09,0.0
2015-10-10,0.0
2015-10-11,0.0
2015-10-12,0.0
2015-10-13,0.0
2015-10-14,7.8
2015-10-15,0.0
2015-10-16,0.0
2015-10-17,0.0
2015-10-18,0.0
2015-10-19,0.0
2015-10-20,0.0
2015-10-21,0.0
2015-10-22,0.0
2015-10-23,0.0
2015-10-24,0.6
2015-10-25,0.0
2015-10-26,0.0
2015-10-27,0.0
2015-10-28,24.0
2015-10-29,0.0
2015-10-30,5.2
2015-10-31,0.4
2015-11-01,0.2
2015-11-02,0.2
2015-11-03,0.0
2015-11-04,0.0
2015-11-05,0.0
2015-11-06,0.0
2015-11-07,1.4
2015-11-08,0.0
2015-11-09,1.4
2015-11-10,0.0
2015-11-11,0.0
2015-11-12,0.0
2015-11-13,0.0
2015-11-14,0.0
2015-11-15,0.0
2015-11-16,1.6
2015-11-17,9.8
2015-11-18,0.0
2015-11-19,0.0
2015-11-20,0.2
2015-11-21,0.0
2015-11-22,0.0
2015-11-23,0.0
2015-11-24,24.0
2015-11-25,3.2
2015-11-26,0.8
2015-11-27,0.4
2015-11-28,0.0
2015-11-29,3.6
2015-11-30,25.8
2015-12-01,28.8
2015-12-02,0.2
2015-12-03,0.0
2015-12-04,0.0
2015-12-05,6.0
2015-12-06,4.0
2015-12-07,0.0
2015-12-08,21.6
2015-12-09,2.0
2015-12-10,40.4
2015-12-11,11.0
2015-12-12,37.8
2015-12-13,12.6
2015-12-14,0.4
2015-12-15,0.0
2015-12-16,0.2
2015-12-17,0.0
2015-12-18,8.2
2015-12-19,0.0
2015-12-20,0.0
2015-12-21,0.0
2015-12-22,4.8
2015-12-23,25.6
2015-12-24,40.2
2015-12-25,0.0
2015-12-26,0.0
2015-12-27,0.0
2015-12-28,0.0
2015-12-29,39.0
2015-12-30,2.2
2015-12-31,17.0
2016-01-01,2.0
2016-01-02,39.6
2016-01-03,16.6
2016-01-04,0.0
2016-01-05,0.0
2016-01-06,0.0
2016-01-07,0.0
2016-01-08,0.0
2016-01-09,1.8
2016-01-10,0.0
2016-01-11,0.0
2016-01-12,0.0
2016-01-13,0.0
2016-01-14,0.2
2016-01-15,5.6
2016-01-16,12.2
2016-01-17,33.4
2016-01-18,2.6
2016-01-19,2.0
2016-01-20,0.8
2016-01-21,0.6
2016-01-22,0.0
2016-01-23,0.0
2016-01-24,0.0
2016-01-25,2.6
2016-01-26,6.0
2016-01-27,1.0
2016-01-28,0.0
2016-01-29,0.0
2016-01-30,0.0
2016-01-31,0.0
2016-02-01,0.0
2016-02-02,10.6
2016-02-03,0.0
2016-02-04,0.2
2016-02-05,0.0
2016-02-06,1.8
2016-02-07,26.4
2016-02-08,0.0
2016-02-09,0.0
2016-02-10,0.0
2016-02-11,0.4
2016-02-12,0.6
2016-02-13,0.0
2016-02-14,1.2
2016-02-15,0.0
2016-02-16,0.0
2016-02-17,0.0
2016-02-18,0.0
2016-02-19,70.4
2016-02-20,2.6
2016-02-21,0.0
2016-02-22,0.0
2016-02-23,0.0
2016-02-24,71.8
2016-02-25,0.0
2016-02-26,0.0
2016-02-27,0.0
2016-02-28,0.0
2016-02-29,0.0
2016-03-01,0.0
2016-03-02,0.0
2016-03-03,0.0
2016-03-04,0.4
2016-03-05,0.0
2016-03-06,0.0
2016-03-07,0.0
2016-03-08,0.6
2016-03-09,0.0
2016-03-10,1.6
2016-03-11,0.0
2016-03-12,0.0
2016-03-13,2.4
2016-03-14,0.0
2016-03-15,0.0
2016-03-16,0.0
2016-03-17,0.0
2016-03-18,0.0
2016-03-19,0.0
2016-03-20,0.0
2016-03-21,0.2
2016-03-22,1.0
2016-03-23,0.0
2016-03-24,0.0
2016-03-25,0.0
2016-03-26,0.0
2016-03-27,0.0
2016-03-28,0.0
2016-03-29,0.0
2016-03-30,0.0
2016-03-31,0.0
2016-04-01,0.0
2016-04-02,0.0
2016-04-03,7.6
2016-04-04,6.2
2016-04-05,0.0
2016-04-06,0.0
2016-04-07,0.0
2016-04-08,0.0
2016-04-09,1.2
2016-04-10,0.0
2016-04-11,0.0
2016-04-12,9.4
2016-04-13,0.0
2016-04-14,9.6
2016-04-15,4.8
2016-04-16,0.0
2016-04-17,0.0
2016-04-18,0.0
2016-04-19,0.2
2016-04-20,0.4
2016-04-21,0.0
2016-04-22,0.0
2016-04-23,0.0
2016-04-24,13.8
2016-04-25,18.2
2016-04-26,7.6
2016-04-27,4.2
2016-04-28,6.2
2016-04-29,0.4
2016-04-30,0.0
2016-05-01,0.0
2016-05-02,0.0
2016-05-03,0.0
2016-05-04,0.0
2016-05-05,0.6
2016-05-06,0.0
2016-05-07,0.0
2016-05-08,0.0
2016-05-09,0.0
2016-05-10,0.0
2016-05-11,8.0
2016-05-12,0.0
2016-05-13,0.8
2016-05-14,16.4
2016-05-15,0.0
2016-05-16,31.6
2016-05-17,0.0
2016-05-18,54.8
2016-05-19,0.0
2016-05-20,2.8
2016-05-21,10.6
2016-05-22,25.6
2016-05-23,1.8
2016-05-24,0.0
2016-05-25,0.0
2016-05-26,0.0
2016-05-27,0.0
2016-05-28,29.8
2016-05-29,0.0
2016-05-30,11.0
2016-05-31,0.0
2016-06-01,0.8
2016-06-02,0.0
2016-06-03,0.0
2016-06-04,3.8
2016-06-05,0.0
2016-06-06,0.0
2016-06-07,0.0
2016-06-08,3.8
2016-06-09,0.6
2016-06-10,0.0
2016-06-11,16.2
2016-06-12,0.0
2016-06-13,7.2
2016-06-14,0.2
2016-06-15,34.6
2016-06-16,6.4
2016-06-17,18.4
2016-06-18,0.4
2016-06-19,0.0
2016-06-20,0.0
2016-06-21,0.0
2016-06-22,2.2
2016-06-23,0.0
2016-06-24,67.8
2016-06-25,0.0
2016-06-26,0.8
2016-06-27,0.0
2016-06-28,0.0
2016-06-29,0.0
2016-06-30,0.0
2016-07-01,0.0
2016-07-02,0.0
2016-07-03,0.0
2016-07-04,0.0
2016-07-05,0.0
2016-07-06,1.2
2016-07-07,0.8
2016-07-08,4.4
2016-07-09,0.0
2016-07-10,0.0
2016-07-11,1.4
2016-07-12,0.0
2016-07-13,1.2
2016-07-14,0.8
2016-07-15,0.4
2016-07-16,1.6
2016-07-17,0.4
2016-07-18,44.0
2016-07-19,0.4
2016-07-20,11.8
2016-07-21,59.4
2016-07-22,28.8
2016-07-23,4.8
2016-07-24,0.8
2016-07-25,0.2
2016-07-26,1.6
2016-07-27,0.0
2016-07-28,0.0
2016-07-29,0.0
2016-07-30,0.6
2016-07-31,4.0
2016-08-01,22.2
2016-08-02,0.0
2016-08-03,7.0
2016-08-04,0.0
2016-08-05,0.2
2016-08-06,4.6
2016-08-07,0.0
2016-08-08,0.0
2016-08-09,0.0
2016-08-10,0.0
2016-08-11,3.6
2016-08-12,3.4
2016-08-13,0.0
2016-08-14,0.2
2016-08-15,0.0
2016-08-16,0.0
2016-08-17,2.2
2016-08-18,0.0
2016-08-19,11.2
2016-08-20,0.0
2016-08-21,30.6
2016-08-22,0.2
2016-08-23,18.2
2016-08-24,13.4
2016-08-25,0.0
2016-08-26,0.0
2016-08-27,0.0
2016-08-28,0.0
2016-08-29,10.6
2016-08-30,11.6
2016-08-31,0.0
2016-09-01,3.6
2016-09-02,0.0
2016-09-03,0.0
2016-09-04,1.8
2016-09-05,12.6
2016-09-06,1.0
2016-09-07,5.0
2016-09-08,0.0
2016-09-09,6.6
2016-09-10,2.8
2016-09-11,0.2
2016-09-12,3.4
2016-09-13,0.0
2016-09-14,34.0
2016-09-15,0.0
2016-09-16,15.2
2016-09-17,0.0
2016-09-18,7.2
2016-09-19,15.8
2016-09-20,0.0
2016-09-21,2.5
2016-09-22,0.0
2016-09-23,0.0
2016-09-24,0.0
2016-09-25,0.0
2016-09-26,0.0
2016-09-27,0.0
2016-09-28,0.0
2016-09-29,0.0
2016-09-30,7.2
2016-10-01,0.0
2016-10-02,0.0
2016-10-03,75.4
2016-10-04,0.0
2016-10-05,0.0
2016-10-06,0.4
2016-10-07,22.2
2016-10-08,0.0
2016-10-09,0.0
2016-10-10,0.0
2016-10-11,0.0
2016-10-12,0.2
2016-10-13,0.0
2016-10-14,1.6
2016-10-15,0.0
2016-10-16,5.0
2016-10-17,0.0
2016-10-18,0.0
2016-10-19,22.4
2016-10-20,0.0
2016-10-21,1.0
2016-10-22,4.2
2016-10-23,0.8
2016-10-24,7.0
2016-10-25,15.0
2016-10-26,1.6
2016-10-27,14.6
2016-10-28,0.0
2016-10-29,9.2
2016-10-30,0.4
2016-10-31,0.0
2016-11-01,35.0
2016-11-02,1.0
2016-11-03,19.2
2016-11-04,0.0
2016-11-05,4.4
2016-11-06,0.0
2016-11-07,1.2
2016-11-08,0.0
2016-11-09,64.4
2016-11-10,11.0
2016-11-11,5.6
2016-11-12,8.8
2016-11-13,0.0
2016-11-14,65.6
2016-11-15,0.0
2016-11-16,30.2
2016-11-17,29.4
2016-11-18,1.0
2016-11-19,0.8
2016-11-20,1.8
2016-11-21,0.0
2016-11-22,1.4
2016-11-23,1.2
2016-11-24,0.0
2016-11-25,2.8
2016-11-26,4.6
2016-11-27,0.0
2016-11-28,0.0
2016-11-29,0.8
2016-11-30,0.0
2016-12-01,18.4
2016-12-02,1.2
2016-12-03,1.0
2016-12-04,18.6
2016-12-05,0.8
2016-12-06,21.6
2016-12-07,33.4
2016-12-08,0.0
2016-12-09,23.4
2016-12-10,2.0
2016-12-11,7.6
2016-12-12,0.0
2016-12-13,0.0
2016-12-14,0.2
2016-12-15,0.0
2016-12-16,2.4
2016-12-17,29.6
2016-12-18,2.4
2016-12-19,6.0
2016-12-20,0.0
2016-12-21,3.0
2016-12-22,12.2
2016-12-23,19.6
2016-12-24,73.0
2016-12-25,10.4
2016-12-26,0.0
2016-12-27,0.6
2016-12-28,3.8
2016-12-29,0.0
2016-12-30,1.4
2016-12-31,0.0
2017-01-01,0.8
2017-01-02,0.0
2017-01-03,0.6
2017-01-04,2.8
2017-01-05,0.6
2017-01-06,0.0
2017-01-07,0.0
2017-01-08,0.8
2017-01-09,0.0
2017-01-10,3.0
2017-01-11,26.4
2017-01-12,0.0
2017-01-13,0.0
2017-01-14,0.4
2017-01-15,10.8
2017-01-16,3.0
2017-01-17,0.0
2017-01-18,6.0
2017-01-19,16.6
2017-01-20,4.6
2017-01-21,5.6
2017-01-22,31.4
2017-01-23,60.6
2017-01-24,17.4
2017-01-25,0.0
2017-01-26,1.8
2017-01-27,0.0
2017-01-28,1.4
2017-01-29,0.6
2017-01-30,2.6
2017-01-31,0.0
2017-02-01,0.0
2017-02-02,1.4
2017-02-03,25.4
2017-02-04,15.0
2017-02-05,23.4
2017-02-06,5.4
2017-02-07,21.0
2017-02-08,4.6
2017-02-09,0.0
2017-02-10,0.0
2017-02-11,0.0
2017-02-12,5.2
2017-02-13,1.6
2017-02-14,0.2
2017-02-15,16.4
2017-02-16,0.8
2017-02-17,0.0
2017-02-18,0.0
2017-02-19,0.0
2017-02-20,0.0
2017-02-21,0.0
2017-02-22,0.0
2017-02-23,3.6
2017-02-24,31.2
2017-02-25,0.0
2017-02-26,0.0
2017-02-27,0.0
2017-02-28,4.0
2017-03-01,22.0
2017-03-02,0.4
2017-03-03,10.4
2017-03-04,14.6
2017-03-05,0.0
2017-03-06,0.0
2017-03-07,0.0
2017-03-08,0.0
2017-03-09,0.0
2017-03-10,0.0
2017-03-11,0.0
2017-03-12,0.0
2017-03-13,0.0
2017-03-14,0.0
2017-03-15,0.0
2017-03-16,0.0
2017-03-17,0.0
2017-03-18,0.0
2017-03-19,0.0
2017-03-20,21.4
2017-03-21,0.0
2017-03-22,0.4
2017-03-23,0.0
2017-03-24,0.0
2017-03-25,0.0
2017-03-26,0.0
2017-03-27,5.0
2017-03-28,30.2
2017-03-29,2.4
2017-03-30,19.2
2017-03-31,10.6
2017-04-01,7.6
2017-04-02,2.6
2017-04-03,1.4
2017-04-04,2.2
2017-04-05,0.0
2017-04-06,0.6
2017-04-07,37.8
2017-04-08,1.6
2017-04-09,6.2
2017-04-10,0.0
2017-04-11,11.8
2017-04-12,22.0
2017-04-13,0.6
2017-04-14,0.2
2017-04-15,0.0
2017-04-16,0.0
2017-04-17,0.0
2017-04-18,11.6
2017-04-19,0.2
2017-04-20,0.0
2017-04-21,18.0
2017-04-22,0.4
2017-04-23,7.6
2017-04-24,30.4
2017-04-25,2.4
2017-04-26,2.2
2017-04-27,0.2
2017-04-28,42.8
2017-04-29,0.0
2017-04-30,0.0
2017-05-01,0.0
2017-05-02,0.0
2017-05-03,0.0
2017-05-04,2.4
2017-05-05,8.0
2017-05-06,8.0
2017-05-07,12.0
2017-05-08,0.0
2017-05-09,0.0
2017-05-10,19.2
2017-05-11,0.0
2017-05-12,0.8
2017-05-13,0.0
2017-05-14,0.0
2017-05-15,0.6
2017-05-16,4.0
2017-05-17,0.0
2017-05-18,4.0
2017-05-19,0.0
2017-05-20,0.0
2017-05-21,27.2
2017-05-22,9.8
2017-05-23,0.0
2017-05-24,11.0
2017-05-25,0.0
2017-05-26,25.8
2017-05-27,0.0
2017-05-28,0.0
2017-05-29,0.0
2017-05-30,13.8
2017-05-31,44.8
2017-06-01,8.2
2017-06-02,0.0
2017-06-03,0.0
2017-06-04,0.0
2017-06-05,0.0
2017-06-06,0.0
2017-06-07,0.0
2017-06-08,0.0
2017-06-09,0.0
2017-06-10,0.0
2017-06-11,0.2
2017-06-12,0.0
2017-06-13,0.2
2017-06-14,0.0
2017-06-15,0.0
2017-06-16,8.0
2017-06-17,0.0
2017-06-18,13.8
2017-06-19,0.0
2017-06-20,0.0
2017-06-21,20.2
2017-06-22,0.0
2017-06-23,29.6
2017-06-24,0.0
2017-06-25,22.8
2017-06-26,1.6
2017-06-27,1.4
2017-06-28,0.0
2017-06-29,0.0
2017-06-30,0.0
2017-07-01,0.0
2017-07-02,0.2
2017-07-03,0.0
2017-07-04,0.0
2017-07-05,23.2
2017-07-06,0.0
2017-07-07,0.0
2017-07-08,8.8
2017-07-09,0.6
2017-07-10,0.0
2017-07-11,30.6
2017-07-12,4.6
2017-07-13,6.4
2017-07-14,3.2
2017-07-15,0.0
2017-07-16,0.0
2017-07-17,0.0
2017-07-18,0.0
2017-07-19,0.0
2017-07-20,0.0
2017-07-21,0.0
2017-07-22,0.0
2017-07-23,0.0
2017-07-24,0.0
2017-07-25,0.0
2017-07-26,2.4
2017-07-27,0.0
2017-07-28,0.0
2017-07-29,0.0
2017-07-30,0.0
2017-07-31,0.0
2017-08-01,1.6
2017-08-02,0.0
2017-08-03,0.0
2017-08-04,0.0
2017-08-05,0.0
2017-08-06,0.0
2017-08-07,7.2
2017-08-08,7.0
2017-08-09,2.0
2017-08-10,0.0
2017-08-11,1.2
2017-08-12,3.0
2017-08-13,1.0
2017-08-14,0.2
2017-08-15,0.2
2017-08-16,0.0
2017-08-17,14.0
2017-08-18,29.4
2017-08-19,4.8
2017-08-20,0.0
2017-08-21,0.0
2017-08-22,5.2
2017-08-23,0.0
2017-08-24,0.0
2017-08-25,1.2
2017-08-26,0.0
2017-08-27,1.8
2017-08-28,3.2
2017-08-29,0.6
2017-08-30,0.6
2017-08-31,0.0
2017-09-01,0.0
2017-09-02,0.0
2017-09-03,0.0
2017-09-04,0.4
2017-09-05,10.4
2017-09-06,20.2
2017-09-07,0.0
2017-09-08,0.0
2017-09-09,2.6
2017-09-10,3.8
2017-09-11,14.0
2017-09-12,0.0
2017-09-13,0.0
2017-09-14,0.0
2017-09-15,0.0
2017-09-16,19.2
2017-09-17,3.0
2017-09-18,16.8
2017-09-19,3.8
2017-09-20,4.0
2017-09-21,3.2
2017-09-22,0.0
2017-09-23,8.8
2017-09-24,3.2
2017-09-25,0.0
2017-09-26,1.0
2017-09-27,1.8
2017-09-28,0.2
2017-09-29,8.4
2017-09-30,0.4
2017-10-01,2.2
2017-10-02,0.2
2017-10-03,3.2
2017-10-04,7.8
2017-10-05,0.2
2017-10-06,0.0
2017-10-07,2.0
2017-10-08,16.8
2017-10-09,31.4
2017-10-10,7.0
2017-10-11,2.2
2017-10-12,11.6
2017-10-13,1.0
2017-10-14,0.0
2017-10-15,0.0
2017-10-16,0.0
2017-10-17,0.2
2017-10-18,0.0
2017-10-19,0.0
2017-10-20,0.0
2017-10-21,0.2
2017-10-22,0.4
2017-10-23,0.0
2017-10-24,8.2
2017-10-25,0.8
2017-10-26,10.6
2017-10-27,4.0
2017-10-28,0.0
2017-10-29,8.2
2017-10-30,0.0
2017-10-31,3.4
2017-11-01,0.6
2017-11-02,0.0
2017-11-03,1.4
2017-11-04,6.4
2017-11-05,0.8
2017-11-06,42.6
2017-11-07,1.8
2017-11-08,0.2
2017-11-09,33.2
2017-11-10,21.8
2017-11-11,10.6
2017-11-12,19.6
2017-11-13,4.2
2017-11-14,45.0
2017-11-15,0.0
2017-11-16,18.0
2017-11-17,3.2
2017-11-18,11.4
2017-11-19,0.2
2017-11-20,11.2
2017-11-21,13.8
2017-11-22,0.0
2017-11-23,6.2
2017-11-24,1.0
2017-11-25,0.0
2017-11-26,0.0
2017-11-27,3.4
2017-11-28,0.4
2017-11-29,14.0
2017-11-30,0.0
2017-12-01,0.0
2017-12-02,1.0
2017-12-03,0.6
2017-12-04,14.0
2017-12-05,3.2
2017-12-06,3.6
2017-12-07,32.4
2017-12-08,0.0
2017-12-09,0.6
2017-12-10,8.6
2017-12-11,9.2
2017-12-12,31.6
2017-12-13,69.8
2017-12-14,0.8
2017-12-15,19.0
2017-12-16,0.0
2017-12-17,0.0
2017-12-18,0.4
2017-12-19,0.4
2017-12-20,0.0
2017-12-21,0.0
2017-12-22,51.6
2017-12-23,4.0
2017-12-24,0.0
2017-12-25,23.0
2017-12-26,5.2
2017-12-27,15.4
2017-12-28,9.0
2017-12-29,0.0
2017-12-30,4.4
2017-12-31,63.4
2018-01-01,32.2
2018-01-02,0.8
2018-01-03,2.0
2018-01-04,0.2
2018-01-05,1.0
2018-01-06,0.0
2018-01-07,0.0
2018-01-08,45.8
2018-01-09,1.8
2018-01-10,29.8
2018-01-11,10.4
2018-01-12,9.8
2018-01-13,42.2
2018-01-14,6.8
2018-01-15,1.4
2018-01-16,0.0
2018-01-17,0.0
2018-01-18,0.0
2018-01-19,2.6
2018-01-20,22.8
2018-01-21,0.6
2018-01-22,5.6
2018-01-23,6.8
2018-01-24,1.0
2018-01-25,0.6
2018-01-26,0.6
2018-01-27,6.6
2018-01-28,12.2
2018-01-29,0.0
2018-01-30,40.8
2018-01-31,2.6
2018-02-01,0.0
2018-02-02,13.0
2018-02-03,0.0
2018-02-04,0.6
2018-02-05,0.0
2018-02-06,0.0
2018-02-07,0.0
2018-02-08,0.0
2018-02-09,0.0
2018-02-10,0.0
2018-02-11,0.0
2018-02-12,0.0
2018-02-13,0.0
2018-02-14,0.0
2018-02-15,0.2
2018-02-16,0.0
2018-02-17,0.0
2018-02-18,0.0
2018-02-19,0.0
2018-02-20,0.0
2018-02-21,0.0
2018-02-22,0.0
2018-02-23,0.8
2018-02-24,0.2
2018-02-25,0.0
2018-02-26,0.0
2018-02-27,0.0
2018-02-28,0.0
2018-03-01,0.0
2018-03-02,3.2
2018-03-03,0.0
2018-03-04,0.0
2018-03-05,0.0
2018-03-06,0.0
2018-03-07,5.8
2018-03-08,0.6
2018-03-09,0.0
2018-03-10,15.2
2018-03-11,0.0
2018-03-12,0.0
2018-03-13,0.0
2018-03-14,0.0
2018-03-15,0.0
2018-03-16,0.0
2018-03-17,0.0
2018-03-18,0.0
2018-03-19,0.0
2018-03-20,0.0
2018-03-21,0.0
2018-03-22,0.0
2018-03-23,0.0
2018-03-24,0.0
2018-03-25,7.0
2018-03-26,0.0
2018-03-27,10.2
2018-03-28,1.2
2018-03-29,0.2
2018-03-30,0.8
2018-03-31,0.4
2018-04-01,0.8
2018-04-02,0.0
2018-04-03,0.0
2018-04-04,0.0
2018-04-05,0.0
2018-04-06,3.8
2018-04-07,1.4
2018-04-08,0.0
2018-04-09,0.0
2018-04-10,0.0
2018-04-11,0.0
2018-04-12,0.0
2018-04-13,0.0
2018-04-14,0.4
2018-04-15,14.0
2018-04-16,1.6
2018-04-17,0.2
2018-04-18,0.0
2018-04-19,0.6
2018-04-20,0.0
2018-04-21,0.2
2018-04-22,0.0
2018-04-23,7.4
2018-04-24,0.0
2018-04-25,0.0
2018-04-26,14.0
2018-04-27,12.0
2018-04-28,0.2
2018-04-29,0.0
2018-04-30,4.6
2018-05-01,6.8
2018-05-02,0.6
2018-05-03,14.2
2018-05-04,0.0
2018-05-05,0.0
2018-05-06,0.0
2018-05-07,0.0
2018-05-08,0.0
2018-05-09,0.0
2018-05-10,0.0
2018-05-11,0.0
2018-05-12,0.2
2018-05-13,1.2
2018-05-14,0.0
2018-05-15,0.8
2018-05-16,5.0
2018-05-17,0.0
2018-05-18,1.2
2018-05-19,3.0
2018-05-20,0.2
2018-05-21,1.0
2018-05-22,0.0
2018-05-23,35.4
2018-05-24,0.8
2018-05-25,0.0
2018-05-26,10.0
2018-05-27,1.2
2018-05-28,47.4
2018-05-29,0.2
2018-05-30,0.2
2018-05-31,2.8
2018-06-01,24.2
2018-06-02,46.8
2018-06-03,0.0
2018-06-04,0.4
2018-06-05,0.0
2018-06-06,0.0
2018-06-07,0.0
2018-06-08,3.8
2018-06-09,0.0
2018-06-10,0.0
2018-06-11,0.0
2018-06-12,0.0
2018-06-13,1.4
2018-06-14,3.2
2018-06-15,6.8
2018-06-16,0.0
2018-06-17,0.4
2018-06-18,9.4
2018-06-19,0.6
2018-06-20,21.2
2018-06-21,0.6
2018-06-22,0.0
2018-06-23,0.6
2018-06-24,0.0
2018-06-25,15.2
2018-06-26,31.4
2018-06-27,10.6
2018-06-28,0.0
2018-06-29,6.0
2018-06-30,0.0
2018-07-01,1.8
2018-07-02,0.0
2018-07-03,31.4
2018-07-04,0.0
2018-07-05,0.0
2018-07-06,0.0
2018-07-07,32.4
2018-07-08,0.0
2018-07-09,0.0
2018-07-10,13.8
2018-07-11,0.0
2018-07-12,0.0
2018-07-13,0.0
2018-07-14,19.2
2018-07-15,25.6
2018-07-16,0.0
2018-07-17,0.0
2018-07-18,0.0
2018-07-19,8.0
2018-07-20,1.0
2018-07-21,0.0
2018-07-22,0.0
2018-07-23,0.0
2018-07-24,0.0
2018-07-25,5.2
2018-07-26,0.0
2018-07-27,0.0
2018-07-28,0.0
2018-07-29,0.0
2018-07-30,4.8
2018-07-31,0.0
2018-08-01,4.2
2018-08-02,0.0
2018-08-03,0.0
2018-08-04,27.2
2018-08-05,2.2
2018-08-06,0.0
2018-08-07,0.0
2018-08-08,6.8
2018-08-09,0.0
2018-08-10,0.0
2018-08-11,0.0
2018-08-12,0.0
2018-08-13,0.0
2018-08-14,0.0
2018-08-15,0.0
2018-08-16,0.0
2018-08-17,3.0
2018-08-18,0.0
2018-08-19,0.8
2018-08-20,0.0
2018-08-21,0.0
2018-08-22,31.6
2018-08-23,5.0
2018-08-24,34.6
2018-08-25,0.0
2018-08-26,0.0
2018-08-27,0.0
2018-08-28,0.0
2018-08-29,0.0
2018-08-30,6.0
2018-08-31,0.2
2018-09-01,0.0
2018-09-02,7.6
2018-09-03,2.6
2018-09-04,27.8
2018-09-05,0.0
2018-09-06,0.0
2018-09-07,6.0
2018-09-08,45.0
2018-09-09,15.4
2018-09-10,2.4
2018-09-11,1.0
2018-09-12,0.0
2018-09-13,0.0
2018-09-14,0.0
2018-09-15,0.0
2018-09-16,0.0
2018-09-17,0.0
2018-09-18,1.2
2018-09-19,0.2
2018-09-20,3.6
2018-09-21,26.0
2018-09-22,5.6
2018-09-23,0.0
2018-09-24,0.0
2018-09-25,0.0
2018-09-26,0.0
2018-09-27,0.0
2018-09-28,0.0
2018-09-29,0.0
2018-09-30,0.0
2018-10-01,0.0
2018-10-02,0.0
2018-10-03,0.0
2018-10-04,0.0
2018-10-05,0.0
2018-10-06,8.8
2018-10-07,11.0
2018-10-08,4.8
2018-10-09,45.4
2018-10-10,60.6
2018-10-11,1.2
2018-10-12,58.8
2018-10-13,2.4
2018-10-14,4.2
2018-10-15,0.0
2018-10-16,0.0
2018-10-17,8.2
2018-10-18,4.6
2018-10-19,4.8
2018-10-20,9.2
2018-10-21,0.0
2018-10-22,0.0
2018-10-23,0.0
2018-10-24,0.8
2018-10-25,0.0
2018-10-26,0.0
2018-10-27,3.6
2018-10-28,5.2
2018-10-29,0.4
2018-10-30,0.4
2018-10-31,0.0
2018-11-01,0.2
2018-11-02,7.8
2018-11-03,0.4
2018-11-04,3.4
2018-11-05,0.4
2018-11-06,3.8
2018-11-07,12.0
2018-11-08,5.4
2018-11-09,1.6
2018-11-10,0.0
2018-11-11,0.8
2018-11-12,12.4
2018-11-13,2.4
2018-11-14,2.0
2018-11-15,4.6
2018-11-16,0.8
2018-11-17,18.4
2018-11-18,7.4
2018-11-19,20.6
2018-11-20,4.0
2018-11-21,13.2
2018-11-22,2.0
2018-11-23,4.0
2018-11-24,0.0
2018-11-25,4.8
2018-11-26,14.4
2018-11-27,9.6
2018-11-28,0.0
2018-11-29,5.6
2018-11-30,7.6
2018-12-01,7.0
2018-12-02,0.4
2018-12-03,2.6
2018-12-04,0.0
2018-12-05,2.8
2018-12-06,4.6
2018-12-07,1.0
2018-12-08,0.0
2018-12-09,0.0
2018-12-10,0.2
2018-12-11,33.2
2018-12-12,0.2
2018-12-13,0.0
2018-12-14,0.0
2018-12-15,0.0
2018-12-16,43.8
2018-12-17,0.0
2018-12-18,0.2
2018-12-19,0.2
2018-12-20,15.6
2018-12-21,3.2
2018-12-22,0.0
2018-12-23,0.6
2018-12-24,0.0
2018-12-25,0.2
2018-12-26,0.2
2018-12-27,0.0
2018-12-28,0.0
2018-12-29,0.0
2018-12-30,17.4
2018-12-31,39.2
2019-01-01,0.0
2019-01-02,0.0
2019-01-03,0.0
2019-01-04,0.0
2019-01-05,0.0
2019-01-06,0.0
2019-01-07,0.0
2019-01-08,0.6
2019-01-09,0.0
2019-01-10,0.0
2019-01-11,5.8
2019-01-12,0.0
2019-01-13,0.0
2019-01-14,0.0
2019-01-15,0.0
2019-01-16,0.0
2019-01-17,16.2
2019-01-18,38.2
2019-01-19,0.0
2019-01-20,0.0
2019-01-21,1.4
2019-01-22,0.0
2019-01-23,0.2
2019-01-24,0.0
2019-01-25,0.4
2019-01-26,0.0
2019-01-27,0.0
2019-01-28,0.6
2019-01-29,0.2
2019-01-30,0.0
2019-01-31,0.0
2019-02-01,0.0
2019-02-02,0.2
2019-02-03,0.0
2019-02-04,0.0
2019-02-05,0.0
2019-02-06,0.0
2019-02-07,0.0
2019-02-08,0.0
2019-02-09,0.0
2019-02-10,0.0
2019-02-11,0.0
2019-02-12,0.0
2019-02-13,0.0
2019-02-14,0.0
2019-02-15,0.0
2019-02-16,0.0
2019-02-17,9.2
2019-02-18,8.6
2019-02-19,13.4
2019-02-20,0.0
2019-02-21,0.0
2019-02-22,0.0
2019-02-23,0.0
2019-02-24,0.0
2019-02-25,0.0
2019-02-26,0.0
2019-02-27,0.2
2019-02-28,0.0
2019-03-01,0.0
2019-03-02,0.0
2019-03-03,0.0
2019-03-04,0.0
2019-03-05,0.0
2019-03-06,0.0
2019-03-07,0.0
2019-03-08,0.0
2019-03-09,0.0
2019-03-10,0.0
2019-03-11,25.8
2019-03-12,1.2
2019-03-13,0.0
2019-03-14,0.0
2019-03-15,0.0
2019-03-16,0.0
2019-03-17,0.0
2019-03-18,0.0
2019-03-19,0.0
2019-03-20,0.0
2019-03-21,8.8
2019-03-22,0.0
2019-03-23,0.0
2019-03-24,0.0
2019-03-25,6.6
2019-03-26,0.8
2019-03-27,0.0
2019-03-28,29.0
2019-03-29,0.0
2019-03-30,0.0
2019-03-31,0.0
2019-04-01,26.0
2019-04-02,0.0
2019-04-03,31.0
2019-04-04,0.0
2019-04-05,0.0
2019-04-06,0.0
2019-04-07,0.0
2019-04-08,0.0
2019-04-09,0.0
2019-04-10,6.0
2019-04-11,31.2
2019-04-12,0.0
2019-04-13,0.0
2019-04-14,0.0
2019-04-15,0.2
2019-04-16,0.0
2019-04-17,0.0
2019-04-18,0.0
2019-04-19,0.0
2019-04-20,21.2
2019-04-21,0.0
2019-04-22,0.0
2019-04-23,0.0
2019-04-24,0.0
2019-04-25,0.0
2019-04-26,52.4
2019-04-27,6.2
2019-04-28,0.6
2019-04-29,0.0
2019-04-30,0.0
2019-05-01,0.0
2019-05-02,3.8
2019-05-03,0.0
2019-05-04,0.2
2019-05-05,3.2
2019-05-06,0.0
2019-05-07,0.0
2019-05-08,15.4
2019-05-09,0.0
2019-05-10,5.6
2019-05-11,11.0
2019-05-12,0.0
2019-05-13,0.0
2019-05-14,0.2
2019-05-15,0.8
2019-05-16,0.0
2019-05-17,17.2
2019-05-18,0.0
2019-05-19,0.2
2019-05-20,0.0
2019-05-21,6.0
2019-05-22,0.0
2019-05-23,0.0
2019-05-24,0.0
2019-05-25,0.0
2019-05-26,0.0
2019-05-27,0.0
2019-05-28,0.0
2019-05-29,0.0
2019-05-30,5.0
2019-05-31,0.4
2019-06-01,0.0
2019-06-02,13.6
2019-06-03,37.6
2019-06-04,0.0
2019-06-05,0.0
2019-06-06,4.0
2019-06-07,10.6
2019-06-08,0.6
2019-06-09,0.2
2019-06-10,0.0
2019-06-11,0.0
2019-06-12,18.2
2019-06-13,2.8
2019-06-14,5.0
2019-06-15,0.0
2019-06-16,0.0
2019-06-17,0.0
2019-06-18,9.8
2019-06-19,1.4
2019-06-20,4.4
2019-06-21,28.0
2019-06-22,18.6
2019-06-23,0.0
2019-06-24,0.6
2019-06-25,0.0
2019-06-26,0.0
2019-06-27,0.0
2019-06-28,0.0
2019-06-29,18.4
2019-06-30,0.0
2019-07-01,0.0
2019-07-02,0.0
2019-07-03,0.2
2019-07-04,0.0
2019-07-05,0.0
2019-07-06,0.2
2019-07-07,0.0
2019-07-08,1.2
2019-07-09,0.6
2019-07-10,0.0
2019-07-11,0.0
2019-07-12,0.0
2019-07-13,0.0
2019-07-14,0.0
2019-07-15,2.0
2019-07-16,0.6
2019-07-17,0.0
2019-07-18,0.0
2019-07-19,0.0
2019-07-20,0.0
2019-07-21,0.0
2019-07-22,0.0
2019-07-23,6.6
2019-07-24,0.0
2019-07-25,0.0
2019-07-26,0.0
2019-07-27,0.0
2019-07-28,0.8
2019-07-29,0.0
2019-07-30,0.0
2019-07-31,0.0
2019-08-01,0.0
2019-08-02,0.0
2019-08-03,0.0
2019-08-04,0.0
2019-08-05,0.0
2019-08-06,1.6
2019-08-07,2.4
2019-08-08,0.0
2019-08-09,0.0
2019-08-10,0.0
2019-08-11,0.0
2019-08-12,0.0
2019-08-13,0.0
2019-08-14,0.0
2019-08-15,0.0
2019-08-16,0.0
2019-08-17,0.0
2019-08-18,0.0
2019-08-19,0.0
2019-08-20,0.0
2019-08-21,0.0
2019-08-22,0.0
2019-08-23,0.0
2019-08-24,0.0
2019-08-25,3.8
2019-08-26,2.2
2019-08-27,1.2
2019-08-28,0.6
2019-08-29,0.0
2019-08-30,0.0
2019-08-31,0.0
2019-09-01,0.0
2019-09-02,0.0
2019-09-03,0.0
2019-09-04,0.0
2019-09-05,0.0
2019-09-06,0.0
2019-09-07,0.0
2019-09-08,0.0
2019-09-09,0.0
2019-09-10,0.0
2019-09-11,0.0
2019-09-12,0.0
2019-09-13,0.0
2019-09-14,0.0
2019-09-15,0.0
2019-09-16,0.0
2019-09-17,0.0
2019-09-18,0.0
2019-09-19,0.0
2019-09-20,0.0
2019-09-21,0.0
2019-09-22,0.0
2019-09-23,3.8
2019-09-24,1.2
2019-09-25,16.4
2019-09-26,0.0
2019-09-27,0.0
2019-09-28,0.0
2019-09-29,0.0
2019-09-30,1.4
2019-10-01,1.6
2019-10-02,4.0
2019-10-03,0.0
2019-10-04,0.8
2019-10-05,0.6
2019-10-06,7.6
2019-10-07,12.4
2019-10-08,0.0
2019-10-09,0.0
2019-10-10,0.0
2019-10-11,0.0
2019-10-12,0.2
2019-10-13,0.0
2019-10-14,0.0
2019-10-15,0.0
2019-10-16,1.6
2019-10-17,0.2
2019-10-18,0.0
2019-10-19,0.0
2019-10-20,6.2
2019-10-21,0.0
2019-10-22,28.8
2019-10-23,0.6
2019-10-24,0.0
2019-10-25,0.0
2019-10-26,4.8
2019-10-27,92.2
2019-10-28,15.2
2019-10-29,0.0
2019-10-30,0.0
2019-10-31,0.0
2019-11-01,14.8
2019-11-02,0.0
2019-11-03,0.0
2019-11-04,3.8
2019-11-05,0.0
2019-11-06,0.2
2019-11-07,0.0
2019-11-08,1.4
2019-11-09,0.0
2019-11-10,0.0
2019-11-11,0.0
2019-11-12,0.0
2019-11-13,0.0
2019-11-14,0.0
2019-11-15,1.2
2019-11-16,0.0
2019-11-17,0.0
2019-11-18,0.2
2019-11-19,0.0
2019-11-20,4.0
2019-11-21,0.8
2019-11-22,0.4
2019-11-23,0.4
2019-11-24,16.6
2019-11-25,0.0
2019-11-26,0.0
2019-11-27,1.8
2019-11-28,9.0
2019-11-29,73.4
2019-11-30,9.4
2019-12-01,0.0
2019-12-02,59.6
2019-12-03,0.0
2019-12-04,0.0
2019-12-05,0.0
2019-12-06,0.0
2019-12-07,0.2
2019-12-08,3.0
2019-12-09,74.2
2019-12-10,22.2
2019-12-11,33.2
2019-12-12,3.4
2019-12-13,64.2
2019-12-14,43.8
2019-12-15,62.8
2019-12-16,0.0
2019-12-17,13.4
2019-12-18,34.8
2019-12-19,0.0
2019-12-20,0.0
2019-12-21,3.9
2019-12-22,0.0
2019-12-23,2.8
2019-12-24,0.0
2019-12-25,0.0
2019-12-26,0.0
2019-12-27,0.0
2019-12-28,0.0
2019-12-29,0.0
2019-12-30,0.0
2019-12-31,0.0
2020-01-01,0.0
2020-01-02,0.0
2020-01-03,0.0
2020-01-04,0.0
2020-01-05,0.0
2020-01-06,11.0
2020-01-07,4.8
2020-01-08,0.0
2020-01-09,0.0
2020-01-10,2.4
2020-01-11,0.0
2020-01-12,0.0
2020-01-13,0.0
2020-01-14,0.0
2020-01-15,0.0
2020-01-16,0.0
2020-01-17,0.0
2020-01-18,0.0
2020-01-19,0.0
2020-01-20,0.0
2020-01-21,14.2
2020-01-22,0.0
2020-01-23,0.0
2020-01-24,0.0
2020-01-25,0.0
2020-01-26,0.0
2020-01-27,38.0
2020-01-28,0.0
2020-01-29,18.0
2020-01-30,0.0
2020-01-31,0.0
2020-02-01,0.0
2020-02-02,0.0
2020-02-03,0.0
2020-02-04,0.0
2020-02-05,0.0
2020-02-06,0.0
2020-02-07,0.0
2020-02-08,0.0
2020-02-09,14.6
2020-02-10,0.0
2020-02-11,23.8
2020-02-12,0.0
2020-02-13,0.0
2020-02-14,0.0
2020-02-15,0.0
2020-02-16,0.0
2020-02-17,0.0
2020-02-18,1.6
2020-02-19,0.6
2020-02-20,3.6
2020-02-21,15.8
2020-02-22,0.4
2020-02-23,0.0
2020-02-24,4.6
2020-02-25,0.0
2020-02-26,0.0
2020-02-27,0.0
2020-02-28,0.0
2020-02-29,0.0
2020-03-01,0.0
2020-03-02,0.0
2020-03-03,0.0
2020-03-04,0.0
2020-03-05,0.0
2020-03-06,0.0
2020-03-07,27.6
2020-03-08,12.4
2020-03-09,0.0
2020-03-10,0.0
2020-03-11,0.0
2020-03-12,0.0
2020-03-13,0.0
2020-03-14,0.0
2020-03-15,0.0
2020-03-16,0.4
2020-03-17,0.0
2020-03-18,0.0
2020-03-19,0.0
2020-03-20,0.2
2020-03-21,47.4
2020-03-22,0.8
2020-03-23,19.8
2020-03-24,0.2
2020-03-25,0.0
2020-03-26,0.0
2020-03-27,0.0
2020-03-28,0.0
2020-03-29,0.0
2020-03-30,0.0
2020-03-31,0.0
2020-04-01,0.0
2020-04-02,29.6
2020-04-03,27.4
2020-04-04,0.0
2020-04-05,0.0
2020-04-06,0.0
2020-04-07,10.8
2020-04-08,16.8
2020-04-09,0.0
2020-04-10,0.0
2020-04-11,0.0
2020-04-12,0.0
2020-04-13,0.0
2020-04-14,0.0
2020-04-15,0.0
2020-04-16,0.0
2020-04-17,0.0
2020-04-18,0.0
2020-04-19,0.0
2020-04-20,0.0
2020-04-21,0.8
2020-04-22,0.0
2020-04-23,0.0
2020-04-24,3.4
2020-04-25,2.4
2020-04-26,4.4
2020-04-27,1.6
2020-04-28,27.6
2020-04-29,11.4
2020-04-30,51.8
2020-05-01,22.4
2020-05-02,0.0
2020-05-03,1.0
2020-05-04,5.2
2020-05-05,31.0
2020-05-06,15.2
2020-05-07,0.0
2020-05-08,53.8
2020-05-09,0.0
2020-05-10,0.0
2020-05-11,23.0
2020-05-12,0.0
2020-05-13,19.2
2020-05-14,0.0
2020-05-15,0.0
2020-05-16,0.0
2020-05-17,29.8
2020-05-18,0.2
2020-05-19,4.0
2020-05-20,16.2
2020-05-21,0.0
2020-05-22,4.6
2020-05-23,6.8
2020-05-24,0.0
2020-05-25,0.0
2020-05-26,2.0
2020-05-27,21.2
2020-05-28,0.0
2020-05-29,0.0
2020-05-30,0.0
2020-05-31,0.0
2020-06-01,32.4
2020-06-02,0.2
2020-06-03,16.6
2020-06-04,6.0
2020-06-05,41.0
2020-06-06,4.2
2020-06-07,0.0
2020-06-08,8.6
2020-06-09,0.0
2020-06-10,13.4
2020-06-11,0.0
2020-06-12,0.0
2020-06-13,8.6
2020-06-14,1.4
2020-06-15,0.0
2020-06-16,0.8
2020-06-17,5.4
2020-06-18,8.2
2020-06-19,2.4
2020-06-20,29.8
2020-06-21,2.0
2020-06-22,10.2
2020-06-23,30.2
2020-06-24,3.2
2020-06-25,0.0
2020-06-26,0.0
2020-06-27,0.0
2020-06-28,0.8
2020-06-29,8.4
2020-06-30,0.0
2020-07-01,0.0
2020-07-02,0.0
2020-07-03,0.0
2020-07-04,2.0
2020-07-05,0.0
2020-07-06,0.2
2020-07-07,0.4
2020-07-08,18.8
2020-07-09,1.6
2020-07-10,0.4
2020-07-11,1.6
2020-07-12,0.2
2020-07-13,10.2
2020-07-14,0.0
2020-07-15,3.0
2020-07-16,3.8
2020-07-17,0.0
2020-07-18,0.2
2020-07-19,0.0
2020-07-20,0.0
2020-07-21,0.0
2020-07-22,30.4
2020-07-23,3.8
2020-07-24,7.2
2020-07-25,11.6
2020-07-26,1.6
2020-07-27,22.2
2020-07-28,2.4
2020-07-29,16.8
2020-07-30,0.6
2020-07-31,1.8
2020-08-01,0.0
2020-08-02,0.0
2020-08-03,0.0
2020-08-04,4.8
2020-08-05,0.0
2020-08-06,0.0
2020-08-07,0.0
2020-08-08,0.0
2020-08-09,0.0
2020-08-10,0.0
2020-08-11,0.0
2020-08-12,0.0
2020-08-13,34.6
2020-08-14,13.8
2020-08-15,0.0
2020-08-16,0.0
2020-08-17,5.2
2020-08-18,2.0
2020-08-19,1.8
2020-08-20,2.2
2020-08-21,0.0
2020-08-22,2.0
2020-08-23,24.4
2020-08-24,0.0
2020-08-25,0.0
2020-08-26,4.6
2020-08-27,1.4
2020-08-28,0.0
2020-08-29,6.6
2020-08-30,0.0
2020-08-31,0.0
2020-09-01,1.2
2020-09-02,0.2
2020-09-03,0.8
2020-09-04,0.0
2020-09-05,32.8
2020-09-06,25.6
2020-09-07,0.0
2020-09-08,0.0
2020-09-09,0.0
2020-09-10,0.8
2020-09-11,3.2
2020-09-12,7.4
2020-09-13,17.0
2020-09-14,11.4
2020-09-15,0.0
2020-09-16,9.6
2020-09-17,0.0
2020-09-18,0.0
2020-09-19,0.0
2020-09-20,2.6
2020-09-21,4.6
2020-09-22,0.0
2020-09-23,0.0
2020-09-24,0.2
2020-09-25,0.8
2020-09-26,25.2
2020-09-27,4.2
2020-09-28,0.0
2020-09-29,2.6
2020-09-30,0.0
2020-10-01,0.6
2020-10-02,0.0
2020-10-03,4.2
2020-10-04,0.0
2020-10-05,0.0
2020-10-06,0.0
2020-10-07,3.8
2020-10-08,4.2
2020-10-09,0.0
2020-10-10,19.0
2020-10-11,0.0
2020-10-12,0.0
2020-10-13,0.0
2020-10-14,2.6
2020-10-15,2.0
2020-10-16,0.6
2020-10-17,0.0
2020-10-18,1.2
2020-10-19,0.0
2020-10-20,0.0
2020-10-21,4.4
2020-10-22,3.0
2020-10-23,0.0
2020-10-24,0.4
2020-10-25,14.0
2020-10-26,1.2
2020-10-27,0.0
2020-10-28,8.0
2020-10-29,0.0
2020-10-30,0.0
2020-10-31,9.6
2020-11-01,0.0
2020-11-02,48.2
2020-11-03,0.0
2020-11-04,64.2
2020-11-05,0.0
2020-11-06,0.0
2020-11-07,5.2
2020-11-08,0.2
2020-11-09,3.8
2020-11-10,10.8
2020-11-11,0.0
2020-11-12,0.0
2020-11-13,0.0
2020-11-14,4.6
2020-11-15,19.2
2020-11-16,8.6
2020-11-17,0.8
2020-11-18,0.0
2020-11-19,0.8
2020-11-20,0.2
2020-11-21,7.6
2020-11-22,17.4
2020-11-23,7.4
2020-11-24,0.2
2020-11-25,0.0
2020-11-26,5.4
2020-11-27,0.0
2020-11-28,4.2
2020-11-29,0.0
2020-11-30,11.8
2020-12-01,0.2
2020-12-02,4.6
2020-12-03,17.6
2020-12-04,0.4
2020-12-05,0.0
2020-12-06,0.0
2020-12-07,9.8
2020-12-08,0.0
2020-12-09,58.2
2020-12-10,42.2
2020-12-11,0.0
2020-12-12,30.0
2020-12-13,1.8
2020-12-14,20.6
2020-12-15,0.0
2020-12-16,12.2
2020-12-17,0.0
2020-12-18,19.4
2020-12-19,0.6
2020-12-20,1.6
2020-12-21,0.0
2020-12-22,0.0
2020-12-23,5.6
2020-12-24,7.6
2020-12-25,14.2
2020-12-26,1.2
2020-12-27,2.2
2020-12-28,0.0
2020-12-29,3.2
2020-12-30,0.0
2020-12-31,0.0
2021-01-01,134.4
2021-01-02,210.6
2021-01-03,5.6
2021-01-04,0.0
2021-01-05,4.2
2021-01-06,0.8
2021-01-07,7.2
2021-01-08,40.6
2021-01-09,23.8
2021-01-10,204.0
2021-01-11,2.4
2021-01-12,13.0
2021-01-13,2.0
2021-01-14,0.0
2021-01-15,0.0
2021-01-16,0.0
2021-01-17,0.0
2021-01-18,0.0
2021-01-19,0.0
2021-01-20,0.0
2021-01-21,0.8
2021-01-22,3.2
2021-01-23,28.4
2021-01-24,0.0
2021-01-25,0.0
2021-01-26,0.0
2021-01-27,0.0
2021-01-28,10.8
2021-01-29,0.0
2021-01-30,0.0
2021-01-31,1.0
2021-02-01,0.0
2021-02-02,0.0
2021-02-03,0.0
2021-02-04,0.0
2021-02-05,0.0
2021-02-06,0.0
2021-02-07,0.0
2021-02-08,0.0
2021-02-09,0.0
2021-02-10,0.0
2021-02-11,0.6
2021-02-12,0.4
2021-02-13,0.0
2021-02-14,0.0
2021-02-15,0.0
2021-02-16,0.0
2021-02-17,0.0
2021-02-18,0.0
2021-02-19,0.0
2021-02-20,0.0
2021-02-21,0.0
2021-02-22,0.0
2021-02-23,0.0
2021-02-24,0.0
2021-02-25,0.0
2021-02-26,0.0
2021-02-27,0.0
2021-02-28,0.0
2021-03-01,0.0
2021-03-02,0.0
2021-03-03,0.0
2021-03-04,0.0
2021-03-05,0.0
2021-03-06,0.0
2021-03-07,36.4
2021-03-08,0.0
2021-03-09,0.0
2021-03-10,0.0
2021-03-11,0.0
2021-03-12,3.8
2021-03-13,0.0
2021-03-14,12.0
2021-03-15,19.4
2021-03-16,1.4
2021-03-17,0.6
2021-03-18,0.0
2021-03-19,0.0
2021-03-20,0.6
2021-03-21,0.0
2021-03-22,0.0
2021-03-23,1.2
2021-03-24,38.0
2021-03-25,1.6
2021-03-26,0.0
2021-03-27,13.2
2021-03-28,0.0
2021-03-29,8.8
2021-03-30,11.8
2021-03-31,33.6
2021-04-01,0.0
2021-04-02,11.4
2021-04-03,2.0
2021-04-04,42.0
2021-04-05,33.8
2021-04-06,0.0
2021-04-07,0.0
2021-04-08,33.0
2021-04-09,0.2
2021-04-10,0.0
2021-04-11,0.0
2021-04-12,12.4
2021-04-13,0.0
2021-04-14,0.0
2021-04-15,18.4
2021-04-16,0.2
2021-04-17,83.8
2021-04-18,0.0
2021-04-19,0.0
2021-04-20,0.0
2021-04-21,0.0
2021-04-22,10.8
2021-04-23,0.0
2021-04-24,32.0
2021-04-25,0.0
2021-04-26,8.8
2021-04-27,1.6
2021-04-28,0.0
2021-04-29,0.0
2021-04-30,0.0
2021-05-01,0.2
2021-05-02,0.0
2021-05-03,0.0
2021-05-04,0.0
2021-05-05,0.0
2021-05-06,23.2
2021-05-07,0.2
2021-05-08,0.0
2021-05-09,6.8
2021-05-10,0.0
2021-05-11,0.0
2021-05-12,34.8
2021-05-13,0.0
2021-05-14,39.8
2021-05-15,20.6
2021-05-16,0.0
2021-05-17,5.6
2021-05-18,25.8
2021-05-19,3.0
2021-05-20,0.0
2021-05-21,49.8
2021-05-22,0.0
2021-05-23,0.0
2021-05-24,0.0
2021-05-25,0.0
2021-05-26,0.0
2021-05-27,1.0
2021-05-28,0.0
2021-05-29,35.0
2021-05-30,0.0
2021-05-31,0.0
2021-06-01,0.0
2021-06-02,0.4
2021-06-03,1.2
2021-06-04,0.0
2021-06-05,0.6
2021-06-06,0.0
2021-06-07,0.8
2021-06-08,0.0
2021-06-09,2.4
2021-06-10,1.0
2021-06-11,0.2
2021-06-12,3.6
2021-06-13,15.2
2021-06-14,0.0
2021-06-15,1.8
2021-06-16,0.0
2021-06-17,0.0
2021-06-18,23.8
2021-06-19,0.0
2021-06-20,1.6
2021-06-21,0.2
2021-06-22,0.2
2021-06-23,0.0
2021-06-24,6.8
2021-06-25,6.2
2021-06-26,11.4
2021-06-27,0.4
2021-06-28,0.2
2021-06-29,15.4
2021-06-30,0.0
2021-07-01,2.2
2021-07-02,0.0
2021-07-03,25.4
2021-07-04,3.0
2021-07-05,1.6
2021-07-06,0.0
2021-07-07,0.0
2021-07-08,0.0
2021-07-09,0.0
2021-07-10,11.2
2021-07-11,21.8
2021-07-12,43.2
2021-07-13,75.0
2021-07-14,0.4
2021-07-15,0.0
2021-07-16,0.0
2021-07-17,0.0
2021-07-18,0.0
2021-07-19,0.2
2021-07-20,0.0
2021-07-21,0.0
2021-07-22,0.0
2021-07-23,2.2
2021-07-24,0.0
2021-07-25,0.0
2021-07-26,0.0
2021-07-27,0.0
2021-07-28,0.0
2021-07-29,0.0
2021-07-30,0.0
2021-07-31,9.6
2021-08-01,20.4
2021-08-02,0.2
2021-08-03,7.2
2021-08-04,1.4
2021-08-05,0.0
2021-08-06,0.0
2021-08-07,1.8
2021-08-08,0.4
2021-08-09,0.0
2021-08-10,0.0
2021-08-11,1.6
2021-08-12,7.0
2021-08-13,0.2
2021-08-14,16.6
2021-08-15,3.0
2021-08-16,0.4
2021-08-17,5.0
2021-08-18,3.2
2021-08-19,29.4
2021-08-20,71.4
2021-08-21,0.6
2021-08-22,15.2
2021-08-23,0.0
2021-08-24,13.2
2021-08-25,0.2
2021-08-26,18.0
2021-08-27,0.0
2021-08-28,0.0
2021-08-29,18.6
2021-08-30,39.8
2021-08-31,18.8
2021-09-01,5.6
2021-09-02,63.4
2021-09-03,0.0
2021-09-04,0.0
2021-09-05,0.0
2021-09-06,29.8
2021-09-07,0.0
2021-09-08,16.2
2021-09-09,0.2
2021-09-10,0.0
2021-09-11,0.0
2021-09-12,0.2
2021-09-13,3.8
2021-09-14,0.0
2021-09-15,0.0
2021-09-16,0.0
2021-09-17,0.0
2021-09-18,0.0
2021-09-19,0.0
2021-09-20,0.0
2021-09-21,0.4
2021-09-22,0.0
2021-09-23,6.8
2021-09-24,0.0
2021-09-25,0.6
2021-09-26,24.6
2021-09-27,4.8
2021-09-28,2.0
2021-09-29,0.0
2021-09-30,47.0
2021-10-01,59.6
2021-10-02,0.4
2021-10-03,0.0
2021-10-04,0.0
2021-10-05,7.0
2021-10-06,0.0
2021-10-07,0.4
2021-10-08,0.0
2021-10-09,0.0
2021-10-10,28.0
2021-10-11,0.0
2021-10-12,0.0
2021-10-13,5.4
2021-10-14,0.0
2021-10-15,0.0
2021-10-16,0.0
2021-10-17,1.8
2021-10-18,0.6
2021-10-19,0.0
2021-10-20,40.4
2021-10-21,0.0
2021-10-22,0.0
2021-10-23,5.4
2021-10-24,0.0
2021-10-25,12.2
2021-10-26,0.0
2021-10-27,3.8
2021-10-28,0.0
2021-10-29,0.0
2021-10-30,1.6
2021-10-31,10.4
2021-11-01,20.2
2021-11-02,39.4
2021-11-03,1.4
2021-11-04,28.2
2021-11-05,5.6
2021-11-06,3.0
2021-11-07,10.6
2021-11-08,1.0
2021-11-09,21.2
2021-11-10,19.8
2021-11-11,1.0
2021-11-12,1.4
2021-11-13,1.0
2021-11-14,0.0
2021-11-15,1.4
2021-11-16,0.0
2021-11-17,0.8
2021-11-18,46.4
2021-11-19,0.2
2021-11-20,6.8
2021-11-21,12.8
2021-11-22,2.8
2021-11-23,7.4
2021-11-24,32.2
2021-11-25,0.0
2021-11-26,0.0
2021-11-27,47.8
2021-11-28,0.0
2021-11-29,0.0
2021-11-30,0.0
2021-12-01,0.2
2021-12-02,14.2
2021-12-03,0.2
2021-12-04,0.0
2021-12-05,0.0
2021-12-06,0.0
2021-12-07,0.0
2021-12-08,0.0
2021-12-09,0.0
2021-12-10,6.4
2021-12-11,8.2
2021-12-12,0.0
2021-12-13,0.2
2021-12-14,0.0
2021-12-15,0.6
2021-12-16,0.0
2021-12-17,9.4
2021-12-18,46.8
2021-12-19,15.2
2021-12-20,0.0
2021-12-21,0.0
2021-12-22,0.0
2021-12-23,0.4
2021-12-24,8.8
2021-12-25,1.4
2021-12-26,0.0
2021-12-27,0.0
2021-12-28,0.0
2021-12-29,0.6
2021-12-30,0.0
2021-12-31,7.0
2022-01-01,25.2
2022-01-02,50.0
2022-01-03,6.0
2022-01-04,4.8
2022-01-05,1.0
2022-01-06,0.0
2022-01-07,0.0
2022-01-08,0.0
2022-01-09,0.0
2022-01-10,0.0
2022-01-11,0.0
2022-01-12,0.0
2022-01-13,0.0
2022-01-14,0.0
2022-01-15,0.0
2022-01-16,0.0
2022-01-17,2.6
2022-01-18,0.0
2022-01-19,4.4
2022-01-20,2.0
2022-01-21,0.0
2022-01-22,0.0
2022-01-23,0.0
2022-01-24,0.0
2022-01-25,0.0
2022-01-26,0.0
2022-01-27,0.0
2022-01-28,0.0
2022-01-29,0.0
2022-01-30,3.8
2022-01-31,0.0
