Date,Open,High,Low,Close,Volume,Adj Close
2007-12-28 00:00:00,94.45,94.97,93.53,94.1,2098800,94.1
2007-12-27 00:00:00,94.06,94.47,93.79,93.93,2412200,93.93
2007-12-26 00:00:00,95.08,95.08,93.86,94.8,3023300,94.8
2007-12-24 00:00:00,94.01,95.65,94.01,95.55,1216700,95.55
2007-12-21 00:00:00,93.23,94.81,93.23,94.36,2924900,94.35
2007-12-20 00:00:00,93.18,93.36,91.61,92.7,3659000,92.69
2007-12-19 00:00:00,93.6,93.7,92.54,92.8,3125100,92.79
2007-12-18 00:00:00,93.53,94.28,92.02,93.72,5318000,93.71
2007-12-17 00:00:00,92.29,93.68,92.21,92.76,6385700,92.75
2007-12-14 00:00:00,93.84,94.27,92.81,93.18,2844200,93.17
2007-12-13 00:00:00,94.48,95.3,93.62,94.75,3995900,94.74
2007-12-12 00:00:00,96.8,98.14,94.08,95.3,5626900,95.29
2007-12-11 00:00:00,98.77,99.26,95.31,95.4,5957100,95.3
2007-12-10 00:00:00,98.94,98.95,98.01,98.65,1234200,98.55
2007-12-07 00:00:00,98.27,98.98,97.89,98.78,3538300,98.68
2007-12-06 00:00:00,97.48,98.46,94.08,98.15,3536000,98.05
2007-12-05 00:00:00,97.7,98.47,97.04,98.0,3863900,97.9
2007-12-04 00:00:00,96.0,97.54,95.35,97.05,3667900,96.95
2007-12-03 00:00:00,96.81,97.55,94.1,96.52,2993500,96.42
2007-11-30 00:00:00,96.13,97.9,96.13,96.98,5953200,96.88
2007-11-29 00:00:00,95.8,96.24,95.04,95.73,4101200,95.63
2007-11-28 00:00:00,94.5,96.9,93.81,96.58,11632900,96.48
2007-11-27 00:00:00,92.93,93.71,92.13,93.35,4654100,93.24
2007-11-26 00:00:00,95.08,95.5,92.0,92.0,5973000,91.78
2007-11-23 00:00:00,93.33,94.82,93.11,94.25,3846800,94.02
2007-11-21 00:00:00,92.31,93.37,91.67,92.4,5996600,92.18
2007-11-20 00:00:00,92.7,94.43,91.38,93.2,16136700,92.98
2007-11-19 00:00:00,93.8,94.15,92.41,92.7,5940500,92.48
2007-11-16 00:00:00,94.84,95.02,93.36,94.76,5950700,94.53
2007-11-15 00:00:00,94.4,95.81,93.91,94.55,5995700,94.3
2007-11-14 00:00:00,96.99,97.28,94.72,94.72,6280200,94.47
2007-11-13 00:00:00,93.92,96.2,93.76,96.2,7253500,95.95
2007-11-12 00:00:00,92.0,94.38,91.72,92.6,8468300,92.35
2007-11-09 00:00:00,93.12,93.3,91.25,91.46,9774700,91.21
2007-11-08 00:00:00,94.84,95.4,92.07,94.15,7980500,93.89
2007-11-07 00:00:00,94.82,96.2,94.27,94.36,8345100,94.1
2007-11-06 00:00:00,95.5,95.7,94.02,95.5,5917000,95.22
2007-11-05 00:00:00,95.1,95.62,94.04,94.85,4584600,94.56
2007-11-02 00:00:00,97.1,97.1,94.9,96.2,6800100,95.91
2007-11-01 00:00:00,98.37,98.37,96.0,96.17,6907100,95.88
2007-10-31 00:00:00,99.52,99.54,97.53,99.1,6998200,98.8
2007-10-30 00:00:00,99.25,99.71,98.83,99.12,3453200,98.82
2007-10-29 00:00:00,99.22,99.94,99.01,99.44,3028200,99.14
2007-10-26 00:00:00,98.9,99.33,97.83,98.96,4631100,98.66
2007-10-25 00:00:00,97.65,98.83,96.59,97.8,6764400,97.5
2007-10-24 00:00:00,96.94,97.53,95.43,97.4,7571800,97.11
2007-10-23 00:00:00,98.2,98.48,96.15,97.9,7343500,97.6
2007-10-22 00:00:00,95.88,97.9,95.56,97.61,5945000,97.31
2007-10-19 00:00:00,98.52,98.52,96.26,96.48,5767000,96.19
2007-10-18 00:00:00,98.65,98.74,97.64,98.35,3620800,98.05
2007-10-17 00:00:00,100.42,100.76,98.02,99.0,4717000,98.69
2007-10-16 00:00:00,100.5,100.5,99.1,99.68,3626800,99.35
2007-10-15 00:00:00,101.22,102.14,100.11,100.85,4756000,100.51
2007-10-12 00:00:00,102.1,102.45,101.69,102.1,2383700,101.76
2007-10-11 00:00:00,102.3,104.24,101.48,101.75,8453300,101.4
2007-10-10 00:00:00,101.86,102.35,101.38,101.8,4104200,101.45
2007-10-09 00:00:00,101.87,101.87,100.37,101.48,3120600,101.13
2007-10-08 00:00:00,101.75,101.92,101.08,101.65,2012100,101.3
2007-10-05 00:00:00,101.65,102.74,100.84,101.85,4181600,101.5
2007-10-04 00:00:00,101.63,101.65,100.17,100.4,2181200,100.05
2007-10-03 00:00:00,100.2,101.91,100.05,100.85,4249700,100.49
2007-10-02 00:00:00,99.61,100.48,99.6,100.47,3159000,100.11
2007-10-01 00:00:00,99.0,100.22,98.69,99.87,6219100,99.51
2007-09-28 00:00:00,100.15,100.56,99.9,100.16,2709900,99.8
2007-09-27 00:00:00,100.47,100.65,99.94,100.15,3804400,99.79
2007-09-26 00:00:00,100.23,100.59,99.54,100.35,4139700,99.99
2007-09-25 00:00:00,99.26,99.95,98.58,99.8,8033500,99.44
2007-09-24 00:00:00,102.06,102.52,101.08,101.4,3405100,101.03
2007-09-21 00:00:00,102.5,102.69,101.85,101.99,4780100,101.62
2007-09-20 00:00:00,103.8,103.8,101.55,101.9,8582700,101.53
2007-09-19 00:00:00,104.5,105.1,103.42,103.7,7077000,103.32
2007-09-18 00:00:00,100.97,105.0,100.76,105.0,7970500,104.62
2007-09-17 00:00:00,100.34,100.5,99.68,100.05,4330400,99.69
2007-09-14 00:00:00,99.05,101.01,98.93,100.85,3807100,100.48
2007-09-13 00:00:00,99.27,100.86,98.8,99.9,7356700,99.54
2007-09-12 00:00:00,97.86,99.1,97.86,98.49,6150300,98.13
2007-09-11 00:00:00,96.77,98.58,96.74,98.4,6789400,98.03
2007-09-10 00:00:00,97.46,97.49,95.85,96.45,5329400,96.09
2007-09-07 00:00:00,97.67,98.18,96.69,96.97,8891600,96.6
2007-09-06 00:00:00,100.53,100.53,98.85,99.3,3043000,98.92
2007-09-05 00:00:00,99.8,99.99,98.23,99.35,14305100,98.97
2007-09-04 00:00:00,101.2,101.6,100.64,100.95,8811500,100.57
2007-08-31 00:00:00,100.81,102.75,100.48,101.95,5141600,101.56
2007-08-30 00:00:00,99.0,100.55,99.0,99.94,3736200,99.56
2007-08-29 00:00:00,98.02,100.6,97.87,100.55,5920300,100.17
2007-08-28 00:00:00,98.81,98.86,97.15,97.32,5753500,96.95
2007-08-27 00:00:00,99.71,100.32,98.88,99.25,2994500,98.77
2007-08-24 00:00:00,98.58,99.95,98.58,99.7,3340600,99.22
2007-08-23 00:00:00,99.41,99.56,98.08,98.35,2734500,97.88
2007-08-22 00:00:00,99.06,99.64,98.54,99.6,6158300,99.12
2007-08-21 00:00:00,97.15,98.31,96.69,98.07,3156500,97.6
2007-08-20 00:00:00,97.99,97.99,96.44,97.04,3788600,96.57
2007-08-17 00:00:00,98.61,98.89,95.76,97.05,8262800,96.58
2007-08-16 00:00:00,94.33,96.42,93.0,95.93,7493100,95.47
2007-08-15 00:00:00,96.16,97.37,94.71,94.95,7290300,94.45
2007-08-14 00:00:00,98.6,99.75,96.11,96.41,9078500,95.83
2007-08-13 00:00:00,101.1,101.3,99.54,99.75,4206000,99.15
2007-08-10 00:00:00,98.97,100.76,97.78,100.2,6656800,99.58
2007-08-09 00:00:00,100.79,101.87,99.6,99.6,6912100,98.99
2007-08-08 00:00:00,102.33,103.25,101.05,103.2,9234700,102.56
2007-08-07 00:00:00,100.27,101.95,99.88,101.51,8056100,100.88
2007-08-06 00:00:00,99.2,101.21,97.51,101.15,7418300,100.52
2007-08-03 00:00:00,101.69,101.71,98.14,98.58,6500500,97.96
2007-08-02 00:00:00,101.08,102.15,100.47,101.69,5770600,101.05
2007-08-01 00:00:00,99.6,101.27,99.07,100.68,7723400,100.05
2007-07-31 00:00:00,102.45,102.77,99.9,99.9,5684300,99.27
2007-07-30 00:00:00,100.81,101.99,100.41,101.57,3891700,100.93
2007-07-27 00:00:00,101.0,102.07,99.1,100.8,6641200,100.17
2007-07-26 00:00:00,103.34,103.58,100.86,102.0,8106100,101.36
2007-07-25 00:00:00,105.04,105.22,103.43,104.17,4407300,103.52
2007-07-24 00:00:00,104.74,105.59,103.17,103.48,6722900,102.82
2007-07-23 00:00:00,106.07,106.24,105.17,105.24,3042500,104.57
2007-07-20 00:00:00,106.47,106.58,105.37,105.68,4270300,105.01
2007-07-19 00:00:00,106.65,107.07,106.42,106.76,2286800,106.08
2007-07-18 00:00:00,107.37,108.07,106.29,106.78,4916100,106.09
2007-07-17 00:00:00,107.09,107.22,106.34,106.52,2824300,105.81
2007-07-16 00:00:00,107.77,107.87,107.19,107.5,2898400,106.78
2007-07-13 00:00:00,107.43,108.31,107.17,108.18,3451400,107.46
2007-07-12 00:00:00,106.71,107.83,106.34,107.65,6500800,106.93
2007-07-11 00:00:00,104.94,105.6,104.56,105.44,5105200,104.74
2007-07-10 00:00:00,106.02,106.35,105.02,105.07,4731700,104.37
2007-07-09 00:00:00,107.25,107.39,106.59,107.08,1824700,106.37
2007-07-06 00:00:00,105.51,107.36,105.11,107.35,4992800,106.64
2007-07-05 00:00:00,105.0,105.65,104.96,105.65,2311700,104.93
2007-07-03 00:00:00,105.45,105.59,104.66,105.14,3180500,104.42
2007-07-02 00:00:00,104.75,105.55,104.75,105.42,1489800,104.7
2007-06-29 00:00:00,105.05,105.68,104.24,104.58,2690500,103.86
2007-06-28 00:00:00,105.15,105.69,104.8,104.94,4455500,104.22
2007-06-27 00:00:00,103.7,105.33,103.5,105.25,3134200,104.53
2007-06-26 00:00:00,104.8,105.0,103.75,103.85,4734600,103.13
2007-06-25 00:00:00,105.52,105.88,104.53,104.91,3545600,104.18
2007-06-22 00:00:00,105.9,106.07,105.3,105.36,2141000,104.63
2007-06-21 00:00:00,105.47,106.05,104.6,106.01,3615200,105.28
2007-06-20 00:00:00,106.17,107.02,105.29,105.52,5555500,104.79
2007-06-19 00:00:00,105.28,105.28,104.65,105.04,2482900,104.31
2007-06-18 00:00:00,105.9,106.0,105.46,105.59,2401400,104.86
2007-06-15 00:00:00,106.89,106.93,105.72,105.9,2654600,105.17
2007-06-14 00:00:00,105.47,105.8,105.1,105.61,2030800,104.88
2007-06-13 00:00:00,104.71,105.41,104.41,105.3,1890000,104.57
2007-06-12 00:00:00,105.3,105.3,104.07,104.07,2731400,103.34
2007-06-11 00:00:00,105.9,105.97,105.15,105.53,1249900,104.78
2007-06-08 00:00:00,104.98,106.07,104.75,106.01,3084000,105.26
2007-06-07 00:00:00,106.44,106.81,104.87,104.87,5045600,104.13
2007-06-06 00:00:00,107.05,107.3,106.29,106.6,5596900,105.85
2007-06-05 00:00:00,108.05,108.05,107.07,107.31,3836400,106.55
2007-06-04 00:00:00,107.55,108.73,107.55,108.24,2335400,107.39
2007-06-01 00:00:00,106.2,108.03,106.15,107.42,5066300,106.57
2007-05-31 00:00:00,105.29,106.34,105.29,105.99,3270300,105.15
2007-05-30 00:00:00,104.13,105.25,104.12,105.25,1893700,104.42
2007-05-29 00:00:00,104.55,105.1,104.24,104.7,3945200,103.87
2007-05-25 00:00:00,104.55,104.55,104.05,104.44,1912300,103.6
2007-05-24 00:00:00,103.95,105.63,103.82,104.18,5362800,103.34
2007-05-23 00:00:00,104.7,105.28,103.66,103.84,4058600,103.01
2007-05-22 00:00:00,103.76,104.2,103.16,103.71,2127300,102.88
2007-05-21 00:00:00,104.18,104.63,103.72,104.05,4171700,103.22
2007-05-18 00:00:00,103.64,104.64,103.43,104.5,5171400,103.66
2007-05-17 00:00:00,103.25,103.53,103.03,103.19,2139100,102.36
2007-05-16 00:00:00,102.73,103.19,102.15,103.18,3150800,102.35
2007-05-15 00:00:00,103.05,104.25,102.48,102.6,5643300,101.67
2007-05-14 00:00:00,103.62,103.98,103.25,103.35,2393700,102.41
2007-05-11 00:00:00,103.85,104.13,103.0,103.64,4133600,102.7
2007-05-10 00:00:00,104.43,105.97,103.7,103.85,8476100,102.89
2007-05-09 00:00:00,103.89,105.03,103.67,105.03,4555100,104.06
2007-05-08 00:00:00,104.22,104.5,103.64,104.02,4117200,103.06
2007-05-07 00:00:00,104.27,104.75,104.23,104.52,1374600,103.55
2007-05-04 00:00:00,104.35,104.35,103.38,104.25,1964400,103.28
2007-05-03 00:00:00,104.02,104.82,103.64,104.0,5207200,103.03
2007-05-02 00:00:00,103.94,104.78,103.82,104.07,2623000,103.1
2007-05-01 00:00:00,102.97,104.01,102.24,103.89,11396300,102.92
2007-04-30 00:00:00,105.13,105.13,103.2,103.33,6188100,102.37
2007-04-27 00:00:00,105.65,105.65,104.8,105.04,3171600,104.06
2007-04-26 00:00:00,105.64,105.8,105.05,105.76,1300800,104.78
2007-04-25 00:00:00,105.35,105.95,105.07,105.84,1660500,104.86
2007-04-24 00:00:00,104.2,104.71,103.46,104.55,4205700,103.57
2007-04-23 00:00:00,105.3,106.15,104.73,104.83,2287000,103.84
2007-04-20 00:00:00,104.51,105.82,104.51,105.62,3246800,104.62
2007-04-19 00:00:00,103.5,104.56,103.38,104.37,3718200,103.37
2007-04-18 00:00:00,104.04,104.24,103.59,104.0,1754700,103.0
2007-04-17 00:00:00,104.0,104.57,103.83,104.42,1947200,103.41
2007-04-16 00:00:00,102.75,103.73,102.68,103.64,2892900,102.63
2007-04-13 00:00:00,102.55,102.55,101.73,102.35,5448600,101.36
2007-04-12 00:00:00,102.2,103.14,101.33,102.67,3205000,101.67
2007-04-11 00:00:00,103.49,103.57,102.1,102.5,5169000,101.5
2007-04-10 00:00:00,103.85,104.31,103.37,103.55,3066800,102.54
2007-04-09 00:00:00,103.57,104.01,103.1,103.98,1970400,102.97
2007-04-05 00:00:00,102.98,103.52,102.81,103.37,1283400,102.37
2007-04-04 00:00:00,102.9,103.29,102.68,103.04,1402600,102.03
2007-04-03 00:00:00,102.3,103.57,102.05,102.38,4157500,101.37
2007-04-02 00:00:00,101.0,101.69,100.86,101.68,1106300,100.68
2007-03-30 00:00:00,101.25,101.93,100.33,101.05,3384500,100.06
2007-03-29 00:00:00,101.75,101.95,100.43,101.24,5477400,100.24
2007-03-28 00:00:00,101.75,101.88,100.54,101.17,5541600,100.18
2007-03-27 00:00:00,103.0,103.2,101.92,102.48,2042600,101.47
2007-03-26 00:00:00,103.48,104.18,102.06,103.5,1841800,102.48
2007-03-23 00:00:00,103.24,103.89,102.99,103.71,1983600,102.69
2007-03-22 00:00:00,103.28,103.57,102.63,103.28,2006800,102.26
2007-03-21 00:00:00,101.75,103.65,101.48,103.41,2428500,102.39
2007-03-20 00:00:00,100.65,101.86,100.6,101.68,3520800,100.68
2007-03-19 00:00:00,100.21,100.93,100.19,100.68,2239200,99.69
2007-03-16 00:00:00,99.96,100.62,99.58,99.78,3748600,98.79
2007-03-15 00:00:00,99.03,100.26,98.95,99.97,2606100,98.98
2007-03-14 00:00:00,99.25,99.43,96.71,99.1,11423500,98.12
2007-03-13 00:00:00,100.68,101.08,98.83,99.13,8834500,98.07
2007-03-12 00:00:00,101.19,101.53,100.95,101.13,2769800,100.04
2007-03-09 00:00:00,102.2,102.42,100.85,101.42,3866900,100.32
2007-03-08 00:00:00,101.8,102.43,101.43,101.73,2641300,100.63
2007-03-07 00:00:00,100.86,101.4,100.46,100.93,2057300,99.84
2007-03-06 00:00:00,100.45,101.45,99.9,100.94,4995800,99.85
2007-03-05 00:00:00,100.08,101.38,99.7,99.75,4994700,98.58
2007-03-02 00:00:00,100.96,101.94,100.76,100.92,3530700,99.74
2007-03-01 00:00:00,101.76,101.97,99.5,101.42,3605100,100.23
2007-02-28 00:00:00,101.89,102.68,101.27,102.09,4877800,100.89
2007-02-27 00:00:00,103.87,104.04,100.76,101.71,4193400,100.52
2007-02-26 00:00:00,105.6,105.67,104.28,105.0,2002100,103.76
2007-02-23 00:00:00,105.75,106.21,105.05,105.43,4074900,104.18
2007-02-22 00:00:00,105.9,106.13,104.85,105.5,2668600,104.25
2007-02-21 00:00:00,106.2,106.54,105.78,106.08,2194900,104.82
2007-02-20 00:00:00,105.31,106.72,104.79,106.58,2634600,105.32
2007-02-16 00:00:00,105.17,105.31,104.66,105.14,2102200,103.89
2007-02-15 00:00:00,104.64,105.58,104.3,105.49,1954700,104.24
2007-02-14 00:00:00,104.32,104.9,104.05,104.61,2041100,103.35
2007-02-13 00:00:00,103.76,104.52,103.69,104.42,1903000,103.15
2007-02-12 00:00:00,104.14,104.35,103.66,103.78,1725400,102.51
2007-02-09 00:00:00,104.6,104.95,103.52,103.75,2790000,102.47
2007-02-08 00:00:00,104.61,104.9,104.18,104.46,2203300,103.17
2007-02-07 00:00:00,104.23,104.84,104.05,104.6,1080500,103.31
2007-02-06 00:00:00,104.0,104.59,104.0,104.44,1094800,103.15
2007-02-05 00:00:00,104.08,104.44,103.7,103.92,1117200,102.63
2007-02-02 00:00:00,104.05,104.38,103.7,104.08,1485600,102.79
2007-02-01 00:00:00,103.57,104.43,103.41,104.18,3300400,102.89
2007-01-31 00:00:00,101.64,103.68,101.57,103.35,4287100,102.07
2007-01-30 00:00:00,102.24,102.62,101.49,101.9,4860900,100.63
2007-01-29 00:00:00,101.88,102.29,101.52,101.87,1937900,100.6
2007-01-26 00:00:00,102.03,102.03,101.09,101.62,1742000,100.36
2007-01-25 00:00:00,103.27,103.35,101.74,101.88,2544700,100.61
2007-01-24 00:00:00,102.41,103.44,102.4,103.25,1772100,101.97
2007-01-23 00:00:00,102.45,103.02,101.78,102.38,3399500,101.11
2007-01-22 00:00:00,103.2,103.35,101.9,102.32,2843300,101.05
2007-01-19 00:00:00,103.0,103.28,102.75,103.27,2388600,101.99
2007-01-18 00:00:00,102.2,103.16,101.89,102.87,3728200,101.59
2007-01-17 00:00:00,102.05,102.46,101.76,101.96,1685200,100.69
2007-01-16 00:00:00,101.85,102.36,101.81,102.19,1123000,100.9
2007-01-12 00:00:00,101.55,102.15,101.16,102.03,2185200,100.74
2007-01-11 00:00:00,100.49,101.78,100.4,101.66,3460100,100.38
2007-01-10 00:00:00,99.71,100.5,99.35,100.49,1738800,99.22
2007-01-09 00:00:00,99.68,100.45,99.54,100.05,2189200,98.79
2007-01-08 00:00:00,99.27,99.57,98.62,99.44,4175600,98.18
2007-01-05 00:00:00,100.55,100.77,99.28,99.38,2974500,98.13
2007-01-04 00:00:00,100.0,100.88,99.73,100.65,3012600,99.38
2007-01-03 00:00:00,100.4,101.76,99.88,100.47,6438400,99.2
2006-12-29 00:00:00,99.55,100.28,99.18,99.35,1312100,98.1
2006-12-28 00:00:00,99.91,100.03,99.44,99.44,1169700,98.17
2006-12-27 00:00:00,99.37,99.95,98.96,99.91,3142800,98.63
2006-12-26 00:00:00,98.77,99.2,98.35,99.17,2076800,97.89
2006-12-22 00:00:00,99.27,99.5,98.84,99.2,1132700,97.92
2006-12-21 00:00:00,99.15,99.38,98.76,98.92,1648700,97.64
2006-12-20 00:00:00,99.8,99.93,98.93,98.94,1954800,97.66
2006-12-19 00:00:00,99.45,100.11,98.99,99.66,3523800,98.38
2006-12-18 00:00:00,100.89,100.9,99.92,100.27,2203900,98.98
2006-12-15 00:00:00,101.11,101.62,100.22,100.43,2234800,99.14
2006-12-14 00:00:00,99.3,100.97,99.13,100.84,6564200,99.54
2006-12-13 00:00:00,99.13,99.25,98.33,98.77,2473500,97.5
2006-12-12 00:00:00,98.45,99.27,97.96,98.48,2302200,97.14
2006-12-11 00:00:00,99.13,99.41,98.71,99.24,1715700,97.89
2006-12-08 00:00:00,99.0,99.83,98.83,99.23,1498600,97.88
2006-12-07 00:00:00,100.32,100.38,98.9,98.9,3801600,97.55
2006-12-06 00:00:00,99.6,100.44,99.59,100.05,1889200,98.68
2006-12-05 00:00:00,99.0,99.98,98.92,99.79,3549000,98.43
2006-12-04 00:00:00,97.45,99.21,97.36,98.82,3442700,97.47
2006-12-01 00:00:00,97.65,98.77,96.57,97.4,7161800,96.07
2006-11-30 00:00:00,97.46,98.03,96.47,97.58,4401400,96.25
2006-11-29 00:00:00,97.55,98.24,97.31,97.72,1670200,96.39
2006-11-28 00:00:00,97.0,97.3,96.56,97.02,1877300,95.69
2006-11-27 00:00:00,98.85,99.07,97.1,97.25,4268600,95.81
2006-11-24 00:00:00,98.75,99.12,98.5,98.55,795200,97.09
2006-11-22 00:00:00,99.23,99.7,98.67,99.26,1693300,97.79
2006-11-21 00:00:00,99.41,99.41,98.94,98.99,1011500,97.53
2006-11-20 00:00:00,99.16,99.98,98.98,99.29,1944300,97.82
2006-11-17 00:00:00,99.45,100.0,99.09,99.63,2289800,98.16
2006-11-16 00:00:00,99.6,100.06,98.95,99.89,2493400,98.41
2006-11-15 00:00:00,99.42,100.2,99.36,99.57,3490400,98.08
2006-11-14 00:00:00,98.0,99.38,97.37,99.26,3681200,97.76
2006-11-13 00:00:00,97.73,98.28,96.8,96.85,2254300,95.39
2006-11-10 00:00:00,96.88,97.6,96.83,97.57,1652000,96.09
2006-11-09 00:00:00,98.1,98.15,96.8,96.8,3212000,95.33
2006-11-08 00:00:00,97.61,98.41,97.13,98.06,2381900,96.56
2006-11-07 00:00:00,97.42,98.47,97.4,98.19,2590500,96.69
2006-11-06 00:00:00,96.7,97.91,96.7,97.52,2958500,96.02
2006-11-03 00:00:00,98.12,98.12,96.08,96.82,4321000,95.33
2006-11-02 00:00:00,97.13,98.02,96.98,97.53,5374300,96.03
2006-11-01 00:00:00,100.05,100.1,98.19,98.55,4852700,97.03
2006-10-31 00:00:00,100.82,101.14,99.93,100.14,2756500,98.6
2006-10-30 00:00:00,99.81,100.76,99.34,100.54,2231600,98.99
2006-10-27 00:00:00,100.92,101.09,100.0,100.29,2199500,98.75
2006-10-26 00:00:00,100.36,101.49,99.78,101.3,3322300,99.74
2006-10-25 00:00:00,100.6,100.94,99.28,99.65,4761000,98.12
2006-10-24 00:00:00,100.34,100.97,100.02,100.4,2858100,98.85
2006-10-23 00:00:00,98.4,100.99,98.22,100.45,5067800,98.9
2006-10-20 00:00:00,98.2,98.91,97.96,98.67,2032600,97.15
2006-10-19 00:00:00,98.67,99.26,97.96,98.2,2510000,96.69
2006-10-18 00:00:00,98.98,99.39,98.37,98.89,1453800,97.37
2006-10-17 00:00:00,98.83,98.95,97.86,98.51,4445400,96.98
2006-10-16 00:00:00,99.47,99.75,99.3,99.3,1581000,97.75
2006-10-13 00:00:00,99.66,99.95,99.27,99.95,2063500,98.39
2006-10-12 00:00:00,99.76,100.57,99.64,100.57,3580100,99.0
2006-10-11 00:00:00,98.39,99.5,98.35,99.25,3266800,97.7
2006-10-10 00:00:00,98.5,99.21,98.41,98.66,1687500,97.12
2006-10-09 00:00:00,97.2,98.56,97.05,98.51,1665800,96.98
2006-10-06 00:00:00,98.12,98.25,97.05,97.58,3834300,96.06
2006-10-05 00:00:00,99.04,99.25,97.63,98.6,5199700,97.06
2006-10-04 00:00:00,97.15,99.52,97.13,99.39,4276000,97.83
2006-10-03 00:00:00,96.7,98.3,96.11,98.08,3499400,96.54
2006-10-02 00:00:00,96.44,97.37,96.08,96.51,3317000,94.99
2006-09-29 00:00:00,98.0,98.36,97.0,97.1,3686700,95.57
2006-09-28 00:00:00,97.67,98.38,96.85,98.09,5706500,96.54
2006-09-27 00:00:00,98.0,98.69,97.48,97.8,3653400,96.25
2006-09-26 00:00:00,97.25,98.74,96.91,97.98,4452800,96.43
2006-09-25 00:00:00,96.8,97.84,96.14,97.53,3637300,95.99
2006-09-22 00:00:00,96.2,96.94,95.7,96.86,3103800,95.33
2006-09-21 00:00:00,99.18,99.18,96.21,96.5,4681700,94.98
2006-09-20 00:00:00,99.04,99.16,98.26,98.74,3210100,97.18
2006-09-19 00:00:00,98.01,98.25,97.28,98.2,4045400,96.65
2006-09-18 00:00:00,97.74,98.3,97.16,97.8,2671200,96.25
2006-09-15 00:00:00,98.5,99.13,97.64,98.28,3941300,96.73
2006-09-14 00:00:00,97.38,98.41,96.63,98.3,4955500,96.75
2006-09-13 00:00:00,97.66,98.4,96.84,97.85,4258500,96.3
2006-09-12 00:00:00,95.5,98.08,95.39,97.57,5576300,96.01
2006-09-11 00:00:00,93.76,95.95,93.76,95.68,3076400,94.15
2006-09-08 00:00:00,93.32,94.44,92.84,94.3,2319300,92.79
2006-09-07 00:00:00,92.57,93.81,92.57,92.87,2864000,91.38
2006-09-06 00:00:00,93.68,93.68,92.93,93.18,1811300,91.69
2006-09-05 00:00:00,93.36,94.04,93.36,93.88,1462200,92.38
2006-09-01 00:00:00,92.31,93.56,92.31,93.29,1980000,91.74
2006-08-31 00:00:00,92.5,92.5,91.68,92.37,1371500,90.83
2006-08-30 00:00:00,92.36,92.7,91.6,92.25,2007200,90.72
2006-08-29 00:00:00,91.74,92.46,91.2,92.35,1747600,90.81
2006-08-28 00:00:00,90.2,92.06,90.2,91.4,2863200,89.87
2006-08-25 00:00:00,89.9,90.48,89.7,90.31,1645700,88.79
2006-08-24 00:00:00,90.77,90.77,89.82,90.27,2444100,88.75
2006-08-23 00:00:00,91.54,91.79,90.55,90.9,2993200,89.37
2006-08-22 00:00:00,92.35,92.59,91.7,91.89,886100,90.35
2006-08-21 00:00:00,92.66,92.7,92.05,92.33,2463600,90.78
2006-08-18 00:00:00,94.3,94.3,92.93,93.47,2411500,91.9
2006-08-17 00:00:00,92.49,94.69,92.49,93.99,5782100,92.41
2006-08-16 00:00:00,93.29,93.49,92.14,93.12,2300900,91.56
2006-08-15 00:00:00,92.54,93.25,91.9,93.11,2349800,91.45
2006-08-14 00:00:00,91.85,93.0,91.65,91.74,4558000,90.11
2006-08-11 00:00:00,91.1,91.26,90.52,91.22,1744200,89.6
2006-08-10 00:00:00,89.4,91.21,89.11,91.21,3668300,89.58
2006-08-09 00:00:00,91.67,91.7,89.17,89.25,3731100,87.65
2006-08-08 00:00:00,92.0,92.0,90.5,90.72,2309000,89.1
2006-08-07 00:00:00,91.49,91.83,90.82,91.51,1169700,89.87
2006-08-04 00:00:00,92.78,92.78,91.24,91.79,3103600,90.14
2006-08-03 00:00:00,89.4,91.67,89.4,91.38,2761100,89.74
2006-08-02 00:00:00,89.54,90.2,89.38,90.08,1748300,88.46
2006-08-01 00:00:00,90.0,90.01,88.97,89.55,2146600,87.94
2006-07-31 00:00:00,90.63,91.07,89.73,90.5,1739800,88.87
2006-07-28 00:00:00,89.92,91.0,89.92,90.43,3642600,88.81
2006-07-27 00:00:00,90.39,90.51,89.09,89.36,3500100,87.75
2006-07-26 00:00:00,91.24,91.24,90.0,90.07,3731700,88.44
2006-07-25 00:00:00,90.64,92.14,90.34,91.93,3388800,90.27
2006-07-24 00:00:00,89.13,91.41,89.13,91.05,3557800,89.4
2006-07-21 00:00:00,90.01,90.01,88.91,89.13,3719600,87.52
2006-07-20 00:00:00,90.97,91.5,89.99,90.0,3696400,88.37
2006-07-19 00:00:00,88.5,90.7,88.5,90.36,5877300,88.73
2006-07-18 00:00:00,89.1,89.1,87.12,88.25,9515400,86.64
2006-07-17 00:00:00,89.5,90.4,88.95,89.34,3585400,87.71
2006-07-14 00:00:00,89.94,90.11,88.54,89.0,5480500,87.37
2006-07-13 00:00:00,90.3,90.85,89.26,90.19,4398400,88.54
2006-07-12 00:00:00,92.76,92.82,90.9,91.05,2961000,89.39
2006-07-11 00:00:00,92.91,92.95,91.6,92.89,1850700,91.19
2006-07-10 00:00:00,93.35,93.77,92.8,93.0,1109000,91.3
2006-07-07 00:00:00,92.77,93.51,92.44,92.81,2434300,91.11
2006-07-06 00:00:00,93.26,93.8,93.0,93.15,2507200,91.45
2006-07-05 00:00:00,93.54,93.58,93.02,93.42,3103400,91.71
2006-07-03 00:00:00,94.61,94.61,93.74,94.3,1791200,92.58
2006-06-30 00:00:00,94.99,95.14,94.4,94.61,1551000,92.88
2006-06-29 00:00:00,94.1,95.2,93.5,95.05,3142600,93.3
2006-06-28 00:00:00,93.52,93.52,92.52,93.3,1329900,91.57
2006-06-27 00:00:00,94.15,94.22,92.91,93.23,1320600,91.51
2006-06-26 00:00:00,93.73,94.45,93.42,93.9,1449500,92.16
2006-06-23 00:00:00,93.48,94.12,93.22,93.29,1017100,91.57
2006-06-22 00:00:00,93.95,93.95,93.18,93.7,1537400,91.97
2006-06-21 00:00:00,93.52,94.43,93.24,94.04,1829500,92.3
2006-06-20 00:00:00,93.43,93.7,92.92,93.32,2075100,91.59
2006-06-19 00:00:00,93.63,94.1,92.76,93.06,2780500,91.34
2006-06-16 00:00:00,93.93,94.6,93.19,93.4,2396800,91.67
2006-06-15 00:00:00,92.6,94.17,92.41,94.0,5134600,92.26
2006-06-14 00:00:00,92.0,92.72,91.42,92.25,3717600,90.54
2006-06-13 00:00:00,91.05,92.4,91.05,91.78,4734500,90.06
2006-06-12 00:00:00,92.21,92.35,90.93,90.98,3803300,89.28
2006-06-09 00:00:00,92.5,92.86,92.08,92.08,2958700,90.36
2006-06-08 00:00:00,91.75,92.76,90.74,92.33,6220600,90.6
2006-06-07 00:00:00,92.29,92.88,91.35,91.35,3768500,89.64
2006-06-06 00:00:00,94.2,94.37,92.6,93.25,6060800,89.91
2006-06-05 00:00:00,94.85,95.33,93.8,93.95,4234400,90.53
2006-06-02 00:00:00,95.75,96.13,94.45,95.5,5277100,92.02
2006-06-01 00:00:00,95.2,95.72,94.69,95.72,2874800,92.23
2006-05-31 00:00:00,94.22,94.92,94.02,94.89,2347100,91.43
2006-05-30 00:00:00,94.81,94.81,93.79,93.85,2876200,90.43
2006-05-26 00:00:00,95.83,96.27,95.67,95.78,2002400,92.29
2006-05-25 00:00:00,95.15,95.76,94.78,95.76,2511300,92.27
2006-05-24 00:00:00,93.91,94.78,93.56,94.5,4527200,91.06
2006-05-23 00:00:00,95.37,95.95,94.28,94.29,3333000,90.85
2006-05-22 00:00:00,95.5,95.6,94.19,94.8,3960900,91.34
2006-05-19 00:00:00,93.0,95.78,93.0,95.63,4093500,92.14
2006-05-18 00:00:00,94.5,95.21,94.05,94.5,4704200,91.06
2006-05-17 00:00:00,94.47,94.64,93.55,93.8,5217600,90.38
2006-05-16 00:00:00,96.33,96.42,94.93,94.99,2943700,91.44
2006-05-15 00:00:00,94.88,96.51,94.76,96.51,4732300,92.91
2006-05-12 00:00:00,97.0,97.2,95.58,95.83,8042100,92.25
2006-05-11 00:00:00,98.41,98.71,96.99,97.4,3584000,93.76
2006-05-10 00:00:00,99.05,99.2,98.29,98.59,2393500,94.9
2006-05-09 00:00:00,99.22,99.7,99.11,99.11,599500,95.4
2006-05-08 00:00:00,99.2,100.07,99.18,99.39,1407100,95.66
2006-05-05 00:00:00,97.78,99.42,97.78,99.26,1547600,95.54
2006-05-04 00:00:00,97.47,97.57,96.4,97.35,4684900,93.7
2006-05-03 00:00:00,96.8,97.2,96.59,96.9,3486900,93.27
2006-05-02 00:00:00,97.5,97.61,96.8,96.87,2610700,93.24
2006-05-01 00:00:00,97.53,98.21,97.21,97.28,5747900,93.63
2006-04-28 00:00:00,96.99,97.36,96.61,96.61,2126400,92.99
2006-04-27 00:00:00,96.2,97.73,96.2,97.1,2271100,93.46
2006-04-26 00:00:00,96.67,97.34,96.53,96.97,1719000,93.33
2006-04-25 00:00:00,96.3,96.72,95.9,96.1,2043500,92.5
2006-04-24 00:00:00,96.46,96.75,95.81,96.4,1979600,92.78
2006-04-21 00:00:00,97.74,97.77,96.03,96.65,2764600,93.02
2006-04-20 00:00:00,97.2,98.07,96.89,97.47,1557100,93.81
2006-04-19 00:00:00,97.78,98.05,97.01,97.4,2179200,93.74
2006-04-18 00:00:00,96.79,97.95,96.6,97.72,3651600,94.04
2006-04-17 00:00:00,96.95,97.35,95.55,96.1,2955200,92.48
2006-04-13 00:00:00,96.9,97.61,96.61,97.13,2688400,93.47
2006-04-12 00:00:00,97.2,97.31,96.75,96.93,791100,93.27
2006-04-11 00:00:00,98.09,98.23,96.76,97.16,2214600,93.5
2006-04-10 00:00:00,98.56,98.61,97.55,97.99,2981200,94.29
2006-04-07 00:00:00,99.88,100.33,98.47,98.74,3506100,95.0
2006-04-06 00:00:00,99.3,99.88,99.01,99.74,3794200,95.96
2006-04-05 00:00:00,98.8,99.52,98.73,99.18,1643300,95.43
2006-04-04 00:00:00,97.7,98.7,97.49,98.41,1750000,94.68
2006-04-03 00:00:00,98.75,98.75,97.55,97.76,3414100,94.06
2006-03-31 00:00:00,99.03,99.33,98.29,98.56,1841700,94.83
2006-03-30 00:00:00,99.33,99.72,98.34,98.74,2103700,94.99
2006-03-29 00:00:00,99.21,99.72,98.94,99.38,1582900,95.61
2006-03-28 00:00:00,99.42,99.85,98.85,99.04,2026500,95.27
2006-03-27 00:00:00,99.4,99.79,99.13,99.45,1282000,95.67
2006-03-24 00:00:00,99.9,100.23,98.98,99.43,2086500,95.65
2006-03-23 00:00:00,99.93,100.6,99.85,100.33,2446400,96.51
2006-03-22 00:00:00,99.56,100.13,99.06,99.9,3114100,96.1
2006-03-21 00:00:00,99.88,100.46,99.4,99.92,2729600,96.12
2006-03-20 00:00:00,100.01,100.41,99.82,99.93,1709600,96.13
2006-03-17 00:00:00,99.5,100.05,99.43,100.01,2206800,96.21
2006-03-16 00:00:00,98.83,99.68,98.83,99.43,3129600,95.65
2006-03-15 00:00:00,98.93,99.17,98.1,98.74,1689900,94.98
2006-03-14 00:00:00,97.43,99.28,97.38,99.07,4482400,95.24
2006-03-13 00:00:00,97.5,98.13,97.33,97.54,1338300,93.77
2006-03-10 00:00:00,96.7,97.54,96.58,97.51,1785400,93.73
2006-03-09 00:00:00,97.09,97.54,96.24,96.63,1393700,92.88
2006-03-08 00:00:00,96.44,97.7,96.34,97.3,2680100,93.53
2006-03-07 00:00:00,96.48,96.78,96.22,96.47,3157900,92.73
2006-03-06 00:00:00,97.31,97.33,96.48,96.68,2752600,92.87
2006-03-03 00:00:00,97.27,98.44,97.08,97.28,2873700,93.45
2006-03-02 00:00:00,96.89,97.94,96.89,97.5,5303700,93.66
2006-03-01 00:00:00,97.83,98.21,96.84,98.01,5501100,94.15
2006-02-28 00:00:00,98.4,98.7,97.48,97.62,3160200,93.78
2006-02-27 00:00:00,97.61,99.03,97.61,98.64,4328900,94.75
2006-02-24 00:00:00,97.05,97.32,96.34,96.98,4994000,93.15
2006-02-23 00:00:00,97.56,98.47,97.25,97.45,1855200,93.6
2006-02-22 00:00:00,97.63,98.08,97.26,97.58,4316400,93.73
2006-02-21 00:00:00,97.86,98.68,96.84,97.5,4099400,93.65
2006-02-17 00:00:00,98.2,98.2,97.43,97.64,3052100,93.79
2006-02-16 00:00:00,98.27,99.12,97.84,98.29,5628300,94.41
2006-02-15 00:00:00,96.88,98.27,96.66,98.25,5342500,94.37
2006-02-14 00:00:00,95.12,97.1,95.01,97.09,3586800,93.26
2006-02-13 00:00:00,94.5,95.11,94.5,94.98,1560300,91.23
2006-02-10 00:00:00,94.13,95.09,93.81,94.81,2259700,91.07
2006-02-09 00:00:00,94.5,95.07,94.25,94.54,2731100,90.81
2006-02-08 00:00:00,93.07,94.4,93.06,94.17,2364800,90.45
2006-02-07 00:00:00,94.2,94.73,93.28,93.57,3195400,89.88
2006-02-06 00:00:00,94.81,94.86,94.13,94.58,2005800,90.83
2006-02-03 00:00:00,95.18,95.45,94.68,95.05,3512800,91.28
2006-02-02 00:00:00,96.2,96.21,94.79,96.01,3646500,92.21
2006-02-01 00:00:00,95.01,95.73,94.51,95.28,3345300,91.5
2006-01-31 00:00:00,95.55,96.01,95.14,95.68,2383600,91.89
2006-01-30 00:00:00,96.56,96.56,95.3,95.41,1224300,91.63
2006-01-27 00:00:00,95.85,96.56,95.03,95.27,3027900,91.49
2006-01-26 00:00:00,95.7,95.81,95.28,95.65,3964800,91.86
2006-01-25 00:00:00,95.1,95.59,94.53,95.17,1681700,91.4
2006-01-24 00:00:00,94.16,95.17,94.16,95.02,1918000,91.25
2006-01-23 00:00:00,94.5,94.9,93.62,94.0,4155800,90.28
2006-01-20 00:00:00,95.85,96.08,94.3,94.4,5508400,90.66
2006-01-19 00:00:00,96.11,96.67,95.7,96.12,2654700,92.31
2006-01-18 00:00:00,95.02,96.35,95.02,96.08,4089100,92.27
2006-01-17 00:00:00,95.5,96.3,95.07,95.52,4005900,91.72
2006-01-13 00:00:00,96.5,96.9,95.93,96.16,2863700,92.34
2006-01-12 00:00:00,97.0,97.08,96.38,96.45,2087300,92.62
2006-01-11 00:00:00,96.37,97.26,95.8,97.17,3333500,93.31
2006-01-10 00:00:00,95.56,96.42,95.15,96.23,2454500,92.4
2006-01-09 00:00:00,95.17,96.09,95.05,95.73,4461400,91.92
2006-01-06 00:00:00,94.76,95.75,94.49,95.32,3005900,91.53
2006-01-05 00:00:00,95.5,95.56,94.39,94.58,3936800,90.82
2006-01-04 00:00:00,95.85,96.19,95.0,95.33,2433600,91.54
2006-01-03 00:00:00,95.67,96.28,93.97,95.9,4212700,92.09
2005-12-30 00:00:00,96.15,96.52,95.38,95.38,1259000,91.59
2005-12-29 00:00:00,96.45,96.64,96.05,96.12,559200,92.29
2005-12-28 00:00:00,96.48,96.9,96.31,96.44,912600,92.59
2005-12-27 00:00:00,97.5,97.67,96.07,96.07,1235900,92.23
2005-12-23 00:00:00,96.92,98.49,96.83,97.19,1413500,93.31
2005-12-22 00:00:00,97.21,97.21,96.64,97.04,1101900,93.16
2005-12-21 00:00:00,97.6,97.93,97.23,97.51,3035800,93.61
2005-12-20 00:00:00,97.19,97.77,96.51,97.1,2859600,93.22
2005-12-19 00:00:00,98.29,98.77,97.14,97.14,2532400,93.26
2005-12-16 00:00:00,98.57,99.23,98.32,98.6,2473500,94.66
2005-12-15 00:00:00,99.0,99.33,98.11,98.64,3487300,94.7
2005-12-14 00:00:00,98.45,99.42,98.35,99.17,3039200,95.21
2005-12-13 00:00:00,97.03,98.59,97.03,98.5,2431600,94.51
2005-12-12 00:00:00,98.22,98.75,98.09,98.34,1703600,94.35
2005-12-09 00:00:00,97.52,98.36,96.87,97.8,3048900,93.83
2005-12-08 00:00:00,97.5,97.89,96.81,97.16,3772600,93.21
2005-12-07 00:00:00,97.45,97.91,97.08,97.62,2410100,93.65
2005-12-06 00:00:00,97.99,98.12,97.12,97.35,2961300,93.4
2005-12-05 00:00:00,96.02,97.48,94.41,96.86,2148700,92.93
2005-12-02 00:00:00,97.06,99.59,97.06,97.8,3452400,93.83
2005-12-01 00:00:00,97.66,97.9,96.47,97.64,3863500,93.67
2005-11-30 00:00:00,98.22,98.36,97.1,97.1,3351800,93.16
2005-11-29 00:00:00,98.8,99.25,97.69,97.96,4864800,93.98
2005-11-28 00:00:00,100.01,100.05,98.34,98.6,6096000,94.54
2005-11-25 00:00:00,100.0,100.0,99.17,99.7,1641800,95.59
2005-11-23 00:00:00,99.43,100.2,99.16,99.77,3771800,95.66
2005-11-22 00:00:00,98.36,99.35,98.17,99.19,2988300,95.1
2005-11-21 00:00:00,98.26,98.71,98.09,98.51,2429600,94.45
2005-11-18 00:00:00,98.5,99.0,97.67,98.55,1656900,94.49
2005-11-17 00:00:00,97.79,98.48,97.4,98.34,2378800,94.29
2005-11-16 00:00:00,97.03,97.43,96.03,97.3,3086000,93.29
2005-11-15 00:00:00,97.46,97.85,96.52,96.69,3660500,92.68
2005-11-14 00:00:00,98.35,99.48,98.35,98.51,2985900,94.43
2005-11-11 00:00:00,97.77,98.24,97.59,97.91,2627200,93.85
2005-11-10 00:00:00,96.0,98.06,95.72,98.02,5179200,93.96
2005-11-09 00:00:00,95.9,96.22,95.3,96.01,3507500,92.03
2005-11-08 00:00:00,96.5,96.5,95.0,95.35,3715700,91.39
2005-11-07 00:00:00,96.75,97.5,96.25,96.91,2346900,92.88
2005-11-04 00:00:00,96.0,96.17,95.2,96.07,3011700,92.07
2005-11-03 00:00:00,96.2,96.57,94.93,95.51,5668500,91.53
2005-11-02 00:00:00,93.84,95.05,93.72,94.77,3468500,90.82
2005-11-01 00:00:00,94.05,94.28,93.56,93.85,3581900,89.94
2005-10-31 00:00:00,92.98,94.76,92.98,94.26,4737100,90.34
2005-10-28 00:00:00,90.88,92.3,90.69,92.15,4206500,88.31
2005-10-27 00:00:00,92.15,92.15,90.0,90.0,6036100,86.25
2005-10-26 00:00:00,92.57,93.55,92.2,92.34,5562400,88.5
2005-10-25 00:00:00,94.3,94.31,92.94,93.24,7512200,89.36
2005-10-24 00:00:00,93.8,94.55,93.2,94.55,4193400,90.61
2005-10-21 00:00:00,94.0,94.1,92.79,93.0,2956000,89.13
2005-10-20 00:00:00,93.5,94.99,92.0,93.27,7970800,89.39
2005-10-19 00:00:00,90.67,93.62,90.28,93.56,6701800,89.67
2005-10-18 00:00:00,91.75,92.05,90.95,91.19,3288900,87.39
2005-10-17 00:00:00,91.85,92.14,91.09,92.0,1798700,88.17
2005-10-14 00:00:00,91.5,92.05,90.83,91.91,4873500,88.08
2005-10-13 00:00:00,91.28,91.28,89.97,90.8,3620700,87.02
2005-10-12 00:00:00,91.3,91.35,89.73,90.73,7974700,86.95
2005-10-11 00:00:00,91.95,92.39,91.5,91.56,2406200,87.74
2005-10-10 00:00:00,91.94,92.65,91.55,91.63,2421800,87.81
2005-10-07 00:00:00,92.2,92.54,91.42,91.78,2507500,87.95
2005-10-06 00:00:00,90.9,92.76,90.61,91.63,8287100,87.8
2005-10-05 00:00:00,92.25,92.25,91.09,91.15,3596200,87.33
2005-10-04 00:00:00,93.0,93.33,92.17,92.34,5869300,88.47
2005-10-03 00:00:00,92.9,93.53,92.31,92.5,3149700,88.62
2005-09-30 00:00:00,92.05,93.1,92.05,92.84,2286100,88.95
2005-09-29 00:00:00,91.12,92.6,90.7,92.36,5511000,88.49
2005-09-28 00:00:00,92.55,92.8,90.95,91.4,6443500,87.57
2005-09-27 00:00:00,92.6,92.67,91.55,92.41,2623500,88.54
2005-09-26 00:00:00,93.06,93.7,91.34,92.09,6250200,88.23
2005-09-23 00:00:00,91.5,93.12,91.5,92.13,5415300,88.27
2005-09-22 00:00:00,90.3,92.56,89.75,92.25,11378600,88.38
2005-09-21 00:00:00,91.39,91.45,89.84,90.29,7053100,86.51
2005-09-20 00:00:00,94.09,94.09,91.33,91.43,4574500,87.6
2005-09-19 00:00:00,94.28,94.55,92.95,93.43,3635400,89.51
2005-09-16 00:00:00,94.86,94.96,94.14,94.34,3640600,90.39
2005-09-15 00:00:00,95.0,95.24,94.07,94.48,3006700,90.52
2005-09-14 00:00:00,96.04,96.05,94.57,94.67,2692100,90.7
2005-09-13 00:00:00,97.24,97.24,95.7,95.73,4747400,91.72
2005-09-12 00:00:00,96.75,97.8,96.46,97.72,2107300,93.62
2005-09-09 00:00:00,96.3,96.96,96.25,96.8,1568800,92.74
2005-09-08 00:00:00,95.85,96.76,95.79,96.13,2919300,92.1
2005-09-07 00:00:00,96.3,97.09,96.06,96.91,3899500,92.85
2005-09-06 00:00:00,95.09,98.18,95.02,96.43,7024600,92.39
2005-09-02 00:00:00,95.44,95.56,94.0,94.03,3281400,90.09
2005-09-01 00:00:00,95.22,95.95,94.0,94.44,7481000,90.48
2005-08-31 00:00:00,95.6,96.2,94.5,96.11,7673300,91.03
2005-08-30 00:00:00,96.65,96.65,94.67,95.53,7177400,90.47
2005-08-29 00:00:00,95.99,97.24,95.75,97.07,3792900,91.89
2005-08-26 00:00:00,96.83,96.9,95.98,96.14,3725800,91.01
2005-08-25 00:00:00,96.76,97.25,96.48,96.86,2169500,91.69
2005-08-24 00:00:00,97.38,97.81,96.22,96.34,3912300,91.2
2005-08-23 00:00:00,98.0,98.12,97.22,97.57,1616600,92.37
2005-08-22 00:00:00,97.75,98.59,97.04,97.84,4605100,92.62
2005-08-19 00:00:00,99.05,99.05,97.74,97.75,5249600,92.54
2005-08-18 00:00:00,97.71,98.97,97.71,98.8,2761400,93.53
2005-08-17 00:00:00,98.38,99.62,98.1,98.78,4077800,93.51
2005-08-16 00:00:00,100.35,100.35,98.64,98.66,5110100,93.32
2005-08-15 00:00:00,101.0,101.35,99.66,101.06,3456400,95.59
2005-08-12 00:00:00,100.26,100.67,99.46,100.35,3730500,94.92
2005-08-11 00:00:00,100.99,101.2,99.69,100.3,3644400,94.87
2005-08-10 00:00:00,101.0,102.0,100.15,100.4,4890900,94.97
2005-08-09 00:00:00,99.97,100.79,99.87,100.48,3339400,95.04
2005-08-08 00:00:00,100.11,100.25,99.25,99.39,2923500,94.0
2005-08-05 00:00:00,100.3,100.41,99.46,99.7,2969900,94.3
2005-08-04 00:00:00,101.25,101.45,99.73,100.42,5917300,94.98
2005-08-03 00:00:00,102.22,102.33,101.86,102.29,3426300,96.75
2005-08-02 00:00:00,102.31,102.84,102.18,102.6,1427700,97.03
2005-08-01 00:00:00,102.9,103.96,102.17,102.69,1494700,97.12
2005-07-29 00:00:00,103.37,103.81,102.72,102.78,1437500,97.2
2005-07-28 00:00:00,102.95,103.77,102.82,103.64,1441000,98.02
2005-07-27 00:00:00,102.22,102.73,101.7,102.69,1751100,97.12
2005-07-26 00:00:00,101.0,102.25,99.14,102.03,1418200,96.49
2005-07-25 00:00:00,102.6,102.6,101.09,101.09,3490400,95.6
2005-07-22 00:00:00,101.06,102.0,100.9,101.92,1212800,96.39
2005-07-21 00:00:00,102.01,102.16,100.94,101.2,3794200,95.71
2005-07-20 00:00:00,101.98,102.91,101.3,102.85,2323800,97.27
2005-07-19 00:00:00,101.79,102.36,101.31,102.23,1759400,96.68
2005-07-18 00:00:00,100.7,101.57,100.68,101.45,1383500,95.94
2005-07-15 00:00:00,100.49,101.07,100.11,100.85,1176500,95.38
2005-07-14 00:00:00,100.84,101.5,100.09,100.57,1779200,95.11
2005-07-13 00:00:00,100.63,100.83,99.9,100.07,1734500,94.64
2005-07-12 00:00:00,99.6,101.02,99.6,100.73,2280400,95.26
2005-07-11 00:00:00,99.17,99.73,98.9,99.47,826800,94.06
2005-07-08 00:00:00,97.69,99.21,97.65,99.1,3555700,93.7
2005-07-07 00:00:00,97.01,98.02,96.81,97.77,1872100,92.44
2005-07-06 00:00:00,97.8,98.09,96.99,97.44,2537300,92.13
2005-07-05 00:00:00,96.3,98.32,96.3,98.09,2462600,92.75
2005-07-01 00:00:00,96.13,96.37,95.72,96.13,1491500,90.89
2005-06-30 00:00:00,96.98,97.16,95.7,95.75,1509000,90.53
2005-06-29 00:00:00,96.75,97.36,96.23,96.39,1877300,91.13
2005-06-28 00:00:00,95.7,96.91,95.3,96.69,2362100,91.41
2005-06-27 00:00:00,94.85,95.64,94.85,95.15,2324800,89.95
2005-06-24 00:00:00,95.55,95.55,94.53,94.62,3444200,89.45
2005-06-23 00:00:00,97.17,97.58,95.79,95.83,2146100,90.6
2005-06-22 00:00:00,97.5,97.5,96.6,97.2,1310900,91.89
2005-06-21 00:00:00,97.5,97.55,96.69,96.97,935700,91.67
2005-06-20 00:00:00,95.36,97.15,95.35,96.97,1627600,91.67
2005-06-17 00:00:00,98.0,98.14,97.02,97.3,1990300,91.99
2005-06-16 00:00:00,97.45,98.15,97.19,97.55,2094600,92.22
2005-06-15 00:00:00,97.88,97.96,96.35,97.77,3427200,92.43
2005-06-14 00:00:00,95.6,97.69,95.6,97.36,2148000,92.04
2005-06-13 00:00:00,95.2,95.96,94.98,95.4,1273700,90.18
2005-06-10 00:00:00,95.4,95.52,94.63,95.18,1260400,89.97
2005-06-09 00:00:00,94.25,95.69,94.25,95.21,1247600,90.0
2005-06-08 00:00:00,95.0,95.49,94.59,94.64,1828700,89.46
2005-06-07 00:00:00,95.35,96.25,95.23,95.35,1923800,90.13
2005-06-06 00:00:00,94.35,95.06,94.24,94.91,557300,89.68
2005-06-03 00:00:00,95.4,95.5,94.03,94.17,1593200,88.98
2005-06-02 00:00:00,94.48,95.6,94.48,95.5,1618000,90.24
2005-06-01 00:00:00,93.55,94.72,93.55,94.37,2569400,89.17
2005-05-31 00:00:00,93.7,93.8,93.25,93.25,907900,88.1
2005-05-27 00:00:00,93.91,94.07,93.62,93.67,866200,88.5
2005-05-26 00:00:00,93.63,94.1,93.41,94.0,1787100,88.79
2005-05-25 00:00:00,93.48,93.63,92.98,93.45,2675300,88.27
2005-05-24 00:00:00,93.22,94.0,93.21,93.8,1398100,88.6
2005-05-23 00:00:00,93.95,94.48,93.9,94.23,1240400,89.01
2005-05-20 00:00:00,93.9,93.94,93.05,93.5,3344900,88.32
2005-05-19 00:00:00,93.92,94.37,93.65,94.31,3541000,89.09
2005-05-18 00:00:00,92.51,93.95,92.5,93.95,2969900,88.75
2005-05-17 00:00:00,91.18,92.22,91.17,92.14,5843500,87.04
2005-05-16 00:00:00,89.16,90.76,89.16,90.76,3182400,85.73
2005-05-13 00:00:00,89.2,89.48,88.25,88.76,3627100,83.84
2005-05-12 00:00:00,88.9,90.3,88.9,89.29,3122600,84.34
2005-05-11 00:00:00,90.28,90.33,88.66,90.07,4271500,85.08
2005-05-10 00:00:00,90.6,90.6,89.57,89.79,2073700,84.82
2005-05-09 00:00:00,90.22,90.96,89.96,90.89,990100,85.85
2005-05-06 00:00:00,90.41,90.9,89.99,90.29,2351000,85.28
2005-05-05 00:00:00,89.97,91.0,89.72,90.01,2648600,85.02
2005-05-04 00:00:00,89.24,90.05,89.19,89.79,4733600,84.81
2005-05-03 00:00:00,88.75,89.7,88.21,89.29,6035700,84.33
2005-05-02 00:00:00,87.84,88.77,87.83,88.77,4047400,83.84
2005-04-29 00:00:00,87.76,87.88,85.96,87.34,9076200,82.49
2005-04-28 00:00:00,87.3,88.8,87.29,87.44,2770400,82.58
2005-04-27 00:00:00,87.26,88.93,87.0,88.39,3301300,83.48
2005-04-26 00:00:00,87.26,89.11,87.07,88.1,2371100,83.21
2005-04-25 00:00:00,87.94,88.77,87.82,88.27,2152700,83.37
2005-04-22 00:00:00,88.33,88.39,87.04,87.4,4821300,82.55
2005-04-21 00:00:00,88.5,89.19,88.19,89.0,2942700,84.06
2005-04-20 00:00:00,88.22,88.93,87.11,87.85,5657900,82.97
2005-04-19 00:00:00,88.81,89.79,88.35,89.07,4284000,84.12
2005-04-18 00:00:00,88.95,89.49,88.7,89.21,2993700,84.25
2005-04-15 00:00:00,88.45,90.11,88.45,88.8,5415400,83.86
2005-04-14 00:00:00,91.35,91.47,90.34,90.4,2366600,85.37
2005-04-13 00:00:00,91.92,92.38,91.28,91.42,2765500,86.33
2005-04-12 00:00:00,91.08,92.48,90.69,92.13,3705900,86.99
2005-04-11 00:00:00,91.6,91.82,91.06,91.43,1195800,86.33
2005-04-08 00:00:00,92.0,92.33,90.75,90.75,1575900,85.68
2005-04-07 00:00:00,92.01,92.4,91.08,92.31,4448300,87.15
2005-04-06 00:00:00,93.0,93.07,92.25,92.26,3227600,87.1
2005-04-05 00:00:00,92.03,92.91,91.95,92.7,3889100,87.52
2005-04-04 00:00:00,92.35,92.4,90.42,92.01,3183200,86.87
2005-04-01 00:00:00,95.33,96.04,93.5,94.13,7744300,86.04
2005-03-31 00:00:00,96.1,96.45,95.74,95.8,2571200,87.56
2005-03-30 00:00:00,95.6,96.69,95.6,96.42,2839300,88.12
2005-03-29 00:00:00,95.89,96.45,95.2,95.35,1972500,87.15
2005-03-28 00:00:00,95.81,96.73,95.8,96.32,2722800,88.03
2005-03-24 00:00:00,95.6,95.98,95.15,95.65,1926700,87.42
2005-03-23 00:00:00,95.5,96.13,94.86,95.43,6073900,87.22
2005-03-22 00:00:00,96.22,96.77,95.64,95.75,4255200,87.51
2005-03-21 00:00:00,96.59,96.61,95.5,96.02,2917900,87.76
2005-03-18 00:00:00,97.31,97.43,96.44,96.75,2628800,88.42
2005-03-17 00:00:00,96.7,97.44,96.43,97.3,2570000,88.93
2005-03-16 00:00:00,97.22,97.33,96.41,96.74,2564400,88.42
2005-03-15 00:00:00,98.7,98.7,97.63,97.65,1737600,89.2
2005-03-14 00:00:00,98.18,98.34,97.63,98.2,2621500,89.7
2005-03-11 00:00:00,98.13,98.34,97.69,97.97,855600,89.49
2005-03-10 00:00:00,98.02,98.36,97.68,98.04,1253600,89.55
2005-03-09 00:00:00,98.03,98.21,97.62,97.91,2614700,89.43
2005-03-08 00:00:00,98.5,98.75,98.16,98.25,1213100,89.74
2005-03-07 00:00:00,98.82,99.34,98.39,98.65,1985900,90.07
2005-03-04 00:00:00,98.75,99.12,98.6,98.96,2381400,90.35
2005-03-03 00:00:00,98.19,98.95,98.19,98.5,3020100,89.93
2005-03-02 00:00:00,97.47,98.36,97.17,97.69,1582900,89.19
2005-03-01 00:00:00,97.35,98.0,97.35,98.0,1744600,89.45
2005-02-28 00:00:00,97.06,97.57,96.6,96.99,2415800,88.53
2005-02-25 00:00:00,96.35,97.1,96.19,97.1,1025100,88.63
2005-02-24 00:00:00,95.89,96.5,95.4,96.35,1419900,87.93
2005-02-23 00:00:00,96.15,96.56,95.61,96.01,1569600,87.62
2005-02-22 00:00:00,97.36,97.36,95.72,95.84,2497300,87.47
2005-02-18 00:00:00,98.01,98.2,97.82,98.13,1227000,89.56
2005-02-17 00:00:00,98.71,98.81,97.91,98.05,1463800,89.48
2005-02-16 00:00:00,98.64,98.75,98.2,98.58,1262800,89.97
2005-02-15 00:00:00,98.79,98.95,98.4,98.77,563800,90.12
2005-02-14 00:00:00,98.51,98.51,98.14,98.38,335600,89.76
2005-02-11 00:00:00,97.82,98.97,97.45,98.54,1638200,89.91
2005-02-10 00:00:00,97.93,98.22,97.38,98.04,1212000,89.45
2005-02-09 00:00:00,98.85,98.93,97.71,97.71,1710600,89.15
2005-02-08 00:00:00,99.3,99.48,98.88,98.89,938600,90.23
2005-02-07 00:00:00,99.42,99.79,99.25,99.33,721400,90.63
2005-02-04 00:00:00,98.7,99.54,98.7,99.47,1218800,90.75
2005-02-03 00:00:00,98.2,98.87,98.18,98.7,1108000,90.04
2005-02-02 00:00:00,98.56,98.99,98.4,98.8,628100,90.13
2005-02-01 00:00:00,98.0,98.56,97.77,98.13,1320600,89.52
2005-01-31 00:00:00,97.79,98.17,95.71,97.91,1052300,89.32
2005-01-28 00:00:00,95.36,97.35,95.36,97.02,1994200,88.51
2005-01-27 00:00:00,97.06,97.99,97.06,97.31,1203700,88.77
2005-01-26 00:00:00,97.0,97.45,96.73,97.15,1011100,88.63
2005-01-25 00:00:00,96.1,97.06,96.1,96.51,900500,88.04
2005-01-24 00:00:00,96.93,97.2,95.95,95.96,1679000,87.54
2005-01-21 00:00:00,97.97,97.99,96.82,96.92,1863000,88.42
2005-01-20 00:00:00,98.5,98.9,97.8,97.99,1422900,89.39
2005-01-19 00:00:00,99.33,99.55,98.64,98.71,1031800,90.05
2005-01-18 00:00:00,98.05,99.6,98.05,99.6,1167400,90.86
2005-01-14 00:00:00,97.62,98.46,97.47,98.34,649300,89.71
2005-01-13 00:00:00,97.95,98.19,97.3,97.31,1207800,88.77
2005-01-12 00:00:00,97.58,98.2,96.85,98.2,1593700,89.58
2005-01-11 00:00:00,97.23,97.71,97.23,97.44,678300,88.88
2005-01-10 00:00:00,97.13,98.19,97.04,97.6,1392800,89.03
2005-01-07 00:00:00,97.19,97.54,96.56,97.13,1439500,88.59
2005-01-06 00:00:00,98.79,98.9,96.82,97.0,2340200,88.47
2005-01-05 00:00:00,97.89,98.47,97.72,97.75,1278300,89.15
2005-01-04 00:00:00,99.28,99.38,97.67,97.75,1626800,89.15
2005-01-03 00:00:00,98.75,100.25,98.75,99.03,1711900,90.32
2004-12-31 00:00:00,99.19,99.22,98.55,98.61,876900,89.93
2004-12-30 00:00:00,99.34,99.34,98.78,98.78,441300,90.08
2004-12-29 00:00:00,98.59,99.01,98.59,98.97,818500,90.26
2004-12-28 00:00:00,97.73,98.55,97.7,98.43,1426600,89.76
2004-12-27 00:00:00,98.0,98.32,97.54,97.55,2171500,88.96
2004-12-23 00:00:00,97.83,97.97,97.18,97.21,2281300,88.65
2004-12-22 00:00:00,96.8,97.88,96.56,97.8,2743300,89.19
2004-12-21 00:00:00,96.25,96.9,96.05,96.9,2442900,88.37
2004-12-20 00:00:00,96.46,96.7,95.85,96.03,2330100,87.58
2004-12-17 00:00:00,97.18,97.31,96.24,96.24,2406300,87.68
2004-12-16 00:00:00,97.7,97.92,97.12,97.46,1659000,88.79
2004-12-15 00:00:00,98.35,98.55,97.64,98.05,2086200,89.33
2004-12-14 00:00:00,97.42,98.28,97.41,98.09,1163200,89.32
2004-12-13 00:00:00,98.0,98.0,96.76,97.59,1322100,88.87
2004-12-10 00:00:00,97.78,98.07,97.27,97.52,2019900,88.8
2004-12-09 00:00:00,97.05,98.06,96.66,98.06,1481500,89.29
2004-12-08 00:00:00,96.54,97.51,96.48,97.41,1983500,88.7
2004-12-07 00:00:00,96.6,97.98,95.64,96.57,2353900,87.93
2004-12-06 00:00:00,97.03,97.36,96.78,97.15,1174100,88.46
2004-12-03 00:00:00,97.48,97.97,96.87,97.33,1980900,88.62
2004-12-02 00:00:00,96.55,98.96,96.48,97.92,4888400,89.16
2004-12-01 00:00:00,97.15,98.17,97.15,98.05,5004300,89.28
2004-11-30 00:00:00,98.67,98.67,96.52,96.71,5350900,88.05
2004-11-29 00:00:00,99.5,99.5,98.01,98.15,3851200,89.33
2004-11-26 00:00:00,100.3,100.61,100.07,100.15,597600,91.13
2004-11-24 00:00:00,100.04,100.3,99.61,100.05,2172200,91.03
2004-11-23 00:00:00,99.95,100.13,99.25,99.91,2410000,90.9
2004-11-22 00:00:00,98.42,99.79,98.38,99.42,3369500,90.45
2004-11-19 00:00:00,100.05,100.05,98.82,98.93,2553800,90.01
2004-11-18 00:00:00,99.87,100.3,99.22,100.21,3337000,91.17
2004-11-17 00:00:00,101.3,101.49,99.95,99.99,3283300,90.97
2004-11-16 00:00:00,101.34,101.43,100.12,100.31,3101600,91.25
2004-11-15 00:00:00,100.6,102.15,100.6,102.0,2443800,92.78
2004-11-12 00:00:00,100.41,101.0,100.0,100.95,1054600,91.83
2004-11-11 00:00:00,99.6,100.31,99.15,100.28,1542000,91.22
2004-11-10 00:00:00,98.86,99.92,98.86,99.33,1367800,90.36
2004-11-09 00:00:00,99.07,99.69,97.51,99.22,1422900,90.25
2004-11-08 00:00:00,99.3,99.87,98.92,99.5,1281800,90.5
2004-11-05 00:00:00,98.9,100.15,98.7,99.68,4304100,90.66
2004-11-04 00:00:00,95.7,98.39,95.39,98.35,4024900,89.45
2004-11-03 00:00:00,96.27,96.45,95.0,95.65,3195200,87.0
2004-11-02 00:00:00,94.77,95.9,94.77,95.25,1930200,86.62
2004-11-01 00:00:00,94.23,94.93,93.88,94.65,1231900,86.08
2004-10-29 00:00:00,94.51,94.9,93.74,94.23,3404900,85.7
2004-10-28 00:00:00,93.9,94.88,93.9,94.59,1976700,86.02
2004-10-27 00:00:00,91.6,94.04,91.6,93.95,3038600,85.44
2004-10-26 00:00:00,90.87,92.1,90.86,91.95,1619800,83.62
2004-10-25 00:00:00,90.96,91.01,90.27,90.76,1153900,82.54
2004-10-22 00:00:00,92.45,92.72,91.22,91.24,1269100,82.98
2004-10-21 00:00:00,92.05,92.8,92.02,92.43,1143500,84.06
2004-10-20 00:00:00,92.4,92.66,92.08,92.34,1642300,83.98
2004-10-19 00:00:00,93.5,94.0,92.33,92.75,1543600,84.35
2004-10-18 00:00:00,91.78,93.2,91.72,93.17,2455000,84.73
2004-10-15 00:00:00,91.67,92.26,90.84,91.9,3311200,83.57
2004-10-14 00:00:00,91.77,91.95,90.89,91.03,1914800,82.78
2004-10-13 00:00:00,92.75,93.0,91.54,91.84,1221900,83.52
2004-10-12 00:00:00,92.0,92.46,91.67,92.35,1827900,83.98
2004-10-11 00:00:00,92.41,92.7,91.98,92.6,1329600,84.2
2004-10-08 00:00:00,92.64,93.15,91.62,91.97,2621700,83.63
2004-10-07 00:00:00,93.4,94.29,92.72,92.72,3934900,84.3
2004-10-06 00:00:00,92.2,93.05,92.2,93.02,3412000,84.57
2004-10-05 00:00:00,92.15,92.94,92.04,92.56,2597600,84.15
2004-10-04 00:00:00,92.0,93.6,92.0,92.65,2452800,84.24
2004-10-01 00:00:00,91.8,92.67,91.7,91.9,2275300,83.55
2004-09-30 00:00:00,91.34,91.65,91.12,91.2,1301100,82.91
2004-09-29 00:00:00,90.8,91.75,90.8,91.75,2119200,83.41
2004-09-28 00:00:00,91.0,91.06,89.89,90.84,3299200,82.58
2004-09-27 00:00:00,91.05,91.39,90.16,90.6,1141800,82.37
2004-09-24 00:00:00,90.75,91.79,90.75,91.33,1111200,83.03
2004-09-23 00:00:00,90.65,91.3,90.43,90.76,1628300,82.51
2004-09-22 00:00:00,91.0,91.2,90.23,90.36,1743000,82.15
2004-09-21 00:00:00,91.39,92.0,91.25,91.59,2513600,83.27
2004-09-20 00:00:00,91.02,91.13,90.45,91.03,1017400,82.76
2004-09-17 00:00:00,91.76,91.91,90.76,91.16,4202000,82.88
2004-09-16 00:00:00,91.57,92.1,91.5,91.63,984200,83.3
2004-09-15 00:00:00,91.62,91.75,91.01,91.3,1331700,83.0
2004-09-14 00:00:00,91.15,91.65,90.86,91.59,1006100,83.27
2004-09-13 00:00:00,91.55,92.01,91.13,91.41,1493000,83.1
2004-09-10 00:00:00,89.94,91.47,89.6,91.13,2045000,82.84
2004-09-09 00:00:00,90.5,90.61,89.46,89.92,1613400,81.74
2004-09-08 00:00:00,91.17,91.61,90.48,90.57,804000,82.33
2004-09-07 00:00:00,92.65,92.65,90.46,91.35,2841300,83.04
2004-09-03 00:00:00,91.0,91.69,90.91,91.0,2193300,82.73
2004-09-02 00:00:00,88.5,90.8,88.05,90.76,5184200,82.51
2004-09-01 00:00:00,88.62,88.62,87.85,88.48,1803100,80.43
2004-08-31 00:00:00,89.03,89.17,87.83,88.22,1915300,80.19
2004-08-30 00:00:00,89.52,89.57,88.86,88.86,732900,80.74
2004-08-27 00:00:00,89.7,89.93,89.38,89.67,1274000,81.46
2004-08-26 00:00:00,89.84,90.24,89.7,89.9,725700,81.66
2004-08-25 00:00:00,89.48,90.15,88.8,89.88,1571000,81.64
2004-08-24 00:00:00,89.75,89.84,88.91,89.34,1088300,81.15
2004-08-23 00:00:00,89.15,89.4,88.3,89.11,3862000,80.94
2004-08-20 00:00:00,89.45,90.05,89.22,89.94,2843800,81.69
2004-08-19 00:00:00,89.39,90.08,89.0,89.54,3547400,81.33
2004-08-18 00:00:00,88.4,89.85,88.35,89.62,2121500,81.4
2004-08-17 00:00:00,88.76,89.63,88.54,88.95,3581500,80.73
2004-08-16 00:00:00,86.15,87.88,86.15,87.78,1749300,79.67
2004-08-13 00:00:00,85.86,86.0,85.35,85.6,1538500,77.69
2004-08-12 00:00:00,85.69,86.25,84.98,84.98,2048900,77.12
2004-08-11 00:00:00,85.0,85.6,84.4,85.0,3130600,77.14
2004-08-10 00:00:00,85.0,85.68,84.68,85.68,1725300,77.76
2004-08-09 00:00:00,84.51,84.85,84.15,84.53,1746000,76.71
2004-08-06 00:00:00,84.05,85.05,83.8,83.95,2737700,76.19
2004-08-05 00:00:00,87.2,87.22,85.09,85.23,2775000,77.35
2004-08-04 00:00:00,86.93,87.98,86.57,86.99,3009400,78.94
2004-08-03 00:00:00,88.22,88.22,87.09,87.4,2075700,79.32
2004-08-02 00:00:00,87.99,88.91,87.81,88.53,1489600,80.34
2004-07-30 00:00:00,88.51,88.54,87.77,88.24,2138600,80.08
2004-07-29 00:00:00,88.7,89.25,87.96,88.68,2648300,80.48
2004-07-28 00:00:00,88.05,88.54,86.92,88.23,3078300,80.07
2004-07-27 00:00:00,87.15,88.7,87.15,88.5,4307800,80.31
2004-07-26 00:00:00,87.25,87.25,85.94,86.62,2508300,78.61
2004-07-23 00:00:00,87.67,88.35,87.03,87.37,2439800,79.29
2004-07-22 00:00:00,88.0,88.35,86.71,88.2,2320800,80.04
2004-07-21 00:00:00,89.43,89.69,88.24,88.25,1395600,80.09
2004-07-20 00:00:00,88.5,89.25,88.2,88.96,1435500,80.73
2004-07-19 00:00:00,88.22,88.7,87.38,87.9,1921100,79.76
2004-07-16 00:00:00,89.34,89.5,88.07,88.45,3327100,80.26
2004-07-15 00:00:00,89.85,90.06,89.09,89.12,1240600,80.87
2004-07-14 00:00:00,90.4,90.82,89.33,89.67,2888800,81.36
2004-07-13 00:00:00,89.68,90.8,89.59,90.56,3257700,82.17
2004-07-12 00:00:00,89.08,89.64,88.55,89.58,1226100,81.28
2004-07-09 00:00:00,89.38,89.55,88.8,89.01,1240000,80.75
2004-07-08 00:00:00,89.65,89.65,88.61,88.71,2479600,80.47
2004-07-07 00:00:00,89.85,90.63,89.74,90.25,1155800,81.87
2004-07-06 00:00:00,89.8,90.37,89.09,89.88,1793600,81.54
2004-07-02 00:00:00,90.24,90.97,89.48,90.0,2596000,81.64
2004-07-01 00:00:00,91.55,91.6,90.15,90.24,1762200,81.86
2004-06-30 00:00:00,90.85,91.58,90.61,91.33,1352600,82.85
2004-06-29 00:00:00,91.98,91.98,90.75,91.04,2695000,82.58
2004-06-28 00:00:00,92.43,93.11,92.24,92.25,1328200,83.68
2004-06-25 00:00:00,93.12,93.55,92.3,92.38,1941500,83.8
2004-06-24 00:00:00,93.24,93.93,92.81,92.94,1303500,84.31
2004-06-23 00:00:00,92.2,93.3,91.75,93.3,1566600,84.63
2004-06-22 00:00:00,92.19,92.59,91.61,92.35,2142800,83.77
2004-06-21 00:00:00,92.71,93.73,92.7,93.02,938800,84.38
2004-06-18 00:00:00,92.9,93.55,92.86,92.86,656700,84.23
2004-06-17 00:00:00,93.49,93.67,92.9,93.25,886200,84.59
2004-06-16 00:00:00,93.65,93.85,93.25,93.7,751900,85.0
2004-06-15 00:00:00,93.98,94.14,93.48,93.68,2195400,84.98
2004-06-14 00:00:00,93.5,93.57,92.68,92.94,1427500,84.31
2004-06-10 00:00:00,93.9,94.35,93.31,93.91,2091200,85.18
2004-06-09 00:00:00,94.51,94.72,93.65,93.65,3107000,84.95
2004-06-08 00:00:00,93.7,94.68,93.57,94.63,1027100,85.83
2004-06-07 00:00:00,93.14,94.28,92.77,94.13,2418000,85.35
2004-06-04 00:00:00,93.2,93.54,92.57,92.64,2092500,84.0
2004-06-03 00:00:00,92.26,93.83,92.18,92.65,3348200,84.01
2004-06-02 00:00:00,92.3,93.14,91.71,92.83,3103500,84.17
2004-06-01 00:00:00,91.9,92.57,91.58,92.2,2602200,83.59
2004-05-28 00:00:00,92.27,92.58,92.02,92.15,1477200,83.55
2004-05-27 00:00:00,91.8,92.7,91.8,92.6,3585100,83.95
2004-05-26 00:00:00,91.0,91.4,90.5,91.11,1782000,82.59
2004-05-25 00:00:00,88.37,91.3,88.37,91.3,2579600,82.75
2004-05-24 00:00:00,89.73,90.06,88.74,89.4,2618700,81.03
2004-05-21 00:00:00,89.0,89.62,88.35,88.98,1980200,80.65
2004-05-20 00:00:00,88.32,88.9,87.85,88.55,1688800,80.26
2004-05-19 00:00:00,89.8,90.45,88.47,88.6,4151400,80.3
2004-05-18 00:00:00,87.8,89.55,87.8,89.11,2565600,80.71
2004-05-17 00:00:00,87.5,88.04,86.7,87.37,2027300,79.12
2004-05-14 00:00:00,88.87,89.12,87.85,88.46,2488300,80.11
2004-05-13 00:00:00,88.2,89.42,87.82,88.52,2990500,80.17
2004-05-12 00:00:00,87.91,88.99,86.67,88.99,3630300,80.59
2004-05-11 00:00:00,89.5,89.5,88.17,88.65,2180200,80.28
2004-05-10 00:00:00,87.25,88.82,87.1,88.65,6229200,80.28
2004-05-07 00:00:00,89.45,90.05,87.81,87.82,5420800,79.53
2004-05-06 00:00:00,90.52,90.6,89.26,89.68,5006100,81.21
2004-05-05 00:00:00,91.0,91.66,91.0,91.46,2105800,82.82
2004-05-04 00:00:00,91.5,91.82,90.66,91.23,3335500,82.61
2004-05-03 00:00:00,91.45,92.07,90.94,91.75,1896300,83.08
2004-04-30 00:00:00,92.2,92.4,91.15,91.25,1730700,82.63
2004-04-29 00:00:00,92.6,93.19,91.02,91.77,2656200,83.1
2004-04-28 00:00:00,93.45,93.45,92.6,92.8,864700,84.03
2004-04-27 00:00:00,93.57,94.5,93.4,93.69,1630800,84.84
2004-04-26 00:00:00,93.9,94.3,92.8,92.8,1557100,84.03
2004-04-23 00:00:00,92.9,94.01,92.75,93.83,575400,84.96
2004-04-22 00:00:00,92.2,93.75,91.72,93.75,1071200,84.89
2004-04-21 00:00:00,91.41,92.36,91.32,92.08,875700,83.38
2004-04-20 00:00:00,92.7,93.59,91.72,91.75,2688000,83.08
2004-04-19 00:00:00,92.28,92.38,91.73,92.12,1858800,83.41
2004-04-16 00:00:00,92.22,92.78,91.62,92.4,1590800,83.66
2004-04-15 00:00:00,91.84,92.26,91.44,91.77,1711300,83.09
2004-04-14 00:00:00,90.45,91.63,90.45,91.41,2647500,82.76
2004-04-13 00:00:00,92.7,93.35,91.08,91.19,1578400,82.56
2004-04-12 00:00:00,92.25,92.8,92.1,92.65,1578000,83.88
2004-04-08 00:00:00,93.61,94.1,91.4,91.9,3252000,83.19
2004-04-07 00:00:00,94.1,94.15,93.09,93.27,836200,84.43
2004-04-06 00:00:00,93.67,94.41,93.6,94.32,436400,85.38
2004-04-05 00:00:00,93.15,94.18,93.07,93.92,1140700,85.02
2004-04-02 00:00:00,93.9,94.0,92.6,93.07,3040400,84.25
2004-04-01 00:00:00,93.1,93.45,92.67,92.95,1299500,84.14
2004-03-31 00:00:00,93.7,94.09,93.12,93.75,1214200,84.86
2004-03-30 00:00:00,93.1,93.72,93.1,93.63,719700,84.75
2004-03-29 00:00:00,92.8,93.59,92.75,93.47,788900,84.61
2004-03-26 00:00:00,92.6,92.88,92.18,92.33,972400,83.58
2004-03-25 00:00:00,90.85,92.91,90.85,92.66,998600,83.88
2004-03-24 00:00:00,90.25,91.13,90.14,90.59,707600,82.0
2004-03-23 00:00:00,91.17,91.19,90.3,90.34,511300,81.78
2004-03-22 00:00:00,91.05,91.21,90.18,90.62,977600,82.03
2004-03-19 00:00:00,92.34,92.81,91.83,92.0,660800,83.28
2004-03-18 00:00:00,92.17,92.98,91.38,92.77,1185500,83.98
2004-03-17 00:00:00,91.5,92.82,91.5,92.26,1070600,83.51
2004-03-16 00:00:00,91.6,91.8,90.47,91.12,988200,82.44
2004-03-15 00:00:00,91.73,92.2,90.88,91.03,1419400,82.36
2004-03-12 00:00:00,91.74,92.47,91.4,92.35,1049900,83.55
2004-03-11 00:00:00,92.15,92.76,91.06,91.5,1368500,82.78
2004-03-10 00:00:00,93.97,94.36,92.0,92.02,1710000,83.25
2004-03-09 00:00:00,94.47,94.71,93.91,94.08,972500,85.11
2004-03-08 00:00:00,95.44,95.9,94.84,94.93,899100,85.86
2004-03-05 00:00:00,94.97,96.04,94.76,95.5,1486200,86.37
2004-03-04 00:00:00,95.58,95.98,94.92,95.62,927400,86.48
2004-03-03 00:00:00,94.89,95.63,94.6,95.38,662300,86.26
2004-03-02 00:00:00,94.12,96.11,93.35,94.9,1072000,85.82
2004-03-01 00:00:00,95.65,96.15,95.23,96.0,1396500,86.82
2004-02-27 00:00:00,95.17,95.71,94.39,95.07,2024500,85.97
2004-02-26 00:00:00,94.3,95.06,92.16,94.86,1249900,85.78
2004-02-25 00:00:00,94.03,94.73,93.68,94.71,770800,85.64
2004-02-24 00:00:00,94.2,94.55,93.51,93.89,1234400,84.88
2004-02-23 00:00:00,92.84,94.6,92.84,94.0,862900,84.98
2004-02-20 00:00:00,93.8,94.84,93.39,94.48,1265300,85.41
2004-02-19 00:00:00,94.15,94.42,93.39,93.5,1516900,84.52
2004-02-18 00:00:00,93.73,93.73,92.84,93.3,1461300,84.34
2004-02-17 00:00:00,93.43,93.78,93.28,93.5,977700,84.51
2004-02-13 00:00:00,93.93,93.93,92.23,92.53,1759400,83.63
2004-02-12 00:00:00,93.4,93.91,92.95,93.39,1021500,84.41
2004-02-11 00:00:00,92.49,93.59,92.33,93.4,780900,84.42
2004-02-10 00:00:00,92.0,92.69,92.0,92.65,403400,83.74
2004-02-09 00:00:00,92.08,92.6,91.9,92.0,2236100,83.15
2004-02-06 00:00:00,91.3,92.33,90.81,92.17,1696900,83.3
2004-02-05 00:00:00,91.0,91.65,90.65,90.84,2555800,82.1
2004-02-04 00:00:00,89.48,90.78,89.48,89.9,2675300,81.25
2004-02-03 00:00:00,89.4,90.15,89.28,89.54,743100,80.92
2004-02-02 00:00:00,89.47,90.32,89.13,89.67,584200,81.04
2004-01-30 00:00:00,88.9,90.14,88.9,89.36,1096900,80.76
2004-01-29 00:00:00,88.75,89.59,88.18,89.4,779400,80.8
2004-01-28 00:00:00,91.05,91.1,88.46,88.6,1679600,80.08
2004-01-27 00:00:00,91.45,91.95,90.85,90.85,415700,82.11
2004-01-26 00:00:00,91.24,91.67,90.58,91.52,688500,82.71
2004-01-23 00:00:00,90.83,91.47,90.79,91.27,1672000,82.49
2004-01-22 00:00:00,90.81,90.96,90.21,90.58,619300,81.86
2004-01-21 00:00:00,89.6,90.59,89.31,90.5,1797000,81.79
2004-01-20 00:00:00,90.3,90.3,89.3,89.41,1563900,80.81
2004-01-16 00:00:00,90.67,90.69,89.95,90.3,2431100,81.61
2004-01-15 00:00:00,89.76,90.8,89.05,90.45,1233500,81.74
2004-01-14 00:00:00,89.25,89.91,89.19,89.8,1713000,81.16
2004-01-13 00:00:00,88.59,89.1,88.11,89.1,1171600,80.52
2004-01-12 00:00:00,88.8,88.95,87.51,88.47,1950300,79.95
2004-01-09 00:00:00,88.53,89.28,88.36,88.72,1157500,80.16
2004-01-08 00:00:00,90.72,90.82,88.81,89.0,2473700,80.42
2004-01-07 00:00:00,90.1,90.55,89.12,90.24,847600,81.54
2004-01-06 00:00:00,89.0,90.44,88.72,90.2,1207900,81.5
2004-01-05 00:00:00,88.95,88.95,87.84,88.91,1337400,80.33
2004-01-02 00:00:00,90.85,91.03,88.5,88.6,1293300,80.05
2003-12-31 00:00:00,90.05,90.37,89.84,90.32,641700,81.6
2003-12-30 00:00:00,90.0,90.19,89.38,90.19,263200,81.48
2003-12-29 00:00:00,89.18,89.95,89.06,89.95,406900,81.27
2003-12-26 00:00:00,88.74,89.48,88.74,88.98,179000,80.39
2003-12-24 00:00:00,88.71,88.74,88.22,88.48,332900,79.94
2003-12-23 00:00:00,88.45,89.24,88.43,88.74,389800,80.17
2003-12-22 00:00:00,88.28,89.18,88.12,88.63,668400,80.08
2003-12-19 00:00:00,88.72,89.09,88.32,88.45,728000,79.91
2003-12-18 00:00:00,88.73,89.0,88.33,88.9,838400,80.32
2003-12-17 00:00:00,86.46,88.32,86.3,88.25,2853600,79.73
2003-12-16 00:00:00,86.49,86.92,85.62,86.75,3264200,78.34
2003-12-15 00:00:00,89.45,89.53,86.57,86.68,2577400,78.28
2003-12-12 00:00:00,89.2,89.2,87.94,88.26,911900,79.71
2003-12-11 00:00:00,88.4,89.37,88.4,88.95,1663400,80.31
2003-12-10 00:00:00,88.57,88.8,87.34,87.8,948600,79.27
2003-12-09 00:00:00,89.48,89.64,88.32,88.45,1189100,79.86
2003-12-08 00:00:00,89.38,89.82,88.52,89.47,1026100,80.78
2003-12-05 00:00:00,89.48,90.53,89.12,89.38,1977300,80.7
2003-12-04 00:00:00,90.83,91.23,88.38,90.14,2354900,81.38
2003-12-03 00:00:00,91.73,91.9,90.55,90.6,1661500,81.79
2003-12-02 00:00:00,92.75,92.75,91.34,91.36,730600,82.47
2003-12-01 00:00:00,93.49,93.5,92.3,93.42,1632800,84.31
2003-11-28 00:00:00,93.2,93.79,93.15,93.36,117700,84.25
2003-11-26 00:00:00,93.96,93.96,92.4,93.12,771200,84.04
2003-11-25 00:00:00,93.0,94.0,93.0,93.67,183700,84.52
2003-11-24 00:00:00,91.92,93.36,91.91,93.36,563400,84.23
2003-11-21 00:00:00,91.5,91.5,90.94,91.18,601200,82.26
2003-11-20 00:00:00,90.7,92.22,90.7,91.0,447000,82.1
2003-11-19 00:00:00,90.37,91.35,89.9,91.0,396300,82.1
2003-11-18 00:00:00,92.0,92.06,90.26,90.4,660300,81.56
2003-11-17 00:00:00,91.25,91.44,90.09,91.05,852100,82.13
2003-11-14 00:00:00,92.5,93.4,91.4,91.96,768300,82.95
2003-11-13 00:00:00,92.05,92.75,91.92,92.5,1813200,83.44
2003-11-12 00:00:00,93.65,94.04,93.31,93.98,486100,84.77
2003-11-11 00:00:00,94.07,94.25,92.94,93.66,752300,84.48
2003-11-10 00:00:00,93.87,93.97,93.34,93.34,519700,84.19
2003-11-07 00:00:00,94.5,94.69,93.72,93.9,392900,84.7
2003-11-06 00:00:00,92.75,94.2,92.75,93.98,647300,84.77
2003-11-05 00:00:00,93.27,93.36,92.31,93.05,397200,83.93
2003-11-04 00:00:00,93.81,94.19,93.56,93.72,468000,84.53
2003-11-03 00:00:00,93.95,94.94,93.85,94.51,426700,85.25
2003-10-31 00:00:00,93.74,93.92,93.33,93.48,450400,84.32
2003-10-30 00:00:00,94.2,94.33,92.94,93.35,709400,84.2
2003-10-29 00:00:00,93.0,94.0,92.94,93.7,207400,84.52
2003-10-28 00:00:00,91.69,93.56,91.64,93.51,856200,84.34
2003-10-27 00:00:00,91.0,91.74,91.0,91.37,753400,82.41
2003-10-24 00:00:00,90.7,90.99,89.08,90.51,1071100,81.64
2003-10-23 00:00:00,90.39,91.44,90.39,91.37,567900,82.41
2003-10-22 00:00:00,91.01,91.37,90.54,90.65,629600,81.77
2003-10-21 00:00:00,91.69,92.54,91.69,91.95,414500,82.94
2003-10-20 00:00:00,92.04,92.13,91.3,92.08,775100,83.05
2003-10-17 00:00:00,93.21,93.21,91.69,91.79,443700,82.79
2003-10-16 00:00:00,92.95,93.5,92.34,93.04,542600,83.92
2003-10-15 00:00:00,93.2,93.34,92.3,93.01,708300,83.89
2003-10-14 00:00:00,92.25,93.16,92.09,93.16,449300,84.03
2003-10-13 00:00:00,91.96,92.85,91.9,92.65,664800,83.57
2003-10-10 00:00:00,92.15,92.28,91.24,91.42,555700,82.46
2003-10-09 00:00:00,92.3,92.86,91.5,92.1,1485200,83.06
2003-10-08 00:00:00,90.8,90.95,90.42,90.55,231600,81.66
2003-10-07 00:00:00,89.44,91.09,89.2,91.04,480000,82.1
2003-10-06 00:00:00,88.98,89.96,88.85,89.8,67900,80.98
2003-10-03 00:00:00,89.25,89.65,88.74,88.95,1509800,80.22
2003-10-02 00:00:00,86.8,87.76,86.7,87.3,853100,78.73
2003-10-01 00:00:00,85.45,87.31,85.35,87.25,1892100,78.65
2003-09-30 00:00:00,85.32,85.68,84.03,84.87,1562400,76.51
2003-09-29 00:00:00,86.3,86.3,84.82,85.99,1491000,77.52
2003-09-26 00:00:00,86.36,87.48,86.11,86.25,557200,77.75
2003-09-25 00:00:00,87.03,87.6,86.64,86.75,370800,78.2
2003-09-24 00:00:00,88.04,88.04,86.68,86.71,499000,78.17
2003-09-23 00:00:00,87.78,88.5,87.5,88.35,480600,79.64
2003-09-22 00:00:00,87.6,87.62,86.84,87.2,774700,78.61
2003-09-19 00:00:00,88.99,89.0,88.42,88.7,139700,79.96
2003-09-18 00:00:00,88.1,88.95,87.84,88.84,242400,80.09
2003-09-17 00:00:00,88.1,88.54,87.97,88.07,433300,79.39
2003-09-16 00:00:00,87.65,88.47,87.2,88.46,496700,79.74
2003-09-15 00:00:00,87.6,88.05,87.42,87.61,594100,78.98
2003-09-12 00:00:00,86.44,87.1,85.6,86.95,712900,78.38
2003-09-11 00:00:00,86.59,87.71,86.59,87.2,660900,78.61
2003-09-10 00:00:00,86.8,87.55,86.14,86.2,1180100,77.7
2003-09-09 00:00:00,88.45,88.45,86.7,86.87,971200,78.31
2003-09-08 00:00:00,89.48,89.55,88.75,89.55,744400,80.72
2003-09-05 00:00:00,90.27,90.39,89.22,89.69,855800,80.85
2003-09-04 00:00:00,90.45,91.2,90.45,91.09,814900,82.11
2003-09-03 00:00:00,91.2,91.3,90.72,90.85,491100,81.89
2003-09-02 00:00:00,90.15,91.19,90.0,91.01,364700,82.03
2003-08-29 00:00:00,89.46,90.15,89.36,90.04,175400,81.13
2003-08-28 00:00:00,89.15,89.98,88.91,89.87,137500,80.98
2003-08-27 00:00:00,88.5,88.94,88.41,88.82,48400,80.03
2003-08-26 00:00:00,88.12,88.56,87.47,88.44,145900,79.66
2003-08-25 00:00:00,88.05,88.18,87.25,88.18,509900,79.43
2003-08-22 00:00:00,89.25,89.37,87.78,88.02,694400,79.29
2003-08-21 00:00:00,88.32,88.91,88.2,88.91,293400,80.09
2003-08-20 00:00:00,87.55,88.42,87.5,88.17,301900,79.42
2003-08-19 00:00:00,88.75,88.75,87.46,87.8,263500,79.09
2003-08-18 00:00:00,87.25,88.39,87.25,88.21,409200,79.46
2003-08-15 00:00:00,86.2,86.82,86.1,86.75,233600,78.13
2003-08-14 00:00:00,86.1,86.69,85.7,86.33,365700,77.76
2003-08-13 00:00:00,86.25,86.92,86.2,86.37,869000,77.79
2003-08-12 00:00:00,85.25,86.51,85.19,86.5,199400,77.91
2003-08-11 00:00:00,84.9,85.46,84.47,84.9,228200,76.47
2003-08-08 00:00:00,84.38,84.82,84.28,84.7,406600,76.29
2003-08-07 00:00:00,83.4,83.96,82.9,83.52,456500,75.22
2003-08-06 00:00:00,81.45,82.62,81.18,82.03,261600,73.88
2003-08-05 00:00:00,82.32,82.78,81.39,81.42,723200,73.33
2003-08-04 00:00:00,82.76,83.47,81.75,83.3,222600,75.03
2003-08-01 00:00:00,83.25,83.54,82.6,82.9,752600,74.67
2003-07-31 00:00:00,83.74,85.0,83.6,83.7,277800,75.39
2003-07-30 00:00:00,83.12,83.3,82.7,83.11,176400,74.86
2003-07-29 00:00:00,83.8,83.95,82.8,83.1,406100,74.85
2003-07-28 00:00:00,84.25,84.25,83.4,83.97,202600,75.63
2003-07-25 00:00:00,83.0,84.08,82.26,83.9,304400,75.57
2003-07-24 00:00:00,84.2,84.3,82.72,82.72,481400,74.5
2003-07-23 00:00:00,83.55,83.69,82.71,83.69,360200,75.38
2003-07-22 00:00:00,82.4,83.25,81.86,83.25,324600,74.98
2003-07-21 00:00:00,83.13,83.36,82.29,82.55,179800,74.35
2003-07-18 00:00:00,83.6,83.75,82.9,83.6,401600,75.3
2003-07-17 00:00:00,84.3,84.45,82.97,83.4,398900,75.12
2003-07-16 00:00:00,84.82,84.88,83.71,84.4,297500,76.02
2003-07-15 00:00:00,84.85,85.1,84.08,84.21,108500,75.85
2003-07-14 00:00:00,84.86,85.44,84.04,84.3,220000,75.93
2003-07-11 00:00:00,83.0,84.05,83.0,83.95,212100,75.61
2003-07-10 00:00:00,82.8,83.19,81.61,82.45,587500,74.25
2003-07-09 00:00:00,84.55,84.7,83.5,83.55,318800,75.24
2003-07-08 00:00:00,83.32,84.92,83.32,84.76,673200,76.33
2003-07-07 00:00:00,82.42,83.28,82.42,83.28,229100,74.99
2003-07-03 00:00:00,81.91,82.15,81.08,81.45,159300,73.35
2003-07-02 00:00:00,81.9,82.2,81.6,82.19,351200,74.01
2003-07-01 00:00:00,80.52,81.5,79.85,81.48,498700,73.37
2003-06-30 00:00:00,81.5,81.98,81.14,81.2,560400,73.12
2003-06-27 00:00:00,81.35,81.83,80.55,80.78,217800,72.74
2003-06-26 00:00:00,80.42,81.2,80.27,81.2,150600,73.12
2003-06-25 00:00:00,81.25,81.98,80.4,80.47,241700,72.46
2003-06-24 00:00:00,80.32,81.0,80.2,80.79,262500,72.75
2003-06-23 00:00:00,80.47,80.57,79.55,79.92,240800,71.97
2003-06-20 00:00:00,81.5,81.68,80.75,81.1,428600,73.03
2003-06-19 00:00:00,82.29,82.78,81.1,81.25,238100,73.17
2003-06-18 00:00:00,82.17,82.99,81.75,82.1,291000,73.93
2003-06-17 00:00:00,82.85,82.85,82.16,82.48,233000,74.24
2003-06-16 00:00:00,81.1,82.68,81.1,82.68,391800,74.42
2003-06-13 00:00:00,81.8,81.8,80.45,80.49,566300,72.45
2003-06-12 00:00:00,82.08,82.17,80.91,81.45,465100,73.32
2003-06-11 00:00:00,80.97,81.87,80.9,81.87,336400,73.69
2003-06-10 00:00:00,81.0,81.19,80.57,81.19,347700,73.08
2003-06-09 00:00:00,80.7,81.08,80.13,80.26,401600,72.22
2003-06-06 00:00:00,82.43,82.86,80.8,81.08,1222200,72.96
2003-06-05 00:00:00,80.47,82.35,80.47,81.73,897700,73.54
2003-06-04 00:00:00,80.52,81.55,80.52,81.31,216100,73.17
2003-06-03 00:00:00,79.62,80.43,79.57,80.32,200300,72.27
2003-06-02 00:00:00,79.8,80.79,79.55,79.67,1192200,71.68
2003-05-30 00:00:00,78.5,79.08,78.5,78.9,576100,70.99
2003-05-29 00:00:00,78.67,79.32,77.62,77.76,639900,69.96
2003-05-28 00:00:00,78.05,78.94,78.05,78.34,796800,70.49
2003-05-27 00:00:00,75.5,77.47,75.28,77.32,672900,69.54
2003-05-23 00:00:00,76.31,76.31,75.65,75.85,441400,68.22
2003-05-22 00:00:00,75.6,76.95,75.55,76.65,361700,68.94
2003-05-21 00:00:00,75.26,75.86,75.13,75.6,192200,68.0
2003-05-20 00:00:00,76.2,76.8,75.31,75.69,792800,68.08
2003-05-19 00:00:00,75.89,75.89,74.4,74.5,915400,67.01
2003-05-16 00:00:00,76.8,77.5,76.28,76.89,587300,69.15
2003-05-15 00:00:00,78.34,78.35,76.72,77.58,1232900,69.76
2003-05-14 00:00:00,80.0,80.0,78.0,78.33,337600,70.44
2003-05-13 00:00:00,79.6,80.25,79.05,79.63,774300,71.6
2003-05-12 00:00:00,78.2,80.18,78.0,79.88,1024700,71.83
2003-05-09 00:00:00,78.0,78.66,77.43,78.6,107800,70.68
2003-05-08 00:00:00,77.25,78.65,77.25,77.61,1031500,69.79
2003-05-07 00:00:00,77.88,78.45,77.6,77.9,435600,70.05
2003-05-06 00:00:00,77.8,78.65,77.8,78.3,246300,70.41
2003-05-05 00:00:00,77.49,77.76,77.0,77.15,193300,69.37
2003-05-02 00:00:00,75.78,77.53,75.78,77.29,549600,69.5
2003-05-01 00:00:00,76.0,76.19,75.0,76.13,1195500,68.45
2003-04-30 00:00:00,76.78,77.2,76.45,76.79,496100,69.05
2003-04-29 00:00:00,76.88,78.0,76.67,77.34,940200,69.54
2003-04-28 00:00:00,74.85,76.71,74.75,76.41,1059800,68.71
2003-04-25 00:00:00,75.61,75.66,74.53,74.79,452000,67.25
2003-04-24 00:00:00,75.28,75.42,74.69,75.13,614100,67.55
2003-04-23 00:00:00,75.93,76.2,75.38,75.95,516200,68.29
2003-04-22 00:00:00,74.48,76.37,74.43,76.23,683700,68.54
2003-04-21 00:00:00,75.0,75.82,74.9,75.06,1800600,67.49
2003-04-17 00:00:00,74.3,75.62,73.7,75.3,1074200,67.71
2003-04-16 00:00:00,75.76,75.76,73.95,74.1,315600,66.63
2003-04-15 00:00:00,74.73,76.04,74.7,75.83,207500,68.18
2003-04-14 00:00:00,73.25,74.85,72.84,74.7,208400,67.16
2003-04-11 00:00:00,74.66,74.88,73.35,73.45,387300,66.04
2003-04-10 00:00:00,72.88,74.15,72.54,74.15,1317500,66.66
2003-04-09 00:00:00,74.1,74.55,72.58,72.58,574900,65.25
2003-04-08 00:00:00,73.88,74.4,73.57,74.05,999800,66.57
2003-04-07 00:00:00,75.5,76.09,74.06,74.1,304100,66.61
2003-04-04 00:00:00,73.5,74.06,73.35,73.9,275500,66.43
2003-04-03 00:00:00,73.25,73.87,72.9,73.1,595500,65.71
2003-04-02 00:00:00,72.0,73.21,72.0,72.95,2130100,65.58
2003-04-01 00:00:00,70.1,70.65,69.29,70.41,1692800,63.29
2003-03-31 00:00:00,69.95,71.1,69.32,70.1,860800,63.02
2003-03-28 00:00:00,71.3,71.75,70.8,71.05,344800,63.87
2003-03-27 00:00:00,71.9,72.28,71.35,71.9,276400,64.63
2003-03-26 00:00:00,72.21,73.03,72.21,72.45,182100,65.13
2003-03-25 00:00:00,71.2,72.48,71.05,72.05,230400,64.77
2003-03-24 00:00:00,71.9,72.0,70.39,70.75,281900,63.6
2003-03-21 00:00:00,72.75,74.2,71.95,74.2,408700,66.7
2003-03-20 00:00:00,71.0,72.1,70.0,72.05,571000,64.77
2003-03-19 00:00:00,70.95,71.8,70.1,71.66,259600,64.42
2003-03-18 00:00:00,70.9,70.98,69.76,70.45,200300,63.3
2003-03-17 00:00:00,66.73,70.68,66.73,70.61,500400,63.45
2003-03-14 00:00:00,67.3,68.1,66.95,67.1,993100,60.29
2003-03-13 00:00:00,65.6,67.26,65.23,67.26,493500,60.44
2003-03-12 00:00:00,63.7,64.48,63.25,64.42,399000,57.88
2003-03-11 00:00:00,64.9,65.15,63.72,63.78,346400,57.31
2003-03-10 00:00:00,65.3,65.55,64.05,64.1,660600,57.57
2003-03-07 00:00:00,64.0,65.7,63.65,65.55,307000,58.88
2003-03-06 00:00:00,63.8,65.7,63.8,64.65,810300,58.07
2003-03-05 00:00:00,64.15,64.76,63.7,64.71,178300,58.12
2003-03-04 00:00:00,65.5,65.65,64.2,64.2,314700,57.66
2003-03-03 00:00:00,67.02,67.35,65.75,65.75,111100,59.05
2003-02-28 00:00:00,66.35,67.17,66.15,66.44,1053100,59.67
2003-02-27 00:00:00,66.3,66.52,65.56,66.45,278200,59.68
2003-02-26 00:00:00,66.35,66.8,65.9,66.1,363000,59.36
2003-02-25 00:00:00,65.4,66.68,64.3,66.6,558900,59.78
2003-02-24 00:00:00,66.4,66.66,65.58,65.67,363500,58.95
2003-02-21 00:00:00,65.7,66.92,65.48,66.71,465000,59.88
2003-02-20 00:00:00,66.05,66.25,65.2,65.3,50800,58.62
2003-02-19 00:00:00,66.72,67.08,65.56,65.96,153900,59.21
2003-02-18 00:00:00,65.85,67.4,65.85,66.8,750500,59.96
2003-02-14 00:00:00,64.15,65.72,63.55,65.72,476000,58.98
2003-02-13 00:00:00,64.45,64.45,63.21,63.9,492100,57.35
2003-02-12 00:00:00,65.15,65.4,64.65,64.65,267500,58.02
2003-02-11 00:00:00,65.0,65.68,64.4,64.7,451300,58.06
2003-02-10 00:00:00,64.75,64.91,63.75,64.9,452100,58.24
2003-02-07 00:00:00,66.3,66.45,64.55,64.65,574200,58.02
2003-02-06 00:00:00,66.35,66.5,65.26,65.6,379500,58.87
2003-02-05 00:00:00,66.4,66.8,65.71,65.78,61200,59.03
2003-02-04 00:00:00,66.0,66.2,65.68,66.05,162000,59.27
2003-02-03 00:00:00,66.95,67.45,66.66,66.9,134000,60.03
2003-01-31 00:00:00,65.66,66.65,65.56,66.23,341900,59.43
2003-01-30 00:00:00,67.47,67.7,65.51,65.8,377000,59.05
2003-01-29 00:00:00,65.55,67.05,65.35,66.61,284600,59.77
2003-01-28 00:00:00,66.4,66.65,65.96,66.48,184000,59.66
2003-01-27 00:00:00,66.28,67.34,65.71,65.78,577600,59.03
2003-01-24 00:00:00,68.6,68.65,66.65,66.82,360500,59.96
2003-01-23 00:00:00,68.75,68.95,67.52,68.85,919200,61.78
2003-01-22 00:00:00,68.8,69.25,67.84,67.84,216200,60.88
2003-01-21 00:00:00,70.9,70.9,68.75,68.76,535700,61.7
2003-01-17 00:00:00,71.0,71.15,70.4,70.55,112800,63.31
2003-01-16 00:00:00,71.41,71.7,70.65,71.2,351600,63.89
2003-01-15 00:00:00,71.63,71.63,70.95,70.97,93300,63.69
2003-01-14 00:00:00,71.55,72.08,71.25,71.8,244900,64.43
2003-01-13 00:00:00,72.25,72.71,71.21,71.9,255400,64.52
2003-01-10 00:00:00,71.0,72.4,70.8,71.7,671000,64.33
2003-01-09 00:00:00,71.35,71.98,70.64,71.85,867600,64.46
2003-01-08 00:00:00,69.8,70.8,69.4,69.4,367700,62.26
2003-01-07 00:00:00,69.75,70.34,69.5,69.94,567900,62.75
2003-01-06 00:00:00,70.05,70.28,69.54,69.84,502200,62.66
2003-01-03 00:00:00,70.57,70.65,69.22,69.5,338300,62.35
2003-01-02 00:00:00,70.8,72.05,70.33,72.0,362800,64.59
2002-12-31 00:00:00,69.47,69.95,68.7,69.8,77200,62.62
2002-12-30 00:00:00,68.1,69.78,67.71,69.5,311300,62.35
2002-12-27 00:00:00,68.95,68.95,68.05,68.14,176400,61.13
2002-12-26 00:00:00,68.65,69.86,68.5,68.84,302300,61.76
2002-12-24 00:00:00,68.45,68.7,68.25,68.65,235300,61.59
2002-12-23 00:00:00,69.7,70.07,68.85,69.2,818900,62.08
2002-12-20 00:00:00,70.5,71.01,70.21,70.66,517200,63.39
2002-12-19 00:00:00,71.1,71.6,69.75,69.95,202500,62.76
2002-12-18 00:00:00,71.21,71.21,70.11,70.64,457100,63.37
2002-12-17 00:00:00,72.7,72.8,71.42,71.43,141200,64.06
2002-12-16 00:00:00,71.4,73.3,71.4,73.15,355900,65.6
2002-12-13 00:00:00,72.5,72.98,71.6,71.6,486400,64.21
2002-12-12 00:00:00,73.59,73.95,72.65,73.3,707400,65.74
2002-12-11 00:00:00,73.35,73.58,72.9,73.15,414600,65.6
2002-12-10 00:00:00,72.8,74.1,72.45,74.1,44100,66.45
2002-12-09 00:00:00,73.35,73.7,72.36,72.7,580700,65.2
2002-12-06 00:00:00,73.12,74.5,72.9,74.19,295500,66.53
2002-12-05 00:00:00,75.1,75.1,74.0,74.3,679600,66.63
2002-12-04 00:00:00,74.25,76.25,74.0,75.55,233200,67.75
2002-12-03 00:00:00,75.5,75.65,74.74,74.92,111600,67.18
2002-12-02 00:00:00,79.0,79.5,76.12,76.3,363500,68.4
2002-11-29 00:00:00,76.6,77.05,76.0,76.19,118200,68.3
2002-11-27 00:00:00,74.25,76.4,74.25,76.4,202400,68.48
2002-11-26 00:00:00,74.0,74.68,73.85,73.9,140200,66.24
2002-11-25 00:00:00,74.15,74.98,73.46,74.65,1343100,66.88
2002-11-22 00:00:00,74.25,75.45,74.25,74.27,785100,66.54
2002-11-21 00:00:00,73.8,74.44,73.45,74.09,477400,66.38
2002-11-20 00:00:00,72.5,73.48,72.26,73.35,200300,65.72
2002-11-19 00:00:00,73.0,74.4,71.76,74.4,364300,66.66
2002-11-18 00:00:00,76.4,76.4,74.45,74.5,618500,66.75
2002-11-15 00:00:00,75.0,76.7,75.0,76.1,637900,68.18
2002-11-14 00:00:00,74.25,75.25,73.74,75.25,236000,67.41
2002-11-13 00:00:00,71.95,73.2,70.9,72.8,345900,65.21
2002-11-12 00:00:00,71.95,73.4,71.2,72.0,287500,64.5
2002-11-11 00:00:00,71.7,71.85,70.95,71.15,148200,63.73
2002-11-08 00:00:00,73.7,74.0,72.15,72.5,273100,64.94
2002-11-07 00:00:00,74.45,74.85,73.2,73.74,129500,66.05
2002-11-06 00:00:00,74.8,75.0,73.45,74.65,134700,66.87
2002-11-05 00:00:00,73.25,74.65,73.18,74.55,226100,66.78
2002-11-04 00:00:00,75.55,75.67,73.35,73.35,422200,65.7
2002-11-01 00:00:00,73.7,75.55,73.65,75.43,361700,67.57
2002-10-31 00:00:00,75.8,75.9,74.29,74.6,363400,66.82
2002-10-30 00:00:00,76.6,77.11,75.3,75.96,472700,68.04
2002-10-29 00:00:00,77.75,78.26,75.3,77.9,847100,69.78
2002-10-28 00:00:00,79.25,79.45,76.94,77.14,404300,69.1
2002-10-25 00:00:00,77.0,78.65,76.45,78.5,148100,70.32
2002-10-24 00:00:00,78.8,79.55,76.75,77.17,994200,69.12
2002-10-23 00:00:00,76.42,78.0,76.4,78.0,420700,69.87
2002-10-22 00:00:00,77.15,77.75,75.61,76.4,501500,68.43
2002-10-21 00:00:00,76.1,77.44,74.87,77.35,437400,69.29
2002-10-18 00:00:00,74.3,77.01,74.25,76.84,232100,68.83
2002-10-17 00:00:00,77.3,77.3,74.85,74.99,368000,67.17
2002-10-16 00:00:00,76.8,76.8,75.53,76.0,1822600,68.07
2002-10-15 00:00:00,76.2,77.0,75.9,77.0,451700,68.97
2002-10-14 00:00:00,72.1,74.33,72.1,73.15,2265000,65.52
2002-10-11 00:00:00,70.0,72.65,69.95,72.0,770000,64.49
2002-10-10 00:00:00,64.75,68.86,64.75,68.58,1037600,61.43
2002-10-09 00:00:00,69.3,69.6,67.2,67.28,742300,60.25
2002-10-08 00:00:00,68.78,71.52,68.11,70.4,1780300,63.04
2002-10-07 00:00:00,70.61,70.61,67.2,67.49,1460300,60.44
2002-10-04 00:00:00,71.1,71.48,67.86,70.54,1127800,63.17
2002-10-03 00:00:00,70.25,71.3,69.32,69.95,373300,62.64
2002-10-02 00:00:00,72.12,73.14,70.85,71.19,824800,63.75
2002-10-01 00:00:00,69.6,72.78,69.0,72.78,1714300,65.17
2002-09-30 00:00:00,71.4,72.5,69.7,71.02,888300,63.6
2002-09-27 00:00:00,77.15,77.75,74.4,74.4,404100,66.62
2002-09-26 00:00:00,75.85,77.9,75.85,77.86,481200,69.72
2002-09-25 00:00:00,75.9,75.9,73.9,75.45,446700,67.56
2002-09-24 00:00:00,74.9,76.35,74.42,74.7,658300,66.89
2002-09-23 00:00:00,77.3,77.5,75.86,76.55,511000,68.55
2002-09-20 00:00:00,79.2,79.75,78.1,78.87,137600,70.63
2002-09-19 00:00:00,80.01,81.11,79.02,79.15,264000,70.88
2002-09-18 00:00:00,81.45,81.65,79.6,81.02,385100,72.55
2002-09-17 00:00:00,83.6,83.96,81.1,81.1,226900,72.6
2002-09-16 00:00:00,82.68,83.3,82.31,83.0,70300,74.3
2002-09-13 00:00:00,80.6,83.0,80.36,82.4,216300,73.76
2002-09-12 00:00:00,82.4,82.85,81.0,81.09,654900,72.59
2002-09-11 00:00:00,82.85,84.12,82.68,82.85,651800,74.16
2002-09-10 00:00:00,81.98,82.74,81.8,82.7,191000,74.03
2002-09-09 00:00:00,80.58,82.32,80.3,82.11,193500,73.5
2002-09-06 00:00:00,80.8,81.63,80.05,81.15,285000,72.64
2002-09-05 00:00:00,77.68,79.32,77.2,78.42,742900,70.2
2002-09-04 00:00:00,78.2,79.6,77.4,79.3,309500,70.99
2002-09-03 00:00:00,79.47,79.7,77.92,78.09,562200,69.9
2002-08-30 00:00:00,79.9,81.15,79.8,80.25,228400,71.81
2002-08-29 00:00:00,79.2,80.6,78.82,80.0,563400,71.59
2002-08-28 00:00:00,80.56,81.05,79.86,80.3,277600,71.86
2002-08-27 00:00:00,81.8,82.45,80.71,81.0,688000,72.46
2002-08-26 00:00:00,82.3,83.1,81.13,82.72,368700,74.0
2002-08-23 00:00:00,83.2,83.53,82.27,82.27,799500,73.6
2002-08-22 00:00:00,82.71,84.5,82.58,84.22,81300,75.34
2002-08-21 00:00:00,82.88,83.21,81.26,83.18,273700,74.41
2002-08-20 00:00:00,82.5,82.85,81.22,82.1,1068500,73.44
2002-08-19 00:00:00,79.8,82.52,79.7,82.16,494100,73.5
2002-08-16 00:00:00,79.65,81.18,79.4,79.85,471300,71.43
2002-08-15 00:00:00,79.42,81.28,79.08,81.2,1050300,72.62
2002-08-14 00:00:00,74.45,78.45,74.22,78.33,1408800,70.06
2002-08-13 00:00:00,73.75,76.7,73.75,73.85,1680400,66.05
2002-08-12 00:00:00,74.1,74.75,73.78,74.16,257400,66.33
2002-08-09 00:00:00,74.65,76.35,74.02,76.03,864500,68.0
2002-08-08 00:00:00,74.9,75.2,72.19,75.18,1502300,67.24
2002-08-07 00:00:00,76.15,76.15,73.98,75.9,1869700,67.88
2002-08-06 00:00:00,73.4,75.84,73.4,74.75,423500,66.86
2002-08-05 00:00:00,73.7,74.3,72.1,72.1,261700,64.48
2002-08-02 00:00:00,75.4,75.6,72.55,73.43,460500,65.67
2002-08-01 00:00:00,78.27,78.5,75.65,75.65,718700,67.66
2002-07-31 00:00:00,78.43,78.7,76.51,78.7,1032700,70.39
2002-07-30 00:00:00,79.1,80.15,77.9,79.05,783300,70.7
2002-07-29 00:00:00,77.59,80.0,77.4,80.0,543100,71.55
2002-07-26 00:00:00,74.93,76.5,74.4,76.5,187100,68.42
2002-07-25 00:00:00,75.99,76.55,72.6,75.2,510800,67.25
2002-07-24 00:00:00,69.8,77.35,69.55,77.15,999300,69.0
2002-07-23 00:00:00,73.15,74.2,71.5,71.63,362400,64.06
2002-07-22 00:00:00,73.7,74.98,71.05,72.27,633700,64.63
2002-07-19 00:00:00,74.8,76.3,73.85,74.03,838200,66.21
2002-07-18 00:00:00,77.8,79.49,76.5,76.55,640700,68.46
2002-07-17 00:00:00,80.41,80.91,76.03,77.52,1305200,69.33
2002-07-16 00:00:00,80.16,80.65,78.42,78.42,416500,70.13
2002-07-15 00:00:00,80.3,81.39,77.53,81.39,979400,72.79
2002-07-12 00:00:00,82.5,82.63,80.65,81.08,574000,72.51
2002-07-11 00:00:00,84.75,85.65,81.9,83.67,177200,74.83
2002-07-10 00:00:00,87.58,88.06,84.52,84.54,224500,75.59
2002-07-09 00:00:00,89.38,89.6,86.8,86.89,204500,77.69
2002-07-08 00:00:00,90.36,90.36,88.38,88.5,204000,79.13
2002-07-05 00:00:00,87.83,89.48,87.71,89.4,114200,79.94
2002-07-03 00:00:00,84.7,86.73,83.75,86.73,238700,77.55
2002-07-02 00:00:00,86.63,86.9,84.75,84.85,268900,75.87
2002-07-01 00:00:00,88.93,89.48,86.92,86.92,250500,77.72
2002-06-28 00:00:00,89.55,90.7,88.51,88.8,216900,79.4
2002-06-27 00:00:00,89.25,89.83,87.35,89.75,459400,80.25
2002-06-26 00:00:00,85.87,88.61,85.55,87.82,266600,78.52
2002-06-25 00:00:00,89.23,90.4,87.04,87.26,357600,78.02
2002-06-24 00:00:00,87.8,89.04,86.19,88.0,295600,78.68
2002-06-21 00:00:00,89.6,89.75,87.69,87.95,289500,78.64
2002-06-20 00:00:00,91.69,91.69,89.69,89.69,942700,80.2
2002-06-19 00:00:00,92.05,93.26,91.66,91.74,40300,82.03
2002-06-18 00:00:00,92.64,92.69,91.91,91.94,137200,82.18
2002-06-17 00:00:00,90.8,93.0,90.65,93.0,104600,83.13
2002-06-14 00:00:00,90.0,90.2,88.65,90.14,224300,80.57
2002-06-13 00:00:00,92.14,92.14,90.98,90.98,115000,81.33
2002-06-12 00:00:00,92.05,93.12,91.8,93.08,128500,83.2
2002-06-11 00:00:00,95.39,95.57,92.95,92.95,90500,83.09
2002-06-10 00:00:00,93.1,94.1,93.1,93.83,122400,83.85
2002-06-07 00:00:00,91.53,92.48,91.15,92.25,144900,82.44
2002-06-06 00:00:00,93.37,93.37,92.0,92.07,214700,82.28
2002-06-05 00:00:00,93.49,94.4,93.32,94.14,168000,84.13
2002-06-04 00:00:00,92.62,92.65,91.41,92.15,256900,82.35
2002-06-03 00:00:00,94.6,95.37,92.9,93.0,241400,83.11
2002-05-31 00:00:00,94.1,95.82,94.1,94.72,219400,84.64
2002-05-30 00:00:00,93.61,93.94,92.9,93.33,90700,83.4
2002-05-29 00:00:00,94.3,94.84,94.02,94.02,207400,84.02
2002-05-28 00:00:00,95.8,96.11,93.61,94.45,93600,84.37
2002-05-24 00:00:00,97.1,97.79,96.33,96.43,63200,86.14
2002-05-23 00:00:00,97.06,97.06,95.9,96.8,76700,86.47
2002-05-22 00:00:00,96.18,96.62,95.54,96.55,455000,86.25
2002-05-21 00:00:00,99.08,99.08,96.9,96.9,116700,86.56
2002-05-20 00:00:00,101.25,101.3,99.88,100.0,92300,89.33
2002-05-17 00:00:00,99.55,100.27,99.55,99.8,114200,89.15
2002-05-16 00:00:00,98.3,99.49,98.3,98.9,154200,88.34
2002-05-15 00:00:00,99.45,99.92,98.39,98.39,57900,87.88
2002-05-14 00:00:00,97.25,99.2,97.25,99.05,184500,88.47
2002-05-13 00:00:00,94.8,95.81,94.75,95.75,58200,85.52
2002-05-10 00:00:00,96.65,96.65,94.6,94.7,168200,84.58
2002-05-09 00:00:00,97.0,97.0,95.91,96.5,152400,86.19
2002-05-08 00:00:00,98.0,98.15,96.69,97.61,118100,87.18
2002-05-07 00:00:00,95.6,96.7,95.35,96.22,106600,85.94
2002-05-06 00:00:00,96.24,97.2,94.8,94.87,94200,84.73
2002-05-03 00:00:00,97.29,97.29,95.87,96.07,314300,85.8
2002-05-02 00:00:00,97.0,97.6,96.99,97.5,34000,87.08
2002-05-01 00:00:00,95.3,96.89,95.01,96.55,220300,86.23
2002-04-30 00:00:00,96.0,96.95,95.9,96.57,102600,86.25
2002-04-29 00:00:00,96.61,97.89,96.6,96.64,224400,86.31
2002-04-26 00:00:00,98.8,98.8,97.12,97.24,86500,86.85
2002-04-25 00:00:00,97.51,98.45,97.3,98.45,52300,87.93
2002-04-24 00:00:00,100.05,100.09,98.36,98.55,55300,88.02
2002-04-23 00:00:00,99.39,99.99,99.3,99.63,29200,88.98
2002-04-22 00:00:00,100.48,100.67,98.88,99.32,57500,88.71
2002-04-19 00:00:00,100.37,100.54,100.15,100.54,50700,89.8
2002-04-18 00:00:00,100.41,100.59,98.97,100.22,41300,89.51
2002-04-17 00:00:00,101.15,101.15,99.62,100.1,21100,89.4
2002-04-16 00:00:00,100.55,101.09,100.36,101.01,12600,90.21
2002-04-15 00:00:00,100.72,100.83,99.82,100.0,78400,89.31
2002-04-12 00:00:00,100.48,101.48,100.36,101.0,20200,90.2
2002-04-11 00:00:00,101.4,102.0,99.47,99.61,127500,88.96
2002-04-10 00:00:00,100.7,101.25,100.54,101.25,74000,90.41
2002-04-09 00:00:00,100.05,100.6,99.96,100.36,81500,89.62
2002-04-08 00:00:00,98.12,99.65,97.61,99.59,93900,88.93
2002-04-05 00:00:00,98.1,98.39,97.9,98.17,6900,87.66
2002-04-04 00:00:00,97.15,97.72,96.92,97.0,62300,86.62
2002-04-03 00:00:00,97.47,97.78,95.66,96.05,95700,85.77
2002-04-02 00:00:00,98.07,98.07,96.75,96.95,101700,86.57
2002-04-01 00:00:00,98.25,98.58,97.46,98.26,100400,87.74
2002-03-28 00:00:00,99.78,100.11,98.93,99.75,105000,89.07
2002-03-27 00:00:00,99.0,99.77,99.0,99.77,3400,89.09
2002-03-26 00:00:00,99.6,100.14,99.25,99.27,120000,88.64
2002-03-25 00:00:00,100.15,100.33,99.25,99.25,103700,88.63
2002-03-22 00:00:00,100.0,101.07,99.95,100.7,4600,89.92
2002-03-21 00:00:00,100.85,100.89,100.15,100.84,42500,90.05
2002-03-20 00:00:00,101.0,102.23,101.0,101.59,95000,90.71
2002-03-19 00:00:00,101.75,101.95,101.09,101.58,83100,90.68
2002-03-18 00:00:00,101.5,101.5,100.45,101.1,100500,90.25
2002-03-15 00:00:00,100.45,101.44,99.98,101.31,64500,90.44
2002-03-14 00:00:00,99.8,100.28,99.6,99.91,130100,89.19
2002-03-13 00:00:00,98.8,99.7,98.8,99.7,118400,89.0
2002-03-12 00:00:00,98.6,100.0,98.56,99.73,28400,89.03
2002-03-11 00:00:00,99.4,99.6,98.99,99.59,20000,88.89
2002-03-08 00:00:00,99.5,100.49,99.47,99.47,142400,88.78
2002-03-07 00:00:00,99.35,99.35,97.75,98.35,119600,87.78
2002-03-06 00:00:00,97.23,98.2,96.79,98.18,150200,87.63
2002-03-05 00:00:00,98.65,98.9,96.5,96.65,299900,86.26
2002-03-04 00:00:00,99.3,100.08,98.94,99.83,109900,89.1
2002-03-01 00:00:00,99.25,99.49,98.98,99.3,678200,88.62
2002-02-28 00:00:00,99.6,100.0,98.26,98.64,247800,88.03
2002-02-27 00:00:00,101.2,101.2,99.0,99.41,565300,88.72
2002-02-26 00:00:00,100.1,101.2,99.15,100.61,178500,89.77
2002-02-25 00:00:00,99.0,99.55,98.68,99.5,51800,88.77
2002-02-22 00:00:00,97.45,97.75,95.91,97.75,223400,87.21
2002-02-21 00:00:00,99.0,99.99,98.09,98.31,35400,87.71
2002-02-20 00:00:00,97.46,99.23,97.33,99.23,309500,88.53
2002-02-19 00:00:00,97.95,98.03,96.99,97.08,48300,86.61
2002-02-15 00:00:00,98.25,98.65,97.95,97.95,48200,87.39
2002-02-14 00:00:00,99.21,99.9,98.67,98.85,25100,88.18
2002-02-13 00:00:00,98.5,99.2,98.5,98.95,22400,88.27
2002-02-12 00:00:00,97.67,98.22,97.67,98.14,311900,87.54
2002-02-11 00:00:00,96.5,98.11,96.5,98.1,38800,87.51
2002-02-08 00:00:00,94.7,96.35,94.7,96.18,72800,85.8
2002-02-07 00:00:00,96.75,96.98,95.28,95.28,316900,84.99
2002-02-06 00:00:00,96.33,96.42,95.57,96.0,104200,85.64
2002-02-05 00:00:00,96.45,97.37,96.45,96.6,38500,86.17
2002-02-04 00:00:00,97.15,97.96,96.25,96.28,105500,85.88
2002-02-01 00:00:00,98.35,98.35,96.81,96.83,13200,86.37
2002-01-31 00:00:00,97.25,98.48,97.2,98.24,90600,87.63
2002-01-30 00:00:00,94.5,97.28,94.17,96.82,91900,86.37
2002-01-29 00:00:00,97.0,97.65,94.5,94.68,85800,84.46
2002-01-28 00:00:00,95.95,96.85,95.95,96.65,60500,86.21
2002-01-25 00:00:00,96.0,96.14,95.39,95.82,78300,85.47
2002-01-24 00:00:00,96.94,97.58,96.77,96.77,55800,86.32
2002-01-23 00:00:00,95.9,97.26,95.68,96.9,12700,86.44
2002-01-22 00:00:00,95.5,96.45,95.45,95.65,67600,85.32
2002-01-18 00:00:00,94.24,94.8,94.24,94.55,103000,84.34
2002-01-17 00:00:00,93.92,94.53,93.56,94.3,26100,84.11
2002-01-16 00:00:00,94.3,94.7,93.71,93.71,24800,83.59
2002-01-15 00:00:00,94.25,94.92,94.11,94.57,80700,84.35
2002-01-14 00:00:00,94.85,95.48,94.52,94.52,38800,84.31
2002-01-11 00:00:00,96.45,96.45,94.75,94.89,39400,84.64
2002-01-10 00:00:00,96.0,96.76,95.87,96.57,105800,86.12
2002-01-09 00:00:00,97.1,97.1,95.5,95.85,159500,85.48
2002-01-08 00:00:00,96.95,96.96,96.4,96.4,70800,85.97
2002-01-07 00:00:00,97.53,97.83,96.52,96.52,7400,86.08
2002-01-04 00:00:00,96.3,97.13,96.3,96.67,15200,86.21
2002-01-03 00:00:00,95.5,96.28,95.22,95.55,15800,85.21
2002-01-02 00:00:00,95.5,95.63,95.0,95.63,16800,85.28
2001-12-31 00:00:00,96.95,97.65,96.5,96.63,33600,86.18
2001-12-28 00:00:00,96.85,97.9,96.85,97.17,14600,86.66
2001-12-27 00:00:00,96.5,96.82,96.47,96.53,3500,86.09
2001-12-26 00:00:00,96.0,96.83,96.0,96.45,10800,86.02
2001-12-24 00:00:00,95.62,96.03,95.62,95.9,3000,85.53
2001-12-21 00:00:00,94.42,95.25,94.42,95.25,9100,84.95
2001-12-20 00:00:00,95.25,95.25,94.07,94.07,7600,83.89
2001-12-19 00:00:00,92.95,94.25,92.87,94.23,18800,84.04
2001-12-18 00:00:00,94.0,94.33,93.73,93.88,22000,83.7
2001-12-17 00:00:00,91.65,93.2,91.65,92.97,16500,82.89
2001-12-14 00:00:00,90.37,92.0,90.37,91.95,75800,81.98
2001-12-13 00:00:00,89.75,90.73,89.67,90.73,78000,80.89
2001-12-12 00:00:00,91.32,91.32,90.52,91.25,24400,81.36
2001-12-11 00:00:00,91.55,91.75,90.72,90.87,82800,81.02
2001-12-10 00:00:00,93.85,94.05,92.7,93.0,37600,82.92
2001-12-07 00:00:00,94.5,94.6,94.07,94.47,124300,84.23
2001-12-06 00:00:00,94.6,95.2,94.6,95.15,16900,84.83
2001-12-05 00:00:00,93.35,96.43,93.35,95.9,27200,85.5
2001-12-04 00:00:00,92.5,93.4,91.87,93.4,42600,83.26
2001-12-03 00:00:00,91.85,92.52,91.85,92.52,5800,82.48
2001-11-30 00:00:00,92.85,93.06,92.74,93.04,14200,82.94
2001-11-29 00:00:00,91.19,91.71,90.85,91.71,15500,81.76
2001-11-28 00:00:00,91.4,92.55,91.11,92.0,32600,82.02
2001-11-27 00:00:00,92.35,92.66,91.69,92.66,3900,82.56
2001-11-26 00:00:00,93.11,93.11,92.4,93.0,53600,82.87
2001-11-23 00:00:00,92.5,93.0,92.5,92.8,20100,82.69
2001-11-21 00:00:00,91.5,91.81,91.05,91.76,8000,81.76
2001-11-20 00:00:00,92.7,92.7,91.6,92.38,1400,82.31
2001-11-19 00:00:00,91.0,92.99,91.0,92.86,23800,82.73
2001-11-16 00:00:00,92.0,92.1,90.09,90.69,80800,80.8
2001-11-15 00:00:00,92.3,93.1,92.12,92.95,34000,82.81
2001-11-14 00:00:00,90.95,92.25,90.69,92.25,40200,82.19
2001-11-13 00:00:00,88.75,89.66,88.45,89.65,19900,79.87
2001-11-12 00:00:00,86.05,86.85,85.4,86.85,11100,77.37
2001-11-09 00:00:00,86.8,87.25,86.1,87.25,40500,77.73
2001-11-08 00:00:00,88.1,88.5,86.7,87.2,14900,77.68
2001-11-07 00:00:00,87.5,87.5,86.3,86.5,3400,77.06
2001-11-06 00:00:00,85.95,87.55,85.6,87.55,47100,78.0
2001-11-05 00:00:00,85.9,86.5,85.26,86.2,22900,76.79
2001-11-02 00:00:00,83.5,84.9,83.4,84.5,12500,75.28
2001-11-01 00:00:00,80.65,83.3,80.65,82.5,13100,73.49
2001-10-31 00:00:00,81.1,82.25,80.6,81.75,7000,72.83
2001-10-30 00:00:00,80.65,81.2,79.51,79.6,40000,70.91
2001-10-29 00:00:00,83.05,83.55,82.6,83.0,4400,73.94
2001-10-26 00:00:00,84.75,85.45,84.35,85.45,3800,76.12
2001-10-25 00:00:00,83.0,84.7,81.76,84.7,34300,75.45
2001-10-24 00:00:00,84.85,85.0,83.7,83.7,11500,74.56
2001-10-23 00:00:00,85.5,85.75,84.75,84.92,28700,75.65
2001-10-22 00:00:00,84.6,84.95,83.6,84.95,16500,75.68
2001-10-19 00:00:00,83.3,84.1,83.15,83.85,8600,74.7
2001-10-18 00:00:00,84.35,84.35,83.75,83.8,2200,74.65
2001-10-17 00:00:00,86.45,86.45,84.1,84.35,13100,75.14
2001-10-16 00:00:00,86.05,86.05,84.35,85.45,2700,76.12
2001-10-15 00:00:00,84.4,85.45,84.1,85.45,29500,76.12
2001-10-12 00:00:00,84.55,85.0,83.46,85.0,21400,75.72
2001-10-11 00:00:00,85.65,86.55,85.65,85.95,164300,76.56
2001-10-10 00:00:00,81.4,83.9,81.4,83.9,151700,74.72
2001-10-09 00:00:00,80.6,81.15,80.6,81.0,3800,72.14
2001-10-08 00:00:00,81.5,82.4,81.15,81.15,11200,72.27
2001-10-05 00:00:00,82.15,83.2,81.15,83.2,3800,74.1
2001-10-04 00:00:00,83.1,83.4,82.2,82.2,4100,73.21
2001-10-03 00:00:00,81.4,84.8,81.4,84.5,317300,75.26
2001-10-02 00:00:00,79.65,80.6,79.6,80.35,16500,71.56
2001-10-01 00:00:00,78.3,78.7,77.15,78.3,127600,69.74
2001-09-28 00:00:00,77.5,79.7,77.0,79.5,17800,70.8
2001-09-27 00:00:00,76.6,76.65,75.5,76.65,10100,68.27
2001-09-26 00:00:00,78.1,78.45,76.55,76.6,555300,68.22
2001-09-25 00:00:00,77.55,78.0,76.35,77.8,9200,69.29
2001-09-24 00:00:00,74.5,77.1,74.5,76.65,28000,68.26
2001-09-21 00:00:00,70.0,73.65,70.0,71.55,13400,63.72
2001-09-20 00:00:00,73.8,73.8,72.75,72.75,9300,64.79
2001-09-19 00:00:00,76.85,77.65,73.25,73.9,59700,65.81
2001-09-18 00:00:00,75.85,77.85,75.8,76.4,9900,68.02
2001-09-17 00:00:00,76.75,78.35,75.65,76.5,23300,68.1
2001-09-10 00:00:00,81.25,82.4,80.4,81.25,14500,72.33
2001-09-07 00:00:00,83.5,83.8,81.05,82.5,7800,73.45
2001-09-06 00:00:00,88.5,88.5,84.85,84.85,3500,75.54
2001-09-05 00:00:00,88.4,88.9,86.9,88.9,105800,79.14
2001-09-04 00:00:00,90.3,90.75,90.3,90.35,17500,80.43
2001-08-31 00:00:00,87.8,89.7,87.8,88.55,4000,78.83
2001-08-30 00:00:00,89.35,89.8,87.5,87.5,4700,77.89
2001-08-29 00:00:00,91.3,91.3,89.6,89.6,7300,79.76
2001-08-28 00:00:00,91.3,91.4,90.5,91.4,4800,81.34
2001-08-27 00:00:00,92.85,92.85,91.86,92.06,10300,81.91
2001-08-24 00:00:00,90.6,93.14,90.6,93.08,36300,82.82
2001-08-23 00:00:00,91.35,91.35,90.05,90.44,29500,80.47
2001-08-22 00:00:00,90.95,91.64,90.3,91.35,31300,81.28
2001-08-21 00:00:00,93.0,93.0,91.8,92.0,4600,81.86
2001-08-20 00:00:00,92.2,93.25,92.2,93.25,4100,82.97
2001-08-17 00:00:00,91.82,92.0,91.05,91.45,16100,81.37
2001-08-16 00:00:00,92.51,92.65,92.1,92.1,3900,81.95
2001-08-15 00:00:00,94.15,94.65,93.25,93.5,1700,83.18
2001-08-14 00:00:00,93.4,94.4,93.4,93.7,2000,83.36
2001-08-13 00:00:00,92.5,93.0,92.35,93.0,2400,82.74
2001-08-10 00:00:00,93.6,93.6,93.25,93.25,7100,82.96
2001-08-09 00:00:00,94.05,94.1,93.5,93.5,7400,83.18
2001-08-08 00:00:00,95.0,96.5,94.06,94.06,5600,83.68
2001-08-07 00:00:00,94.3,95.55,94.3,95.5,11000,84.96
2001-08-06 00:00:00,95.65,95.65,94.1,94.1,39100,83.72
2001-08-03 00:00:00,96.41,96.41,95.5,96.0,15900,85.41
2001-08-02 00:00:00,95.95,96.35,95.65,96.35,2700,85.72
2001-08-01 00:00:00,95.95,96.1,95.5,96.0,1500,85.41
2001-07-31 00:00:00,96.0,97.3,95.85,96.05,10000,85.45
2001-07-30 00:00:00,95.1,95.55,94.85,95.45,600,84.92
2001-07-27 00:00:00,94.65,95.0,94.3,94.62,2100,84.18
2001-07-26 00:00:00,94.15,94.2,93.85,94.0,1000,83.63
2001-07-25 00:00:00,92.75,95.15,92.75,95.15,2000,84.65
2001-07-24 00:00:00,94.0,94.15,92.45,92.6,61400,82.38
2001-07-23 00:00:00,96.05,96.4,94.5,94.5,27500,84.07
2001-07-20 00:00:00,97.0,97.0,96.3,96.3,10500,85.67
2001-07-19 00:00:00,95.75,96.35,95.75,96.1,21700,85.5
2001-07-18 00:00:00,94.45,95.15,94.0,95.0,12400,84.51
2001-07-17 00:00:00,93.55,94.5,93.05,94.5,16300,84.07
2001-07-16 00:00:00,93.5,94.25,93.1,93.1,10300,82.82
2001-07-13 00:00:00,92.25,93.25,92.25,93.25,1300,82.95
2001-07-12 00:00:00,89.4,92.2,89.4,92.2,13800,82.02
2001-07-11 00:00:00,88.3,89.0,87.7,89.0,8500,79.16
2001-07-10 00:00:00,90.05,90.05,87.75,87.75,17000,78.05
2001-07-09 00:00:00,88.35,89.05,88.35,88.8,16100,78.98
2001-07-06 00:00:00,90.1,90.1,88.7,89.5,9800,79.61
2001-07-05 00:00:00,91.6,91.8,91.15,91.5,2600,81.38
2001-07-03 00:00:00,92.8,92.8,92.3,92.7,700,82.45
2001-07-02 00:00:00,92.0,93.15,91.7,92.8,12900,82.54
2001-06-29 00:00:00,92.4,93.64,91.1,92.16,34800,81.97
2001-06-28 00:00:00,92.35,93.75,92.35,93.5,12500,83.16
2001-06-27 00:00:00,92.5,93.79,91.3,91.3,8100,81.21
2001-06-26 00:00:00,93.0,93.15,92.65,92.9,3300,82.63
2001-06-25 00:00:00,96.45,96.45,93.37,93.71,10200,83.35
2001-06-22 00:00:00,97.3,97.3,96.0,96.9,15600,86.19
2001-06-21 00:00:00,96.1,98.45,96.1,98.0,21000,87.16
2001-06-20 00:00:00,96.1,96.6,95.08,95.95,9600,85.34
2001-06-19 00:00:00,96.11,96.32,95.1,95.35,4300,84.78
2001-06-18 00:00:00,94.5,95.8,94.5,95.1,3600,84.56
2001-06-15 00:00:00,94.5,94.95,93.4,93.76,6800,83.37
2001-06-14 00:00:00,96.65,96.65,95.62,95.95,1400,85.32
2001-06-13 00:00:00,96.45,97.05,96.45,96.55,2900,85.85
2001-06-12 00:00:00,95.8,97.8,95.25,97.64,2600,86.82
2001-06-11 00:00:00,97.55,97.9,96.4,96.74,7700,86.01
2001-06-08 00:00:00,98.0,98.0,97.45,97.45,400,86.64
2001-06-07 00:00:00,96.25,98.09,96.1,98.09,3500,87.21
2001-06-06 00:00:00,96.8,97.24,96.8,96.8,2700,86.06
2001-06-05 00:00:00,96.39,96.91,96.39,96.91,4900,86.15
2001-06-04 00:00:00,94.96,95.69,94.9,95.55,5500,84.94
2001-06-01 00:00:00,96.05,96.45,95.5,95.9,52200,85.25
2001-05-31 00:00:00,96.0,96.5,95.6,96.2,9400,85.52
2001-05-30 00:00:00,96.9,97.15,96.1,96.1,4400,85.43
2001-05-29 00:00:00,98.2,98.25,96.75,96.95,54800,86.16
2001-05-25 00:00:00,98.9,99.4,98.35,98.45,5400,87.49
2001-05-24 00:00:00,97.85,99.24,97.85,99.17,4200,88.13
2001-05-23 00:00:00,98.8,98.8,97.95,98.2,4300,87.27
2001-05-22 00:00:00,99.75,100.9,99.15,100.1,88500,88.96
2001-05-21 00:00:00,98.2,100.15,97.8,99.95,15900,88.83
2001-05-18 00:00:00,97.3,97.75,97.25,97.75,1900,86.87
2001-05-17 00:00:00,97.75,98.45,97.7,98.0,14200,87.09
