Date,Adj Close
1990-01-02,359.690002
1990-01-03,358.76001
1990-01-04,355.670013
1990-01-05,352.200012
1990-01-08,353.790009
1990-01-09,349.619995
1990-01-10,347.309998
1990-01-11,348.52999900000003
1990-01-12,339.929993
1990-01-15,337.0
1990-01-16,340.75
1990-01-17,337.399994
1990-01-18,338.190002
1990-01-19,339.149994
1990-01-22,330.380005
1990-01-23,331.609985
1990-01-24,330.26001
1990-01-25,326.079987
1990-01-26,325.799988
1990-01-29,325.200012
1990-01-30,322.980011
1990-01-31,329.079987
1990-02-01,328.790009
1990-02-02,330.920013
1990-02-05,331.850006
1990-02-06,329.660004
1990-02-07,333.75
1990-02-08,332.959991
1990-02-09,333.619995
1990-02-12,330.079987
1990-02-13,331.019989
1990-02-14,332.01001
1990-02-15,334.890015
1990-02-16,332.72000099999997
1990-02-20,327.98999
1990-02-21,327.670013
1990-02-22,325.700012
1990-02-23,324.149994
1990-02-26,328.670013
1990-02-27,330.26001
1990-02-28,331.890015
1990-03-01,332.73999
1990-03-02,335.540009
1990-03-05,333.73999
1990-03-06,337.929993
1990-03-07,336.950012
1990-03-08,340.269989
1990-03-09,337.929993
1990-03-12,338.670013
1990-03-13,336.0
1990-03-14,336.869995
1990-03-15,338.070007
1990-03-16,341.910004
1990-03-19,343.52999900000003
1990-03-20,341.570007
1990-03-21,339.73999
1990-03-22,335.690002
1990-03-23,337.22000099999997
1990-03-26,337.630005
1990-03-27,341.5
1990-03-28,342.0
1990-03-29,340.790009
1990-03-30,339.940002
1990-04-02,338.700012
1990-04-03,343.640015
1990-04-04,341.089996
1990-04-05,340.730011
1990-04-06,340.079987
1990-04-09,341.369995
1990-04-10,342.070007
1990-04-11,341.920013
1990-04-12,344.339996
1990-04-16,344.73999
1990-04-17,344.679993
1990-04-18,340.72000099999997
1990-04-19,338.089996
1990-04-20,335.119995
1990-04-23,331.049988
1990-04-24,330.359985
1990-04-25,332.02999900000003
1990-04-26,332.920013
1990-04-27,329.109985
1990-04-30,330.799988
1990-05-01,332.25
1990-05-02,334.480011
1990-05-03,335.570007
1990-05-04,338.390015
1990-05-07,340.52999900000003
1990-05-08,342.01001
1990-05-09,342.859985
1990-05-10,343.820007
1990-05-11,352.0
1990-05-14,354.75
1990-05-15,354.27999900000003
1990-05-16,354.0
1990-05-17,354.47000099999997
1990-05-18,354.640015
1990-05-21,358.0
1990-05-22,358.429993
1990-05-23,359.290009
1990-05-24,358.410004
1990-05-25,354.579987
1990-05-29,360.649994
1990-05-30,360.859985
1990-05-31,361.230011
1990-06-01,363.160004
1990-06-04,367.399994
1990-06-05,366.640015
1990-06-06,364.959991
1990-06-07,363.149994
1990-06-08,358.709991
1990-06-11,361.630005
1990-06-12,366.25
1990-06-13,364.899994
1990-06-14,362.899994
1990-06-15,362.910004
1990-06-18,356.880005
1990-06-19,358.47000099999997
1990-06-20,359.100006
1990-06-21,360.47000099999997
1990-06-22,355.429993
1990-06-25,352.309998
1990-06-26,352.059998
1990-06-27,355.140015
1990-06-28,357.630005
1990-06-29,358.019989
1990-07-02,359.540009
1990-07-03,360.160004
1990-07-05,355.679993
1990-07-06,358.420013
1990-07-09,359.519989
1990-07-10,356.48999
1990-07-11,361.230011
1990-07-12,365.440002
1990-07-13,367.309998
1990-07-16,368.950012
1990-07-17,367.519989
1990-07-18,364.22000099999997
1990-07-19,365.320007
1990-07-20,361.609985
1990-07-23,355.309998
1990-07-24,355.790009
1990-07-25,357.089996
1990-07-26,355.910004
1990-07-27,353.440002
1990-07-30,355.549988
1990-07-31,356.149994
1990-08-01,355.519989
1990-08-02,351.480011
1990-08-03,344.859985
1990-08-06,334.429993
1990-08-07,334.829987
1990-08-08,338.350006
1990-08-09,339.940002
1990-08-10,335.519989
1990-08-13,338.839996
1990-08-14,339.390015
1990-08-15,340.059998
1990-08-16,332.390015
1990-08-17,327.829987
1990-08-20,328.51001
1990-08-21,321.859985
1990-08-22,316.549988
1990-08-23,307.059998
1990-08-24,311.51001
1990-08-27,321.440002
1990-08-28,321.339996
1990-08-29,324.190002
1990-08-30,318.709991
1990-08-31,322.559998
1990-09-04,323.089996
1990-09-05,324.390015
1990-09-06,320.459991
1990-09-07,323.399994
1990-09-10,321.630005
1990-09-11,321.040009
1990-09-12,322.540009
1990-09-13,318.649994
1990-09-14,316.829987
1990-09-17,317.769989
1990-09-18,318.600006
1990-09-19,316.600006
1990-09-20,311.480011
1990-09-21,311.320007
1990-09-24,304.589996
1990-09-25,308.26001
1990-09-26,305.059998
1990-09-27,300.97000099999997
1990-09-28,306.049988
1990-10-01,314.940002
1990-10-02,315.209991
1990-10-03,311.399994
1990-10-04,312.690002
1990-10-05,311.5
1990-10-08,313.480011
1990-10-09,305.100006
1990-10-10,300.390015
1990-10-11,295.459991
1990-10-12,300.02999900000003
1990-10-15,303.230011
1990-10-16,298.920013
1990-10-17,298.76001
1990-10-18,305.73999
1990-10-19,312.480011
1990-10-22,314.76001
1990-10-23,312.359985
1990-10-24,312.600006
1990-10-25,310.170013
1990-10-26,304.709991
1990-10-29,301.880005
1990-10-30,304.059998
1990-10-31,304.0
1990-11-01,307.019989
1990-11-02,311.850006
1990-11-05,314.589996
1990-11-06,311.619995
1990-11-07,306.01001
1990-11-08,307.609985
1990-11-09,313.73999
1990-11-12,319.480011
1990-11-13,317.670013
1990-11-14,320.399994
1990-11-15,317.019989
1990-11-16,317.119995
1990-11-19,319.339996
1990-11-20,315.309998
1990-11-21,316.02999900000003
1990-11-23,315.100006
1990-11-26,316.51001
1990-11-27,318.100006
1990-11-28,317.950012
1990-11-29,316.420013
1990-11-30,322.22000099999997
1990-12-03,324.100006
1990-12-04,326.350006
1990-12-05,329.920013
1990-12-06,329.070007
1990-12-07,327.75
1990-12-10,328.890015
1990-12-11,326.440002
1990-12-12,330.190002
1990-12-13,329.339996
1990-12-14,326.820007
1990-12-17,326.019989
1990-12-18,330.049988
1990-12-19,330.200012
1990-12-20,330.119995
1990-12-21,331.75
1990-12-24,329.899994
1990-12-26,330.850006
1990-12-27,328.290009
1990-12-28,328.72000099999997
1990-12-31,330.22000099999997
1991-01-02,326.450012
1991-01-03,321.910004
1991-01-04,321.0
1991-01-07,315.440002
1991-01-08,314.899994
1991-01-09,311.48999
1991-01-10,314.52999900000003
1991-01-11,315.230011
1991-01-14,312.48999
1991-01-15,313.730011
1991-01-16,316.170013
1991-01-17,327.97000099999997
1991-01-18,332.230011
1991-01-21,331.059998
1991-01-22,328.309998
1991-01-23,330.209991
1991-01-24,334.77999900000003
1991-01-25,336.070007
1991-01-28,336.02999900000003
1991-01-29,335.839996
1991-01-30,340.910004
1991-01-31,343.929993
1991-02-01,343.049988
1991-02-04,348.339996
1991-02-05,351.26001
1991-02-06,358.070007
1991-02-07,356.519989
1991-02-08,359.350006
1991-02-11,368.579987
1991-02-12,365.5
1991-02-13,369.019989
1991-02-14,364.22000099999997
1991-02-15,369.059998
1991-02-19,369.390015
1991-02-20,365.140015
1991-02-21,364.97000099999997
1991-02-22,365.649994
1991-02-25,367.26001
1991-02-26,362.809998
1991-02-27,367.73999
1991-02-28,367.070007
1991-03-01,370.47000099999997
1991-03-04,369.329987
1991-03-05,376.72000099999997
1991-03-06,376.170013
1991-03-07,375.910004
1991-03-08,374.950012
1991-03-11,372.959991
1991-03-12,370.02999900000003
1991-03-13,374.570007
1991-03-14,373.5
1991-03-15,373.589996
1991-03-18,372.109985
1991-03-19,366.589996
1991-03-20,367.920013
1991-03-21,366.579987
1991-03-22,367.480011
1991-03-25,369.829987
1991-03-26,376.299988
1991-03-27,375.350006
1991-03-28,375.22000099999997
1991-04-01,371.299988
1991-04-02,379.5
1991-04-03,378.940002
1991-04-04,379.769989
1991-04-05,375.359985
1991-04-08,378.660004
1991-04-09,373.559998
1991-04-10,373.149994
1991-04-11,377.630005
1991-04-12,380.399994
1991-04-15,381.190002
1991-04-16,387.619995
1991-04-17,390.450012
1991-04-18,388.459991
1991-04-19,384.200012
1991-04-22,380.950012
1991-04-23,381.76001
1991-04-24,382.76001
1991-04-25,379.25
1991-04-26,379.019989
1991-04-29,373.660004
1991-04-30,375.339996
1991-05-01,380.290009
1991-05-02,380.519989
1991-05-03,380.799988
1991-05-06,380.079987
1991-05-07,377.320007
1991-05-08,378.51001
1991-05-09,383.25
1991-05-10,375.73999
1991-05-13,376.76001
1991-05-14,371.619995
1991-05-15,368.570007
1991-05-16,372.190002
1991-05-17,372.390015
1991-05-20,372.27999900000003
1991-05-21,375.350006
1991-05-22,376.190002
1991-05-23,374.959991
1991-05-24,377.48999
1991-05-28,381.940002
1991-05-29,382.790009
1991-05-30,386.959991
1991-05-31,389.829987
1991-06-03,388.059998
1991-06-04,387.73999
1991-06-05,385.089996
1991-06-06,383.630005
1991-06-07,379.429993
1991-06-10,378.570007
1991-06-11,381.049988
1991-06-12,376.649994
1991-06-13,377.630005
1991-06-14,382.290009
1991-06-17,380.130005
1991-06-18,378.589996
1991-06-19,375.089996
1991-06-20,375.420013
1991-06-21,377.75
1991-06-24,370.940002
1991-06-25,370.649994
1991-06-26,371.589996
1991-06-27,374.399994
1991-06-28,371.160004
1991-07-01,377.920013
1991-07-02,377.47000099999997
1991-07-03,373.329987
1991-07-05,374.079987
1991-07-08,377.940002
1991-07-09,376.109985
1991-07-10,375.73999
1991-07-11,376.97000099999997
1991-07-12,380.25
1991-07-15,382.390015
1991-07-16,381.540009
1991-07-17,381.179993
1991-07-18,385.369995
1991-07-19,384.22000099999997
1991-07-22,382.880005
1991-07-23,379.420013
1991-07-24,378.640015
1991-07-25,380.959991
1991-07-26,380.929993
1991-07-29,383.149994
1991-07-30,386.690002
1991-07-31,387.809998
1991-08-01,387.119995
1991-08-02,387.179993
1991-08-05,385.059998
1991-08-06,390.619995
1991-08-07,390.559998
1991-08-08,389.320007
1991-08-09,387.119995
1991-08-12,388.019989
1991-08-13,389.619995
1991-08-14,389.899994
1991-08-15,389.329987
1991-08-16,385.579987
1991-08-19,376.47000099999997
1991-08-20,379.429993
1991-08-21,390.589996
1991-08-22,391.329987
1991-08-23,394.170013
1991-08-26,393.850006
1991-08-27,393.059998
1991-08-28,396.640015
1991-08-29,396.47000099999997
1991-08-30,395.429993
1991-09-03,392.149994
1991-09-04,389.97000099999997
1991-09-05,389.140015
1991-09-06,389.100006
1991-09-09,388.570007
1991-09-10,384.559998
1991-09-11,385.089996
1991-09-12,387.339996
1991-09-13,383.589996
1991-09-16,385.77999900000003
1991-09-17,385.5
1991-09-18,386.940002
1991-09-19,387.559998
1991-09-20,387.920013
1991-09-23,385.920013
1991-09-24,387.709991
1991-09-25,386.880005
1991-09-26,386.48999
1991-09-27,385.899994
1991-09-30,387.859985
1991-10-01,389.200012
1991-10-02,388.26001
1991-10-03,384.47000099999997
1991-10-04,381.25
1991-10-07,379.5
1991-10-08,380.670013
1991-10-09,376.799988
1991-10-10,380.549988
1991-10-11,381.450012
1991-10-14,386.47000099999997
1991-10-15,391.01001
1991-10-16,392.799988
1991-10-17,391.920013
1991-10-18,392.5
1991-10-21,390.019989
1991-10-22,387.829987
1991-10-23,387.940002
1991-10-24,385.070007
1991-10-25,384.200012
1991-10-28,389.519989
1991-10-29,391.480011
1991-10-30,392.959991
1991-10-31,392.450012
1991-11-01,391.320007
1991-11-04,390.27999900000003
1991-11-05,388.709991
1991-11-06,389.97000099999997
1991-11-07,393.72000099999997
1991-11-08,392.890015
1991-11-11,393.119995
1991-11-12,396.73999
1991-11-13,397.410004
1991-11-14,397.149994
1991-11-15,382.619995
1991-11-18,385.23999
1991-11-19,379.420013
1991-11-20,378.52999900000003
1991-11-21,380.059998
1991-11-22,376.140015
1991-11-25,375.339996
1991-11-26,377.959991
1991-11-27,376.549988
1991-11-29,375.22000099999997
1991-12-02,381.399994
1991-12-03,380.959991
1991-12-04,380.070007
1991-12-05,377.390015
1991-12-06,379.100006
1991-12-09,378.26001
1991-12-10,377.899994
1991-12-11,377.700012
1991-12-12,381.549988
1991-12-13,384.47000099999997
1991-12-16,384.459991
1991-12-17,382.73999
1991-12-18,383.480011
1991-12-19,382.519989
1991-12-20,387.040009
1991-12-23,396.820007
1991-12-24,399.329987
1991-12-26,404.839996
1991-12-27,406.459991
1991-12-30,415.140015
1991-12-31,417.089996
1992-01-02,417.26001
1992-01-03,419.339996
1992-01-06,417.959991
1992-01-07,417.399994
1992-01-08,418.100006
1992-01-09,417.609985
1992-01-10,415.100006
1992-01-13,414.339996
1992-01-14,420.44000199999994
1992-01-15,420.76998899999995
1992-01-16,418.209991
1992-01-17,418.859985
1992-01-20,416.359985
1992-01-21,412.640015
1992-01-22,418.130005
1992-01-23,414.959991
1992-01-24,415.480011
1992-01-27,414.98999
1992-01-28,414.959991
1992-01-29,410.339996
1992-01-30,411.619995
1992-01-31,408.77999900000003
1992-02-03,409.52999900000003
1992-02-04,413.850006
1992-02-05,413.839996
1992-02-06,413.820007
1992-02-07,411.089996
1992-02-10,413.769989
1992-02-11,413.76001
1992-02-12,417.130005
1992-02-13,413.690002
1992-02-14,412.480011
1992-02-18,407.380005
1992-02-19,408.26001
1992-02-20,413.899994
1992-02-21,411.429993
1992-02-24,412.269989
1992-02-25,410.450012
1992-02-26,415.350006
1992-02-27,413.859985
1992-02-28,412.700012
1992-03-02,412.450012
1992-03-03,412.850006
1992-03-04,409.329987
1992-03-05,406.51001
1992-03-06,404.440002
1992-03-09,405.209991
1992-03-10,406.890015
1992-03-11,404.02999900000003
1992-03-12,403.890015
1992-03-13,405.839996
1992-03-16,406.390015
1992-03-17,409.579987
1992-03-18,409.149994
1992-03-19,409.799988
1992-03-20,411.299988
1992-03-23,409.910004
1992-03-24,408.880005
1992-03-25,407.519989
1992-03-26,407.859985
1992-03-27,403.5
1992-03-30,403.0
1992-03-31,403.690002
1992-04-01,404.230011
1992-04-02,400.5
1992-04-03,401.549988
1992-04-06,405.589996
1992-04-07,398.059998
1992-04-08,394.5
1992-04-09,400.640015
1992-04-10,404.290009
1992-04-13,406.079987
1992-04-14,412.390015
1992-04-15,416.27999900000003
1992-04-16,416.040009
1992-04-20,410.179993
1992-04-21,410.26001
1992-04-22,409.809998
1992-04-23,411.600006
1992-04-24,409.019989
1992-04-27,408.450012
1992-04-28,409.109985
1992-04-29,412.019989
1992-04-30,414.950012
1992-05-01,412.52999900000003
1992-05-04,416.910004
1992-05-05,416.839996
1992-05-06,416.790009
1992-05-07,415.850006
1992-05-08,416.049988
1992-05-11,418.48999
1992-05-12,416.290009
1992-05-13,416.450012
1992-05-14,413.140015
1992-05-15,410.089996
1992-05-18,412.809998
1992-05-19,416.369995
1992-05-20,415.390015
1992-05-21,412.600006
1992-05-22,414.019989
1992-05-26,411.410004
1992-05-27,412.170013
1992-05-28,416.73999
1992-05-29,415.350006
1992-06-01,417.299988
1992-06-02,413.5
1992-06-03,414.589996
1992-06-04,413.26001
1992-06-05,413.480011
1992-06-08,413.359985
1992-06-09,410.059998
1992-06-10,407.25
1992-06-11,409.049988
1992-06-12,409.76001
1992-06-15,410.290009
1992-06-16,408.320007
1992-06-17,402.26001
1992-06-18,400.959991
1992-06-19,403.670013
1992-06-22,403.399994
1992-06-23,404.040009
1992-06-24,403.839996
1992-06-25,403.119995
1992-06-26,403.450012
1992-06-29,408.940002
1992-06-30,408.140015
1992-07-01,412.880005
1992-07-02,411.769989
1992-07-06,413.839996
1992-07-07,409.160004
1992-07-08,410.27999900000003
1992-07-09,414.230011
1992-07-10,414.619995
1992-07-13,414.869995
1992-07-14,417.679993
1992-07-15,417.100006
1992-07-16,417.540009
1992-07-17,415.619995
1992-07-20,413.75
1992-07-21,413.76001
1992-07-22,410.929993
1992-07-23,412.079987
1992-07-24,411.600006
1992-07-27,411.540009
1992-07-28,417.519989
1992-07-29,422.23001100000005
1992-07-30,423.920013
1992-07-31,424.209991
1992-08-03,425.089996
1992-08-04,424.35998499999994
1992-08-05,422.19000199999994
1992-08-06,420.589996
1992-08-07,418.880005
1992-08-10,419.420013
1992-08-11,418.899994
1992-08-12,417.77999900000003
1992-08-13,417.730011
1992-08-14,419.910004
1992-08-17,420.73999000000003
1992-08-18,421.339996
1992-08-19,418.190002
1992-08-20,418.26001
1992-08-21,414.850006
1992-08-24,410.72000099999997
1992-08-25,411.609985
1992-08-26,413.51001
1992-08-27,413.52999900000003
1992-08-28,414.839996
1992-08-31,414.02999900000003
1992-09-01,416.070007
1992-09-02,417.980011
1992-09-03,417.980011
1992-09-04,417.079987
1992-09-08,414.440002
1992-09-09,416.359985
1992-09-10,419.950012
1992-09-11,419.579987
1992-09-14,425.26998899999995
1992-09-15,419.76998899999995
1992-09-16,419.920013
1992-09-17,419.92999299999997
1992-09-18,422.92999299999997
1992-09-21,422.14001500000006
1992-09-22,417.140015
1992-09-23,417.440002
1992-09-24,418.47000099999997
1992-09-25,414.350006
1992-09-28,416.619995
1992-09-29,416.799988
1992-09-30,417.799988
1992-10-01,416.290009
1992-10-02,410.47000099999997
1992-10-05,407.570007
1992-10-06,407.179993
1992-10-07,404.25
1992-10-08,407.75
1992-10-09,402.660004
1992-10-12,407.440002
1992-10-13,409.299988
1992-10-14,409.369995
1992-10-15,409.600006
1992-10-16,411.730011
1992-10-19,414.980011
1992-10-20,415.480011
1992-10-21,415.670013
1992-10-22,414.899994
1992-10-23,414.100006
1992-10-26,418.160004
1992-10-27,418.48999
1992-10-28,420.130005
1992-10-29,420.85998499999994
1992-10-30,418.679993
1992-11-02,422.75
1992-11-03,419.920013
1992-11-04,417.109985
1992-11-05,418.339996
1992-11-06,417.579987
1992-11-09,418.589996
1992-11-10,418.619995
1992-11-11,422.200012
1992-11-12,422.869995
1992-11-13,422.42999299999997
1992-11-16,420.67999299999997
1992-11-17,419.269989
1992-11-18,422.85000599999995
1992-11-19,423.60998499999994
1992-11-20,426.64999400000005
1992-11-23,425.119995
1992-11-24,427.589996
1992-11-25,429.19000199999994
1992-11-27,430.160004
1992-11-30,431.35000599999995
1992-12-01,430.77999900000003
1992-12-02,429.89001500000006
1992-12-03,429.910004
1992-12-04,432.05999800000006
1992-12-07,435.30999800000006
1992-12-08,436.98999000000003
1992-12-09,435.64999400000005
1992-12-10,434.64001500000006
1992-12-11,433.73001100000005
1992-12-14,432.839996
1992-12-15,432.57000700000003
1992-12-16,431.51998899999995
1992-12-17,435.42999299999997
1992-12-18,441.27999900000003
1992-12-21,440.700012
1992-12-22,440.30999800000006
1992-12-23,439.02999900000003
1992-12-24,439.76998899999995
1992-12-28,439.14999400000005
1992-12-29,437.98001100000005
1992-12-30,438.82000700000003
1992-12-31,435.709991
1993-01-04,435.380005
1993-01-05,434.339996
1993-01-06,434.51998899999995
1993-01-07,430.73001100000005
1993-01-08,429.049988
1993-01-11,430.950012
1993-01-12,431.040009
1993-01-13,433.02999900000003
1993-01-14,435.94000199999994
1993-01-15,437.14999400000005
1993-01-18,436.839996
1993-01-19,435.130005
1993-01-20,433.369995
1993-01-21,435.48999000000003
1993-01-22,436.10998499999994
1993-01-25,440.01000999999997
1993-01-26,439.950012
1993-01-27,438.10998499999994
1993-01-28,438.660004
1993-01-29,438.77999900000003
1993-02-01,442.51998899999995
1993-02-02,442.549988
1993-02-03,447.200012
1993-02-04,449.55999800000006
1993-02-05,448.92999299999997
1993-02-08,447.85000599999995
1993-02-09,445.329987
1993-02-10,446.23001100000005
1993-02-11,447.660004
1993-02-12,444.579987
1993-02-16,433.910004
1993-02-17,433.299988
1993-02-18,431.89999400000005
1993-02-19,434.22000099999997
1993-02-22,435.23999000000003
1993-02-23,434.799988
1993-02-24,440.869995
1993-02-25,442.339996
1993-02-26,443.380005
1993-03-01,442.01000999999997
1993-03-02,447.89999400000005
1993-03-03,449.26000999999997
1993-03-04,447.339996
1993-03-05,446.10998499999994
1993-03-08,454.709991
1993-03-09,454.39999400000005
1993-03-10,456.329987
1993-03-11,453.72000099999997
1993-03-12,449.829987
1993-03-15,451.42999299999997
1993-03-16,451.369995
1993-03-17,448.30999800000006
1993-03-18,451.89001500000006
1993-03-19,450.17999299999997
1993-03-22,448.880005
1993-03-23,448.76000999999997
1993-03-24,448.07000700000003
1993-03-25,450.880005
1993-03-26,447.77999900000003
1993-03-29,450.76998899999995
1993-03-30,451.97000099999997
1993-03-31,451.670013
1993-04-01,450.299988
1993-04-02,441.39001500000006
1993-04-05,442.290009
1993-04-06,441.160004
1993-04-07,442.73001100000005
1993-04-08,441.839996
1993-04-12,448.369995
1993-04-13,449.22000099999997
1993-04-14,448.660004
1993-04-15,448.39999400000005
1993-04-16,448.94000199999994
1993-04-19,447.459991
1993-04-20,445.10000599999995
1993-04-21,443.630005
1993-04-22,439.459991
1993-04-23,437.02999900000003
1993-04-26,433.540009
1993-04-27,438.01000999999997
1993-04-28,438.01998899999995
1993-04-29,438.89001500000006
1993-04-30,440.19000199999994
1993-05-03,442.459991
1993-05-04,444.049988
1993-05-05,444.51998899999995
1993-05-06,443.26000999999997
1993-05-07,442.30999800000006
1993-05-10,442.799988
1993-05-11,444.35998499999994
1993-05-12,444.799988
1993-05-13,439.23001100000005
1993-05-14,439.55999800000006
1993-05-17,440.369995
1993-05-18,440.32000700000003
1993-05-19,447.57000700000003
1993-05-20,450.589996
1993-05-21,445.839996
1993-05-24,448.0
1993-05-25,448.85000599999995
1993-05-26,453.44000199999994
1993-05-27,452.410004
1993-05-28,450.19000199999994
1993-06-01,453.829987
1993-06-02,453.85000599999995
1993-06-03,452.48999000000003
1993-06-04,450.05999800000006
1993-06-07,447.69000199999994
1993-06-08,444.709991
1993-06-09,445.77999900000003
1993-06-10,445.380005
1993-06-11,447.26000999999997
1993-06-14,447.709991
1993-06-15,446.26998899999995
1993-06-16,447.42999299999997
1993-06-17,448.540009
1993-06-18,443.67999299999997
1993-06-21,446.22000099999997
1993-06-22,445.92999299999997
1993-06-23,443.19000199999994
1993-06-24,446.619995
1993-06-25,447.60000599999995
1993-06-28,451.85000599999995
1993-06-29,450.69000199999994
1993-06-30,450.52999900000003
1993-07-01,449.01998899999995
1993-07-02,445.839996
1993-07-06,441.42999299999997
1993-07-07,442.829987
1993-07-08,448.64001500000006
1993-07-09,448.10998499999994
1993-07-12,448.98001100000005
1993-07-13,448.089996
1993-07-14,450.079987
1993-07-15,449.22000099999997
1993-07-16,445.75
1993-07-19,446.02999900000003
1993-07-20,447.30999800000006
1993-07-21,447.17999299999997
1993-07-22,444.51000999999997
1993-07-23,447.10000599999995
1993-07-26,449.089996
1993-07-27,448.23999000000003
1993-07-28,447.19000199999994
1993-07-29,450.23999000000003
1993-07-30,448.130005
1993-08-02,450.14999400000005
1993-08-03,449.26998899999995
1993-08-04,448.540009
1993-08-05,448.130005
1993-08-06,448.67999299999997
1993-08-09,450.72000099999997
1993-08-10,449.450012
1993-08-11,450.459991
1993-08-12,448.959991
1993-08-13,450.14001500000006
1993-08-16,452.380005
1993-08-17,453.130005
1993-08-18,456.040009
1993-08-19,456.42999299999997
1993-08-20,456.160004
1993-08-23,455.23001100000005
1993-08-24,459.76998899999995
1993-08-25,460.130005
1993-08-26,461.040009
1993-08-27,460.540009
1993-08-30,461.89999400000005
1993-08-31,463.55999800000006
1993-09-01,463.14999400000005
1993-09-02,461.299988
1993-09-03,461.339996
1993-09-07,458.51998899999995
1993-09-08,456.64999400000005
1993-09-09,457.5
1993-09-10,461.72000099999997
1993-09-13,462.05999800000006
1993-09-14,459.89999400000005
1993-09-15,461.60000599999995
1993-09-16,459.42999299999997
1993-09-17,458.829987
1993-09-20,455.049988
1993-09-21,452.950012
1993-09-22,456.200012
1993-09-23,457.73999000000003
1993-09-24,457.630005
1993-09-27,461.799988
1993-09-28,461.52999900000003
1993-09-29,460.10998499999994
1993-09-30,458.92999299999997
1993-10-01,461.27999900000003
1993-10-04,461.339996
1993-10-05,461.200012
1993-10-06,460.73999000000003
1993-10-07,459.17999299999997
1993-10-08,460.30999800000006
1993-10-11,460.880005
1993-10-12,461.119995
1993-10-13,461.48999000000003
1993-10-14,466.829987
1993-10-15,469.5
1993-10-18,468.450012
1993-10-19,466.209991
1993-10-20,466.07000700000003
1993-10-21,465.35998499999994
1993-10-22,463.26998899999995
1993-10-25,464.200012
1993-10-26,464.299988
1993-10-27,464.60998499999994
1993-10-28,467.73001100000005
1993-10-29,467.829987
1993-11-01,469.10000599999995
1993-11-02,468.44000199999994
1993-11-03,463.01998899999995
1993-11-04,457.48999000000003
1993-11-05,459.57000700000003
1993-11-08,460.209991
1993-11-09,460.329987
1993-11-10,463.72000099999997
1993-11-11,462.64001500000006
1993-11-12,465.39001500000006
1993-11-15,463.75
1993-11-16,466.73999000000003
1993-11-17,464.80999800000006
1993-11-18,463.619995
1993-11-19,462.60000599999995
1993-11-22,459.130005
1993-11-23,461.02999900000003
1993-11-24,462.35998499999994
1993-11-26,463.05999800000006
1993-11-29,461.89999400000005
1993-11-30,461.790009
1993-12-01,461.89001500000006
1993-12-02,463.10998499999994
1993-12-03,464.89001500000006
1993-12-06,466.42999299999997
1993-12-07,466.76000999999997
1993-12-08,466.290009
1993-12-09,464.17999299999997
1993-12-10,463.92999299999997
1993-12-13,465.700012
1993-12-14,463.05999800000006
1993-12-15,461.839996
1993-12-16,463.339996
1993-12-17,466.380005
1993-12-20,465.85000599999995
1993-12-21,465.299988
1993-12-22,467.32000700000003
1993-12-23,467.380005
1993-12-27,470.540009
1993-12-28,470.94000199999994
1993-12-29,470.579987
1993-12-30,468.64001500000006
1993-12-31,466.450012
1994-01-03,465.44000199999994
1994-01-04,466.89001500000006
1994-01-05,467.549988
1994-01-06,467.119995
1994-01-07,469.89999400000005
1994-01-10,475.26998899999995
1994-01-11,474.130005
1994-01-12,474.170013
1994-01-13,472.47000099999997
1994-01-14,474.910004
1994-01-17,473.299988
1994-01-18,474.25
1994-01-19,474.299988
1994-01-20,474.98001100000005
1994-01-21,474.72000099999997
1994-01-24,471.97000099999997
1994-01-25,470.920013
1994-01-26,473.200012
1994-01-27,477.049988
1994-01-28,478.700012
1994-01-31,481.60998499999994
1994-02-01,479.619995
1994-02-02,482.0
1994-02-03,480.709991
1994-02-04,469.80999800000006
1994-02-07,471.76000999999997
1994-02-08,471.049988
1994-02-09,472.76998899999995
1994-02-10,468.92999299999997
1994-02-11,470.17999299999997
1994-02-14,470.23001100000005
1994-02-15,472.51998899999995
1994-02-16,472.790009
1994-02-17,470.339996
1994-02-18,467.69000199999994
1994-02-22,471.459991
1994-02-23,470.69000199999994
1994-02-24,464.26000999999997
1994-02-25,466.07000700000003
1994-02-28,467.14001500000006
1994-03-01,464.44000199999994
1994-03-02,464.80999800000006
1994-03-03,463.01000999999997
1994-03-04,464.73999000000003
1994-03-07,466.910004
1994-03-08,465.880005
1994-03-09,467.05999800000006
1994-03-10,463.89999400000005
1994-03-11,466.44000199999994
1994-03-14,467.39001500000006
1994-03-15,467.01000999999997
1994-03-16,469.420013
1994-03-17,470.89999400000005
1994-03-18,471.05999800000006
1994-03-21,468.540009
1994-03-22,468.799988
1994-03-23,468.540009
1994-03-24,464.35000599999995
1994-03-25,460.579987
1994-03-28,460.0
1994-03-29,452.48001100000005
1994-03-30,445.549988
1994-03-31,445.76998899999995
1994-04-04,438.920013
1994-04-05,448.290009
1994-04-06,448.049988
1994-04-07,450.880005
1994-04-08,447.10000599999995
1994-04-11,449.869995
1994-04-12,447.57000700000003
1994-04-13,446.26000999999997
1994-04-14,446.380005
1994-04-15,446.17999299999997
1994-04-18,442.459991
1994-04-19,442.540009
1994-04-20,441.959991
1994-04-21,448.73001100000005
1994-04-22,447.630005
1994-04-25,452.709991
1994-04-26,451.869995
1994-04-28,449.10000599999995
1994-04-29,450.910004
1994-05-02,453.01998899999995
1994-05-03,453.02999900000003
1994-05-04,451.72000099999997
1994-05-05,451.380005
1994-05-06,447.82000700000003
1994-05-09,442.32000700000003
1994-05-10,446.01000999999997
1994-05-11,441.48999000000003
1994-05-12,443.75
1994-05-13,444.14001500000006
1994-05-16,444.48999000000003
1994-05-17,449.369995
1994-05-18,453.69000199999994
1994-05-19,456.48001100000005
1994-05-20,454.920013
1994-05-23,453.200012
1994-05-24,454.80999800000006
1994-05-25,456.339996
1994-05-26,457.05999800000006
1994-05-27,457.329987
1994-05-31,456.5
1994-06-01,457.630005
1994-06-02,457.64999400000005
1994-06-03,460.130005
1994-06-06,458.880005
1994-06-07,458.209991
1994-06-08,457.05999800000006
1994-06-09,457.85998499999994
1994-06-10,458.670013
1994-06-13,459.10000599999995
1994-06-14,462.369995
1994-06-15,460.60998499999994
1994-06-16,461.92999299999997
1994-06-17,458.450012
1994-06-20,455.48001100000005
1994-06-21,451.339996
1994-06-22,453.089996
1994-06-23,449.630005
1994-06-24,442.799988
1994-06-27,447.30999800000006
1994-06-28,446.07000700000003
1994-06-29,447.630005
1994-06-30,444.26998899999995
1994-07-01,446.200012
1994-07-05,446.369995
1994-07-06,446.130005
1994-07-07,448.380005
1994-07-08,449.549988
1994-07-11,448.05999800000006
1994-07-12,447.950012
1994-07-13,448.73001100000005
1994-07-14,453.410004
1994-07-15,454.160004
1994-07-18,455.22000099999997
1994-07-19,453.85998499999994
1994-07-20,451.60000599999995
1994-07-21,452.60998499999994
1994-07-22,453.10998499999994
1994-07-25,454.25
1994-07-26,453.35998499999994
1994-07-27,452.57000700000003
1994-07-28,454.23999000000003
1994-07-29,458.26000999999997
1994-08-01,461.01000999999997
1994-08-02,460.55999800000006
1994-08-03,461.450012
1994-08-04,458.39999400000005
1994-08-05,457.089996
1994-08-08,457.89001500000006
1994-08-09,457.920013
1994-08-10,460.299988
1994-08-11,458.880005
1994-08-12,461.94000199999994
1994-08-15,461.23001100000005
1994-08-16,465.01000999999997
1994-08-17,465.170013
1994-08-18,463.170013
1994-08-19,463.67999299999997
1994-08-22,462.32000700000003
1994-08-23,464.51000999999997
1994-08-24,469.02999900000003
1994-08-25,468.079987
1994-08-26,473.799988
1994-08-29,474.589996
1994-08-30,476.07000700000003
1994-08-31,475.48999000000003
1994-09-01,473.170013
1994-09-02,470.98999000000003
1994-09-06,471.85998499999994
1994-09-07,470.98999000000003
1994-09-08,473.14001500000006
1994-09-09,468.17999299999997
1994-09-12,466.209991
1994-09-13,467.51000999999997
1994-09-14,468.799988
1994-09-15,474.80999800000006
1994-09-16,471.19000199999994
1994-09-19,470.85000599999995
1994-09-20,463.35998499999994
1994-09-21,461.459991
1994-09-22,461.26998899999995
1994-09-23,459.670013
1994-09-26,460.82000700000003
1994-09-27,462.049988
1994-09-28,464.839996
1994-09-29,462.23999000000003
1994-09-30,462.709991
1994-10-03,461.73999000000003
1994-10-04,454.589996
1994-10-05,453.51998899999995
1994-10-06,452.35998499999994
1994-10-07,455.10000599999995
1994-10-10,459.040009
1994-10-11,465.790009
1994-10-12,465.47000099999997
1994-10-13,467.790009
1994-10-14,469.10000599999995
1994-10-17,468.959991
1994-10-18,467.660004
1994-10-19,470.27999900000003
1994-10-20,466.85000599999995
1994-10-21,464.89001500000006
1994-10-24,460.829987
1994-10-25,461.52999900000003
1994-10-26,462.619995
1994-10-27,465.85000599999995
1994-10-28,473.76998899999995
1994-10-31,472.35000599999995
1994-11-01,468.420013
1994-11-02,466.51000999999997
1994-11-03,467.910004
1994-11-04,462.27999900000003
1994-11-07,463.07000700000003
1994-11-08,465.64999400000005
1994-11-09,465.39999400000005
1994-11-10,464.369995
1994-11-11,462.35000599999995
1994-11-14,466.040009
1994-11-15,465.02999900000003
1994-11-16,465.619995
1994-11-17,463.57000700000003
1994-11-18,461.47000099999997
1994-11-21,458.299988
1994-11-22,450.089996
1994-11-23,449.92999299999997
1994-11-25,452.290009
1994-11-28,454.160004
1994-11-29,455.170013
1994-11-30,453.69000199999994
1994-12-01,448.920013
1994-12-02,453.299988
1994-12-05,453.32000700000003
1994-12-06,453.10998499999994
1994-12-07,451.23001100000005
1994-12-08,445.450012
1994-12-09,446.959991
1994-12-12,449.47000099999997
1994-12-13,450.14999400000005
1994-12-14,454.97000099999997
1994-12-15,455.339996
1994-12-16,458.799988
1994-12-19,457.910004
1994-12-20,457.10000599999995
1994-12-21,459.60998499999994
1994-12-22,459.67999299999997
1994-12-23,459.829987
1994-12-27,462.47000099999997
1994-12-28,460.85998499999994
1994-12-29,461.170013
1994-12-30,459.26998899999995
1995-01-03,459.10998499999994
1995-01-04,460.709991
1995-01-05,460.339996
1995-01-06,460.67999299999997
1995-01-09,460.829987
1995-01-10,461.67999299999997
1995-01-11,461.660004
1995-01-12,461.64001500000006
1995-01-13,465.97000099999997
1995-01-16,469.380005
1995-01-17,470.049988
1995-01-18,469.709991
1995-01-19,466.950012
1995-01-20,464.77999900000003
1995-01-23,465.82000700000003
1995-01-24,465.85998499999994
1995-01-25,467.44000199999994
1995-01-26,468.32000700000003
1995-01-27,470.39001500000006
1995-01-30,468.51000999999997
1995-01-31,470.420013
1995-02-01,470.39999400000005
1995-02-02,472.790009
1995-02-03,478.64999400000005
1995-02-06,481.14001500000006
1995-02-07,480.80999800000006
1995-02-08,481.19000199999994
1995-02-09,480.19000199999994
1995-02-10,481.459991
1995-02-13,481.64999400000005
1995-02-14,482.549988
1995-02-15,484.540009
1995-02-16,485.22000099999997
1995-02-17,481.97000099999997
1995-02-21,482.72000099999997
1995-02-22,485.07000700000003
1995-02-23,486.910004
1995-02-24,488.10998499999994
1995-02-27,483.80999800000006
1995-02-28,487.39001500000006
1995-03-01,485.64999400000005
1995-03-02,485.130005
1995-03-03,485.420013
1995-03-06,485.630005
1995-03-07,482.119995
1995-03-08,483.14001500000006
1995-03-09,483.160004
1995-03-10,489.57000700000003
1995-03-13,490.049988
1995-03-14,492.89001500000006
1995-03-15,491.880005
1995-03-16,495.410004
1995-03-17,495.51998899999995
1995-03-20,496.14001500000006
1995-03-21,495.07000700000003
1995-03-22,495.670013
1995-03-23,495.950012
1995-03-24,500.97000099999997
1995-03-27,503.200012
1995-03-28,503.89999400000005
1995-03-29,503.119995
1995-03-30,502.22000099999997
1995-03-31,500.709991
1995-04-03,501.85000599999995
1995-04-04,505.23999000000003
1995-04-05,505.57000700000003
1995-04-06,506.079987
1995-04-07,506.420013
1995-04-10,507.01000999999997
1995-04-11,505.52999900000003
1995-04-12,507.170013
1995-04-13,509.23001100000005
1995-04-17,506.130005
1995-04-18,505.369995
1995-04-19,504.920013
1995-04-20,505.290009
1995-04-21,508.48999000000003
1995-04-24,512.8900150000001
1995-04-25,512.099976
1995-04-26,512.659973
1995-04-27,513.549988
1995-04-28,514.710022
1995-05-01,514.26001
1995-05-02,514.8599849999999
1995-05-03,520.47998
1995-05-04,520.539978
1995-05-05,520.119995
1995-05-08,523.960022
1995-05-09,523.5599980000001
1995-05-10,524.3599849999999
1995-05-11,524.369995
1995-05-12,525.549988
1995-05-15,527.73999
1995-05-16,528.1900019999999
1995-05-17,527.070007
1995-05-18,519.580017
1995-05-19,519.1900019999999
1995-05-22,523.650024
1995-05-23,528.590027
1995-05-24,528.6099849999999
1995-05-25,528.590027
1995-05-26,523.650024
1995-05-30,523.580017
1995-05-31,533.400024
1995-06-01,533.48999
1995-06-02,532.51001
1995-06-05,535.599976
1995-06-06,535.549988
1995-06-07,533.130005
1995-06-08,532.349976
1995-06-09,527.9400019999999
1995-06-12,530.880005
1995-06-13,536.049988
1995-06-14,536.469971
1995-06-15,537.119995
1995-06-16,539.830017
1995-06-19,545.219971
1995-06-20,544.97998
1995-06-21,543.97998
1995-06-22,551.070007
1995-06-23,549.710022
1995-06-26,544.130005
1995-06-27,542.429993
1995-06-28,544.72998
1995-06-29,543.869995
1995-06-30,544.75
1995-07-03,547.090027
1995-07-05,547.26001
1995-07-06,553.98999
1995-07-07,556.369995
1995-07-10,557.1900019999999
1995-07-11,554.780029
1995-07-12,560.8900150000001
1995-07-13,561.0
1995-07-14,559.8900150000001
1995-07-17,562.719971
1995-07-18,558.460022
1995-07-19,550.97998
1995-07-20,553.539978
1995-07-21,553.619995
1995-07-24,556.630005
1995-07-25,561.099976
1995-07-26,561.6099849999999
1995-07-27,565.219971
1995-07-28,562.929993
1995-07-31,562.0599980000001
1995-08-01,559.6400150000001
1995-08-02,558.799988
1995-08-03,558.75
1995-08-04,558.9400019999999
1995-08-07,560.030029
1995-08-08,560.3900150000001
1995-08-09,559.710022
1995-08-10,557.450012
1995-08-11,555.1099849999999
1995-08-14,559.73999
1995-08-15,558.570007
1995-08-16,559.969971
1995-08-17,559.039978
1995-08-18,559.210022
1995-08-21,558.1099849999999
1995-08-22,559.52002
1995-08-23,557.1400150000001
1995-08-24,557.460022
1995-08-25,560.099976
1995-08-28,559.049988
1995-08-29,560.0
1995-08-30,560.919983
1995-08-31,561.880005
1995-09-01,563.840027
1995-09-05,569.169983
1995-09-06,570.169983
1995-09-07,570.289978
1995-09-08,572.679993
1995-09-11,573.909973
1995-09-12,576.51001
1995-09-13,578.77002
1995-09-14,583.6099849999999
1995-09-15,583.349976
1995-09-18,582.77002
1995-09-19,584.200012
1995-09-20,586.77002
1995-09-21,583.0
1995-09-22,581.72998
1995-09-25,581.8099980000001
1995-09-26,581.409973
1995-09-27,581.039978
1995-09-28,585.869995
1995-09-29,584.409973
1995-10-02,581.719971
1995-10-03,582.340027
1995-10-04,581.469971
1995-10-05,582.630005
1995-10-06,582.48999
1995-10-09,578.369995
1995-10-10,577.52002
1995-10-11,579.460022
1995-10-12,583.099976
1995-10-13,584.5
1995-10-16,583.030029
1995-10-17,586.780029
1995-10-18,587.4400019999999
1995-10-19,590.650024
1995-10-20,587.460022
1995-10-23,585.0599980000001
1995-10-24,586.539978
1995-10-25,582.469971
1995-10-26,576.719971
1995-10-27,579.700012
1995-10-30,583.25
1995-10-31,581.5
1995-11-01,584.219971
1995-11-02,589.719971
1995-11-03,590.570007
1995-11-06,588.460022
1995-11-07,586.320007
1995-11-08,591.710022
1995-11-09,593.26001
1995-11-10,592.719971
1995-11-13,592.299988
1995-11-14,589.289978
1995-11-15,593.960022
1995-11-16,597.340027
1995-11-17,600.070007
1995-11-20,596.849976
1995-11-21,600.23999
1995-11-22,598.400024
1995-11-24,599.969971
1995-11-27,601.320007
1995-11-28,606.450012
1995-11-29,607.6400150000001
1995-11-30,605.369995
1995-12-01,606.97998
1995-12-04,613.679993
1995-12-05,617.679993
1995-12-06,620.179993
1995-12-07,616.169983
1995-12-08,617.47998
1995-12-11,619.52002
1995-12-12,618.780029
1995-12-13,621.6900019999999
1995-12-14,616.919983
1995-12-15,616.340027
1995-12-18,606.8099980000001
1995-12-19,611.929993
1995-12-20,605.9400019999999
1995-12-21,610.48999
1995-12-22,611.950012
1995-12-26,614.299988
1995-12-27,614.530029
1995-12-28,614.119995
1995-12-29,615.929993
1996-01-02,620.72998
1996-01-03,621.320007
1996-01-04,617.700012
1996-01-05,616.710022
1996-01-08,618.460022
1996-01-09,609.450012
1996-01-10,598.47998
1996-01-11,602.6900019999999
1996-01-12,601.8099980000001
1996-01-15,599.820007
1996-01-16,608.4400019999999
1996-01-17,606.369995
1996-01-18,608.23999
1996-01-19,611.830017
1996-01-22,613.400024
1996-01-23,612.789978
1996-01-24,619.960022
1996-01-25,617.030029
1996-01-26,621.619995
1996-01-29,624.219971
1996-01-30,630.150024
1996-01-31,636.02002
1996-02-01,638.460022
1996-02-02,635.840027
1996-02-05,641.429993
1996-02-06,646.330017
1996-02-07,649.929993
1996-02-08,656.070007
1996-02-09,656.369995
1996-02-12,661.450012
1996-02-13,660.51001
1996-02-14,655.580017
1996-02-15,651.320007
1996-02-16,647.97998
1996-02-20,640.650024
1996-02-21,648.099976
1996-02-22,658.8599849999999
1996-02-23,659.080017
1996-02-26,650.460022
1996-02-27,647.23999
1996-02-28,644.75
1996-02-29,640.429993
1996-03-01,644.369995
1996-03-04,650.8099980000001
1996-03-05,655.789978
1996-03-06,652.0
1996-03-07,653.650024
1996-03-08,633.5
1996-03-11,640.02002
1996-03-12,637.090027
1996-03-13,638.549988
1996-03-14,640.869995
1996-03-15,641.429993
1996-03-18,652.650024
1996-03-19,651.6900019999999
1996-03-20,649.97998
1996-03-21,649.1900019999999
1996-03-22,650.619995
1996-03-25,650.039978
1996-03-26,652.969971
1996-03-27,648.909973
1996-03-28,648.9400019999999
1996-03-29,645.5
1996-04-01,653.72998
1996-04-02,655.26001
1996-04-03,655.880005
1996-04-04,655.8599849999999
1996-04-08,644.23999
1996-04-09,642.1900019999999
1996-04-10,633.5
1996-04-11,631.179993
1996-04-12,636.710022
1996-04-15,642.48999
1996-04-16,645.0
1996-04-17,641.6099849999999
1996-04-18,643.6099849999999
1996-04-19,645.070007
1996-04-22,647.8900150000001
1996-04-23,651.580017
1996-04-24,650.169983
1996-04-25,652.869995
1996-04-26,653.460022
1996-04-29,654.159973
1996-04-30,654.169983
1996-05-01,654.580017
1996-05-02,643.380005
1996-05-03,641.630005
1996-05-06,640.8099980000001
1996-05-07,638.26001
1996-05-08,644.77002
1996-05-09,645.4400019999999
1996-05-10,652.090027
1996-05-13,661.51001
1996-05-14,665.599976
1996-05-15,665.419983
1996-05-16,664.849976
1996-05-17,668.909973
1996-05-20,673.150024
1996-05-21,672.76001
1996-05-22,678.419983
1996-05-23,676.0
1996-05-24,678.51001
1996-05-28,672.22998
1996-05-29,667.929993
1996-05-30,671.700012
1996-05-31,669.119995
1996-06-03,667.679993
1996-06-04,672.5599980000001
1996-06-05,678.4400019999999
1996-06-06,673.030029
1996-06-07,673.3099980000001
1996-06-10,672.159973
1996-06-11,670.969971
1996-06-12,669.039978
1996-06-13,667.919983
1996-06-14,665.849976
1996-06-17,665.159973
1996-06-18,662.0599980000001
1996-06-19,661.960022
1996-06-20,662.099976
1996-06-21,666.840027
1996-06-24,668.849976
1996-06-25,668.47998
1996-06-26,664.3900150000001
1996-06-27,668.549988
1996-06-28,670.630005
1996-07-01,675.880005
1996-07-02,673.6099849999999
1996-07-03,672.400024
1996-07-05,657.4400019999999
1996-07-08,652.539978
1996-07-09,654.75
1996-07-10,656.0599980000001
1996-07-11,645.669983
1996-07-12,646.1900019999999
1996-07-15,629.799988
1996-07-16,628.369995
1996-07-17,634.070007
1996-07-18,643.5599980000001
1996-07-19,638.72998
1996-07-22,633.77002
1996-07-23,626.869995
1996-07-24,626.650024
1996-07-25,631.169983
1996-07-26,635.900024
1996-07-29,630.909973
1996-07-30,635.26001
1996-07-31,639.950012
1996-08-01,650.02002
1996-08-02,662.48999
1996-08-05,660.22998
1996-08-06,662.380005
1996-08-07,664.159973
1996-08-08,662.590027
1996-08-09,662.099976
1996-08-12,665.77002
1996-08-13,660.200012
1996-08-14,662.049988
1996-08-15,662.280029
1996-08-16,665.210022
1996-08-19,666.580017
1996-08-20,665.6900019999999
1996-08-21,665.070007
1996-08-22,670.679993
1996-08-23,667.030029
1996-08-26,663.880005
1996-08-27,666.400024
1996-08-28,664.8099980000001
1996-08-29,657.400024
1996-08-30,651.98999
1996-09-03,654.719971
1996-09-04,655.6099849999999
1996-09-05,649.4400019999999
1996-09-06,655.679993
1996-09-09,663.76001
1996-09-10,663.8099980000001
1996-09-11,667.280029
1996-09-12,671.150024
1996-09-13,680.539978
1996-09-16,683.97998
1996-09-17,682.9400019999999
1996-09-18,681.469971
1996-09-19,683.0
1996-09-20,687.030029
1996-09-23,686.47998
1996-09-24,685.6099849999999
1996-09-25,685.830017
1996-09-26,685.8599849999999
1996-09-27,686.1900019999999
1996-09-30,687.330017
1996-10-01,689.080017
1996-10-02,694.01001
1996-10-03,692.780029
1996-10-04,701.460022
1996-10-07,703.340027
1996-10-08,700.6400150000001
1996-10-09,696.73999
1996-10-10,694.6099849999999
1996-10-11,700.659973
1996-10-14,703.539978
1996-10-15,702.570007
1996-10-16,704.409973
1996-10-17,706.98999
1996-10-18,710.820007
1996-10-21,709.849976
1996-10-22,706.570007
1996-10-23,707.27002
1996-10-24,702.289978
1996-10-25,700.919983
1996-10-28,697.26001
1996-10-29,701.5
1996-10-30,700.900024
1996-10-31,705.27002
1996-11-01,703.77002
1996-11-04,706.72998
1996-11-05,714.1400150000001
1996-11-06,724.590027
1996-11-07,727.650024
1996-11-08,730.820007
1996-11-11,731.869995
1996-11-12,729.5599980000001
1996-11-13,731.130005
1996-11-14,735.880005
1996-11-15,737.619995
1996-11-18,737.02002
1996-11-19,742.159973
1996-11-20,743.950012
1996-11-21,742.75
1996-11-22,748.72998
1996-11-25,757.030029
1996-11-26,755.960022
1996-11-27,755.0
1996-11-29,757.02002
1996-12-02,756.5599980000001
1996-12-03,748.280029
1996-12-04,745.099976
1996-12-05,744.380005
1996-12-06,739.599976
1996-12-09,749.76001
1996-12-10,747.539978
1996-12-11,740.72998
1996-12-12,729.299988
1996-12-13,728.6400150000001
1996-12-16,720.97998
1996-12-17,726.039978
1996-12-18,731.539978
1996-12-19,745.76001
1996-12-20,748.869995
1996-12-23,746.919983
1996-12-24,751.030029
1996-12-26,755.820007
1996-12-27,756.789978
1996-12-30,753.849976
1996-12-31,740.73999
1997-01-02,737.01001
1997-01-03,748.030029
1997-01-06,747.650024
1997-01-07,753.22998
1997-01-08,748.409973
1997-01-09,754.849976
1997-01-10,759.5
1997-01-13,759.51001
1997-01-14,768.8599849999999
1997-01-15,767.200012
1997-01-16,769.75
1997-01-17,776.169983
1997-01-20,776.700012
1997-01-21,782.719971
1997-01-22,786.22998
1997-01-23,777.5599980000001
1997-01-24,770.52002
1997-01-27,765.02002
1997-01-28,765.02002
1997-01-29,772.5
1997-01-30,784.169983
1997-01-31,786.159973
1997-02-03,786.72998
1997-02-04,789.26001
1997-02-05,778.280029
1997-02-06,780.150024
1997-02-07,789.5599980000001
1997-02-10,785.429993
1997-02-11,789.590027
1997-02-12,802.77002
1997-02-13,811.820007
1997-02-14,808.47998
1997-02-18,816.289978
1997-02-19,812.48999
1997-02-20,802.799988
1997-02-21,801.77002
1997-02-24,810.280029
1997-02-25,812.030029
1997-02-26,805.679993
1997-02-27,795.070007
1997-02-28,790.820007
1997-03-03,795.3099980000001
1997-03-04,790.950012
1997-03-05,801.98999
1997-03-06,798.5599980000001
1997-03-07,804.969971
1997-03-10,813.650024
1997-03-11,811.340027
1997-03-12,804.26001
1997-03-13,789.5599980000001
1997-03-14,793.169983
1997-03-17,795.710022
1997-03-18,789.659973
1997-03-19,785.77002
1997-03-20,782.650024
1997-03-21,784.099976
1997-03-24,790.8900150000001
1997-03-25,789.070007
1997-03-26,790.5
1997-03-27,773.880005
1997-03-31,757.119995
1997-04-01,759.6400150000001
1997-04-02,750.1099849999999
1997-04-03,750.320007
1997-04-04,757.900024
1997-04-07,762.130005
1997-04-08,766.119995
1997-04-09,760.599976
1997-04-10,758.340027
1997-04-11,737.650024
1997-04-14,743.72998
1997-04-15,754.719971
1997-04-16,763.530029
1997-04-17,761.77002
1997-04-18,766.340027
1997-04-21,760.369995
1997-04-22,774.6099849999999
1997-04-23,773.6400150000001
1997-04-24,771.179993
1997-04-25,765.369995
1997-04-28,772.960022
1997-04-29,794.049988
1997-04-30,801.340027
1997-05-01,798.530029
1997-05-02,812.969971
1997-05-05,830.289978
1997-05-06,827.76001
1997-05-07,815.619995
1997-05-08,820.26001
1997-05-09,824.780029
1997-05-12,837.659973
1997-05-13,833.130005
1997-05-14,836.039978
1997-05-15,841.8800050000001
1997-05-16,829.75
1997-05-19,833.27002
1997-05-20,841.659973
1997-05-21,839.349976
1997-05-22,835.659973
1997-05-23,847.0300289999999
1997-05-27,849.7100220000001
1997-05-28,847.2100220000001
1997-05-29,844.080017
1997-05-30,848.2800289999999
1997-06-02,846.3599849999999
1997-06-03,845.4799800000001
1997-06-04,840.1099849999999
1997-06-05,843.429993
1997-06-06,858.01001
1997-06-09,862.909973
1997-06-10,865.2700199999999
1997-06-11,869.570007
1997-06-12,883.4600220000001
1997-06-13,893.2700199999999
1997-06-16,893.900024
1997-06-17,894.419983
1997-06-18,889.0599980000001
1997-06-19,897.98999
1997-06-20,898.7000119999999
1997-06-23,878.6199949999999
1997-06-24,896.340027
1997-06-25,888.98999
1997-06-26,883.679993
1997-06-27,887.2999880000001
1997-06-30,885.1400150000001
1997-07-01,891.0300289999999
1997-07-02,904.0300289999999
1997-07-03,916.919983
1997-07-07,912.2000119999999
1997-07-08,918.75
1997-07-09,907.5399779999999
1997-07-10,913.7800289999999
1997-07-11,916.679993
1997-07-14,918.3800050000001
1997-07-15,925.76001
1997-07-16,936.590027
1997-07-17,931.6099849999999
1997-07-18,915.2999880000001
1997-07-21,912.9400019999999
1997-07-22,933.9799800000001
1997-07-23,936.5599980000001
1997-07-24,940.2999880000001
1997-07-25,938.7899779999999
1997-07-28,936.4500119999999
1997-07-29,942.2899779999999
1997-07-30,952.2899779999999
1997-07-31,954.3099980000001
1997-08-01,947.1400150000001
1997-08-04,950.2999880000001
1997-08-05,952.3699949999999
1997-08-06,960.320007
1997-08-07,951.1900019999999
1997-08-08,933.5399779999999
1997-08-11,937.0
1997-08-12,926.5300289999999
1997-08-13,922.0200199999999
1997-08-14,924.7700199999999
1997-08-15,900.8099980000001
1997-08-18,912.48999
1997-08-19,926.01001
1997-08-20,939.349976
1997-08-21,925.0499880000001
1997-08-22,923.5399779999999
1997-08-25,920.159973
1997-08-26,913.0200199999999
1997-08-27,913.7000119999999
1997-08-28,903.669983
1997-08-29,899.4699710000001
1997-09-02,927.580017
1997-09-03,927.8599849999999
1997-09-04,930.8699949999999
1997-09-05,929.0499880000001
1997-09-08,931.2000119999999
1997-09-09,933.6199949999999
1997-09-10,919.0300289999999
1997-09-11,912.590027
1997-09-12,923.909973
1997-09-15,919.7700199999999
1997-09-16,945.6400150000001
1997-09-17,943.0
1997-09-18,947.2899779999999
1997-09-19,950.51001
1997-09-22,955.429993
1997-09-23,951.929993
1997-09-24,944.4799800000001
1997-09-25,937.909973
1997-09-26,945.2199710000001
1997-09-29,953.340027
1997-09-30,947.2800289999999
1997-10-01,955.409973
1997-10-02,960.4600220000001
1997-10-03,965.0300289999999
1997-10-06,972.6900019999999
1997-10-07,983.1199949999999
1997-10-08,973.840027
1997-10-09,970.6199949999999
1997-10-10,966.9799800000001
1997-10-13,968.099976
1997-10-14,970.2800289999999
1997-10-15,965.7199710000001
1997-10-16,955.25
1997-10-17,944.159973
1997-10-20,955.6099849999999
1997-10-21,972.2800289999999
1997-10-22,968.48999
1997-10-23,950.6900019999999
1997-10-24,941.6400150000001
1997-10-27,876.98999
1997-10-28,921.849976
1997-10-29,919.159973
1997-10-30,903.679993
1997-10-31,914.6199949999999
1997-11-03,938.98999
1997-11-04,940.76001
1997-11-05,942.76001
1997-11-06,938.0300289999999
1997-11-07,927.51001
1997-11-10,921.1300050000001
1997-11-11,923.7800289999999
1997-11-12,905.9600220000001
1997-11-13,916.659973
1997-11-14,928.349976
1997-11-17,946.2000119999999
1997-11-18,938.2299800000001
1997-11-19,944.590027
1997-11-20,958.9799800000001
1997-11-21,963.090027
1997-11-24,946.669983
1997-11-25,950.820007
1997-11-26,951.6400150000001
1997-11-28,955.400024
1997-12-01,974.7700199999999
1997-12-02,971.679993
1997-12-03,976.7700199999999
1997-12-04,973.099976
1997-12-05,983.7899779999999
1997-12-08,982.3699949999999
1997-12-09,975.7800289999999
1997-12-10,969.7899779999999
1997-12-11,954.9400019999999
1997-12-12,953.3900150000001
1997-12-15,963.3900150000001
1997-12-16,968.0399779999999
1997-12-17,965.5399779999999
1997-12-18,955.2999880000001
1997-12-19,946.7800289999999
1997-12-22,953.7000119999999
1997-12-23,939.1300050000001
1997-12-24,932.7000119999999
1997-12-26,936.4600220000001
1997-12-29,953.349976
1997-12-30,970.840027
1997-12-31,970.429993
1998-01-02,975.0399779999999
1998-01-05,977.070007
1998-01-06,966.580017
1998-01-07,964.0
1998-01-08,956.0499880000001
1998-01-09,927.6900019999999
1998-01-12,939.2100220000001
1998-01-13,952.1199949999999
1998-01-14,957.9400019999999
1998-01-15,950.7299800000001
1998-01-16,961.51001
1998-01-20,978.599976
1998-01-21,970.8099980000001
1998-01-22,963.0399779999999
1998-01-23,957.590027
1998-01-26,956.9500119999999
1998-01-27,969.0200199999999
1998-01-28,977.4600220000001
1998-01-29,985.48999
1998-01-30,980.2800289999999
1998-02-02,1001.2700199999999
1998-02-03,1006.0
1998-02-04,1006.900024
1998-02-05,1003.5399779999999
1998-02-06,1012.4600220000001
1998-02-09,1010.73999
1998-02-10,1019.01001
1998-02-11,1020.01001
1998-02-12,1024.140015
1998-02-13,1020.090027
1998-02-17,1022.76001
1998-02-18,1032.079956
1998-02-19,1028.280029
1998-02-20,1034.209961
1998-02-23,1038.140015
1998-02-24,1030.560059
1998-02-25,1042.900024
1998-02-26,1048.670044
1998-02-27,1049.339966
1998-03-02,1047.699951
1998-03-03,1052.02002
1998-03-04,1047.329956
1998-03-05,1035.050049
1998-03-06,1055.689941
1998-03-09,1052.310059
1998-03-10,1064.25
1998-03-11,1068.469971
1998-03-12,1069.920044
1998-03-13,1068.609985
1998-03-16,1079.27002
1998-03-17,1080.449951
1998-03-18,1085.52002
1998-03-19,1089.73999
1998-03-20,1099.160034
1998-03-23,1095.550049
1998-03-24,1105.650024
1998-03-25,1101.930054
1998-03-26,1100.800049
1998-03-27,1095.439941
1998-03-30,1093.599976
1998-03-31,1101.75
1998-04-01,1108.150024
1998-04-02,1120.01001
1998-04-03,1122.699951
1998-04-06,1121.380005
1998-04-07,1109.550049
1998-04-08,1101.650024
1998-04-09,1110.670044
1998-04-13,1109.689941
1998-04-14,1115.75
1998-04-15,1119.319946
1998-04-16,1108.170044
1998-04-17,1122.719971
1998-04-20,1123.650024
1998-04-21,1126.670044
1998-04-22,1130.540039
1998-04-23,1119.579956
1998-04-24,1107.900024
1998-04-27,1086.540039
1998-04-28,1085.109985
1998-04-29,1094.619995
1998-04-30,1111.75
1998-05-01,1121.0
1998-05-04,1122.069946
1998-05-05,1115.5
1998-05-06,1104.920044
1998-05-07,1095.140015
1998-05-08,1108.140015
1998-05-11,1106.640015
1998-05-12,1115.790039
1998-05-13,1118.859985
1998-05-14,1117.369995
1998-05-15,1108.72998
1998-05-18,1105.819946
1998-05-19,1109.52002
1998-05-20,1119.060059
1998-05-21,1114.640015
1998-05-22,1110.469971
1998-05-26,1094.02002
1998-05-27,1092.22998
1998-05-28,1097.599976
1998-05-29,1090.819946
1998-06-01,1090.97998
1998-06-02,1093.219971
1998-06-03,1082.72998
1998-06-04,1094.829956
1998-06-05,1113.859985
1998-06-08,1115.719971
1998-06-09,1118.410034
1998-06-10,1112.280029
1998-06-11,1094.579956
1998-06-12,1098.839966
1998-06-15,1077.01001
1998-06-16,1087.589966
1998-06-17,1107.109985
1998-06-18,1106.369995
1998-06-19,1100.650024
1998-06-22,1103.209961
1998-06-23,1119.48999
1998-06-24,1132.880005
1998-06-25,1129.280029
1998-06-26,1133.199951
1998-06-29,1138.48999
1998-06-30,1133.839966
1998-07-01,1148.560059
1998-07-02,1146.420044
1998-07-06,1157.329956
1998-07-07,1154.660034
1998-07-08,1166.380005
1998-07-09,1158.560059
1998-07-10,1164.329956
1998-07-13,1165.189941
1998-07-14,1177.579956
1998-07-15,1174.810059
1998-07-16,1183.98999
1998-07-17,1186.75
1998-07-20,1184.099976
1998-07-21,1165.069946
1998-07-22,1164.079956
1998-07-23,1139.75
1998-07-24,1140.800049
1998-07-27,1147.27002
1998-07-28,1130.23999
1998-07-29,1125.209961
1998-07-30,1142.949951
1998-07-31,1120.670044
1998-08-03,1112.439941
1998-08-04,1072.119995
1998-08-05,1081.430054
1998-08-06,1089.630005
1998-08-07,1089.449951
1998-08-10,1083.140015
1998-08-11,1068.97998
1998-08-12,1084.219971
1998-08-13,1074.910034
1998-08-14,1062.75
1998-08-17,1083.670044
1998-08-18,1101.199951
1998-08-19,1098.060059
1998-08-20,1091.599976
1998-08-21,1081.23999
1998-08-24,1088.140015
1998-08-25,1092.849976
1998-08-26,1084.189941
1998-08-27,1042.589966
1998-08-28,1027.140015
1998-08-31,957.2800289999999
1998-09-01,994.26001
1998-09-02,990.4799800000001
1998-09-03,982.26001
1998-09-04,973.8900150000001
1998-09-08,1023.4600220000001
1998-09-09,1006.2000119999999
1998-09-10,980.1900019999999
1998-09-11,1009.0599980000001
1998-09-14,1029.719971
1998-09-15,1037.680054
1998-09-16,1045.47998
1998-09-17,1018.8699949999999
1998-09-18,1020.090027
1998-09-21,1023.8900150000001
1998-09-22,1029.630005
1998-09-23,1066.089966
1998-09-24,1042.719971
1998-09-25,1044.75
1998-09-28,1048.689941
1998-09-29,1049.02002
1998-09-30,1017.01001
1998-10-01,986.3900150000001
1998-10-02,1002.599976
1998-10-05,988.5599980000001
1998-10-06,984.590027
1998-10-07,970.679993
1998-10-08,959.4400019999999
1998-10-09,984.3900150000001
1998-10-12,997.7100220000001
1998-10-13,994.7999880000001
1998-10-14,1005.5300289999999
1998-10-15,1047.48999
1998-10-16,1056.420044
1998-10-19,1062.390015
1998-10-20,1063.930054
1998-10-21,1069.920044
1998-10-22,1078.47998
1998-10-23,1070.670044
1998-10-26,1072.319946
1998-10-27,1065.339966
1998-10-28,1068.089966
1998-10-29,1085.930054
1998-10-30,1098.670044
1998-11-02,1111.599976
1998-11-03,1110.839966
1998-11-04,1118.670044
1998-11-05,1133.849976
1998-11-06,1141.01001
1998-11-09,1130.199951
1998-11-10,1128.26001
1998-11-11,1120.969971
1998-11-12,1117.689941
1998-11-13,1125.719971
1998-11-16,1135.869995
1998-11-17,1139.319946
1998-11-18,1144.47998
1998-11-19,1152.609985
1998-11-20,1163.550049
1998-11-23,1188.209961
1998-11-24,1182.98999
1998-11-25,1186.869995
1998-11-27,1192.329956
1998-11-30,1163.630005
1998-12-01,1175.280029
1998-12-02,1171.25
1998-12-03,1150.140015
1998-12-04,1176.73999
1998-12-07,1187.699951
1998-12-08,1181.380005
1998-12-09,1183.48999
1998-12-10,1165.02002
1998-12-11,1166.459961
1998-12-14,1141.199951
1998-12-15,1162.829956
1998-12-16,1161.939941
1998-12-17,1179.97998
1998-12-18,1188.030029
1998-12-21,1202.839966
1998-12-22,1203.569946
1998-12-23,1228.540039
1998-12-24,1226.27002
1998-12-28,1225.48999
1998-12-29,1241.810059
1998-12-30,1231.930054
1998-12-31,1229.22998
1999-01-04,1228.099976
1999-01-05,1244.780029
1999-01-06,1272.339966
1999-01-07,1269.72998
1999-01-08,1275.089966
1999-01-11,1263.880005
1999-01-12,1239.51001
1999-01-13,1234.400024
1999-01-14,1212.189941
1999-01-15,1243.26001
1999-01-19,1252.0
1999-01-20,1256.619995
1999-01-21,1235.160034
1999-01-22,1225.189941
1999-01-25,1233.97998
1999-01-26,1252.310059
1999-01-27,1243.170044
1999-01-28,1265.369995
1999-01-29,1279.640015
1999-02-01,1273.0
1999-02-02,1261.98999
1999-02-03,1272.069946
1999-02-04,1248.48999
1999-02-05,1239.400024
1999-02-08,1243.77002
1999-02-09,1216.140015
1999-02-10,1223.550049
1999-02-11,1254.040039
1999-02-12,1230.130005
1999-02-16,1241.869995
1999-02-17,1224.030029
1999-02-18,1237.280029
1999-02-19,1239.219971
1999-02-22,1272.140015
1999-02-23,1271.180054
1999-02-24,1253.410034
1999-02-25,1245.02002
1999-02-26,1238.329956
1999-03-01,1236.160034
1999-03-02,1225.5
1999-03-03,1227.699951
1999-03-04,1246.640015
1999-03-05,1275.469971
1999-03-08,1282.72998
1999-03-09,1279.839966
1999-03-10,1286.839966
1999-03-11,1297.680054
1999-03-12,1294.589966
1999-03-15,1307.26001
1999-03-16,1306.380005
1999-03-17,1297.819946
1999-03-18,1316.550049
1999-03-19,1299.290039
1999-03-22,1297.01001
1999-03-23,1262.140015
1999-03-24,1268.589966
1999-03-25,1289.98999
1999-03-26,1282.800049
1999-03-29,1310.170044
1999-03-30,1300.75
1999-03-31,1286.369995
1999-04-01,1293.719971
1999-04-05,1321.119995
1999-04-06,1317.890015
1999-04-07,1326.890015
1999-04-08,1343.97998
1999-04-09,1348.349976
1999-04-12,1358.630005
1999-04-13,1349.819946
1999-04-14,1328.439941
1999-04-15,1322.849976
1999-04-16,1319.0
1999-04-19,1289.47998
1999-04-20,1306.170044
1999-04-21,1336.119995
1999-04-22,1358.819946
1999-04-23,1356.849976
1999-04-26,1360.040039
1999-04-27,1362.800049
1999-04-28,1350.910034
1999-04-29,1342.829956
1999-04-30,1335.180054
1999-05-03,1354.630005
1999-05-04,1332.0
1999-05-05,1347.310059
1999-05-06,1332.050049
1999-05-07,1345.0
1999-05-10,1340.300049
1999-05-11,1355.609985
1999-05-12,1364.0
1999-05-13,1367.560059
1999-05-14,1337.800049
1999-05-17,1339.48999
1999-05-18,1333.319946
1999-05-19,1344.22998
1999-05-20,1338.829956
1999-05-21,1330.290039
1999-05-24,1306.650024
1999-05-25,1284.400024
1999-05-26,1304.76001
1999-05-27,1281.410034
1999-05-28,1301.839966
1999-06-01,1294.26001
1999-06-02,1294.810059
1999-06-03,1299.540039
1999-06-04,1327.75
1999-06-07,1334.52002
1999-06-08,1317.329956
1999-06-09,1318.640015
1999-06-10,1302.819946
1999-06-11,1293.640015
1999-06-14,1294.0
1999-06-15,1301.160034
1999-06-16,1330.410034
1999-06-17,1339.900024
1999-06-18,1342.839966
1999-06-21,1349.0
1999-06-22,1335.880005
1999-06-23,1333.060059
1999-06-24,1315.780029
1999-06-25,1315.310059
1999-06-28,1331.349976
1999-06-29,1351.449951
1999-06-30,1372.709961
1999-07-01,1380.959961
1999-07-02,1391.219971
1999-07-06,1388.119995
1999-07-07,1395.859985
1999-07-08,1394.420044
1999-07-09,1403.280029
1999-07-12,1399.099976
1999-07-13,1393.560059
1999-07-14,1398.170044
1999-07-15,1409.619995
1999-07-16,1418.780029
1999-07-19,1407.650024
1999-07-20,1377.099976
1999-07-21,1379.290039
1999-07-22,1360.969971
1999-07-23,1356.939941
1999-07-26,1347.76001
1999-07-27,1362.839966
1999-07-28,1365.400024
1999-07-29,1341.030029
1999-07-30,1328.719971
1999-08-02,1328.050049
1999-08-03,1322.180054
1999-08-04,1305.329956
1999-08-05,1313.709961
1999-08-06,1300.290039
1999-08-09,1297.800049
1999-08-10,1281.430054
1999-08-11,1301.930054
1999-08-12,1298.160034
1999-08-13,1327.680054
1999-08-16,1330.77002
1999-08-17,1344.160034
1999-08-18,1332.839966
1999-08-19,1323.589966
1999-08-20,1336.609985
1999-08-23,1360.219971
1999-08-24,1363.5
1999-08-25,1381.790039
1999-08-26,1362.01001
1999-08-27,1348.27002
1999-08-30,1324.02002
1999-08-31,1320.410034
1999-09-01,1331.069946
1999-09-02,1319.109985
1999-09-03,1357.23999
1999-09-07,1350.449951
1999-09-08,1344.150024
1999-09-09,1347.660034
1999-09-10,1351.660034
1999-09-13,1344.130005
1999-09-14,1336.290039
1999-09-15,1317.969971
1999-09-16,1318.47998
1999-09-17,1335.420044
1999-09-20,1335.530029
1999-09-21,1307.579956
1999-09-22,1310.51001
1999-09-23,1280.410034
1999-09-24,1277.359985
1999-09-27,1283.310059
1999-09-28,1282.199951
1999-09-29,1268.369995
1999-09-30,1282.709961
1999-10-01,1282.810059
1999-10-04,1304.599976
1999-10-05,1301.349976
1999-10-06,1325.400024
1999-10-07,1317.640015
1999-10-08,1336.02002
1999-10-11,1335.209961
1999-10-12,1313.040039
1999-10-13,1285.550049
1999-10-14,1283.420044
1999-10-15,1247.410034
1999-10-18,1254.130005
1999-10-19,1261.319946
1999-10-20,1289.430054
1999-10-21,1283.609985
1999-10-22,1301.650024
1999-10-25,1293.630005
1999-10-26,1281.910034
1999-10-27,1296.709961
1999-10-28,1342.439941
1999-10-29,1362.930054
1999-11-01,1354.119995
1999-11-02,1347.73999
1999-11-03,1354.930054
1999-11-04,1362.640015
1999-11-05,1370.22998
1999-11-08,1377.01001
1999-11-09,1365.280029
1999-11-10,1373.459961
1999-11-11,1381.459961
1999-11-12,1396.060059
1999-11-15,1394.390015
1999-11-16,1420.069946
1999-11-17,1410.709961
1999-11-18,1424.939941
1999-11-19,1422.0
1999-11-22,1420.939941
1999-11-23,1404.640015
1999-11-24,1417.079956
1999-11-26,1416.619995
1999-11-29,1407.829956
1999-11-30,1388.910034
1999-12-01,1397.719971
1999-12-02,1409.040039
1999-12-03,1433.300049
1999-12-06,1423.329956
1999-12-07,1409.170044
1999-12-08,1403.880005
1999-12-09,1408.109985
1999-12-10,1417.040039
1999-12-13,1415.219971
1999-12-14,1403.170044
1999-12-15,1413.329956
1999-12-16,1418.780029
1999-12-17,1421.030029
1999-12-20,1418.089966
1999-12-21,1433.430054
1999-12-22,1436.130005
1999-12-23,1458.339966
1999-12-27,1457.099976
1999-12-28,1457.660034
1999-12-29,1463.459961
1999-12-30,1464.469971
1999-12-31,1469.25
